artifact_id,cisi,line,site,region,type,broad_type,symbol,cult,complete,direction,sequence_key,length
1.1,Agr-1,1,Alamgirpur,Eastern Headwaters,POT:T:g,pottery,,,Y,L/R,410-017,2
2.1,Agr-2,1,Alamgirpur,Eastern Headwaters,POT:T:g,pottery,,,Y,L/R,410-017,2
3.1,Agr-3,1,Alamgirpur,Eastern Headwaters,POT:T:g,pottery,,,Y,L/R,405-017,2
5.1,-,1,Allahdino,Lower Indus,TAG,tag,Bull,-,Y,R/L,235-740,2
6.1,Ad-1,1,Allahdino,Lower Indus,SEAL:S,seal,Bull1,-,Y,R/L,590-390-740,3
7.1,Ad-2,1,Allahdino,Lower Indus,SEAL:S,seal,Bull1:J,SAN,Y,R/L,033-125-390-368,4
8.1,Ad-3,1,Allahdino,Lower Indus,SEAL:S,seal,Bull1:II,SAN,Y,R/L,235-705-033-904-740,5
9.1,Ad-4,1,Allahdino,Lower Indus,SEAL:S,seal,Bull1:II,SAN,Y,R/L,066-741-235-495-017-740,6
10.1,Ad-5,1,Allahdino,Lower Indus,SEAL:S,seal,Bull1,SAN,Y,R/L,510-460-156,3
11.1,Ad-6,1,Allahdino,Lower Indus,SEAL:S,seal,Rhin,Trough,Y,R/L,013-840-740-170-072,5
16.1,Alt-90,1,Altyn Depe,Central Asia,SEAL:S,seal,,,Y,L/R,390-415,2
17.1,Ai-7,1,Amri,Lower Indus,POT:T:g,pottery,,,Y,L/R,390-034,2
18.1,-,1,Bakkar Buthi,Lower Indus,POT:T:g,pottery,,,Y,R/L,861-002-840-032-844-405,6
19.1,Blk-1,1,Bala-kot,Lower Indus,SEAL:S,seal,Bull1,-,Y,R/L,413-125-350-297-002-003-226,7
20.1,Blk-2,1,Bala-kot,Lower Indus,SEAL:S,seal,Bull1,R,Y,R/L,634-368-002-061-717-390,6
22.1,Blk-4,1,Bala-kot,Lower Indus,SEAL:S,seal,Bull1:II,SAN,Y,R/L,634-368-298-554-527,5
23.1,Blk-6,1,Bala-kot,Lower Indus,BNGL,other,,,Y,R/L,798-750,2
26.1,-,1,Banawali,Eastern Headwaters,SEAL:S,seal,Goat:3,,Y,R/L,001-520,2
27.1,B-1,1,Banawali,Eastern Headwaters,SEAL:S,seal,Bull1:O,HAF,Y,R/L,821-550-368-002-220-740-090,7
28.1,B-3,1,Banawali,Eastern Headwaters,SEAL:S,seal,Bull1,S520,Y,R/L,014-220,2
29.1,B-4,1,Banawali,Eastern Headwaters,SEAL:S,seal,Bull3,S390,Y,R/L,797-740,2
30.1,B-5,1,Banawali,Eastern Headwaters,SEAL:S,seal,Bull3,,Y,R/L,817-002,2
31.1,B-7,1,Banawali,Eastern Headwaters,SEAL:S,seal,Buff,,Y,R/L,817-002,2
32.1,B-8,1,Banawali,Eastern Headwaters,SEAL:S,seal,Goat:4,,Y,R/L,061-740,2
33.1,B-9,1,Banawali,Eastern Headwaters,SEAL:S,seal,Goat:3,,Y,R/L,004-390,2
36.1,B-15,1,Banawali,Eastern Headwaters,SEAL:S,seal,Rhin,,Y,R/L,817-002,2
37.1,B-17,1,Banawali,Eastern Headwaters,SEAL:S,seal,Htgr,HBF,Y,R/L,090-308-002-236,4
39.1,B-19,1,Banawali,Eastern Headwaters,SEAL:S,seal,,,Y,R/L,803-740,2
40.1,B-21,1,Banawali,Eastern Headwaters,SEAL:R,seal,,,Y,R/L,692-060-003-426,4
50.1,-,1,Bhirrana,Eastern Headwaters,SEAL:S,seal,Buff,,Y,L/R,390-003-003,3
52.1,-,1,Bhirrana,Eastern Headwaters,SEAL:S,seal,Bull1,RAN,Y,R/L,820-002-236,3
54.1,Ch-2,1,Chandigarh,Eastern Headwaters,POT:T:g,pottery,,,Y,R/L,705-050-740,3
57.1,C-87,1,Chanhu-daro,Lower Indus,TAG:P,tag,,,Y,R/L,405-740,2
58.1,C-72,1,Chanhu-daro,Lower Indus,SEAL:S,seal,Bull3,RBN,Y,L/R,740-386,2
60.1,C-80,1,Chanhu-daro,Lower Indus,SEAL:S,seal,Bull1:W,-,Y,R/L,700-892,2
61.1,C-66,1,Chanhu-daro,Lower Indus,SEAL:S,seal,Bull1:W,RAN,Y,R/L,817-002-003-390,4
64.1,C-54,1,Chanhu-daro,Lower Indus,SEAL:S,seal,Bull1:W,HAF,Y,R/L,920-060-031-592-031-032-842,7
65.1,C-59,1,Chanhu-daro,Lower Indus,SEAL:S,seal,Bull1:V,SAN,Y,R/L,235-482-740,3
66.1,C-69,1,Chanhu-daro,Lower Indus,SEAL:S,seal,Bull1:J,SAN,Y,R/L,717-575-060-844-390,5
67.1,C-75,1,Chanhu-daro,Lower Indus,SEAL:S,seal,Elep,,Y,R/L,692-060-531-740,4
68.1,C-55,1,Chanhu-daro,Lower Indus,SEAL:S,seal,Bull1,RAN,Y,R/L,892-647-741-067-740,5
69.1,C-60,1,Chanhu-daro,Lower Indus,SEAL:S,seal,Bull1:W,SAN,Y,R/L,861-002-032-176-740,5
70.1,C-70,1,Chanhu-daro,Lower Indus,SEAL:S,seal,Bull1:II,R,Y,R/L,031-032,2
70.1,C-70,2,Chanhu-daro,Lower Indus,SEAL:S,seal,Bull1:II,R,Y,R/L,235-240-740-151,4
71.1,C-53,1,Chanhu-daro,Lower Indus,SEAL:S,seal,Bull1,-,Y,R/L,031-032,2
71.1,C-53,2,Chanhu-daro,Lower Indus,SEAL:S,seal,Bull1,-,Y,R/L,861-002-235-222-740,5
72.1,C-76,1,Chanhu-daro,Lower Indus,SEAL:S,seal,Gaur,Trough,Y,R/L,031-032,2
72.1,C-76,2,Chanhu-daro,Lower Indus,SEAL:S,seal,Gaur,Trough,Y,R/L,456-741-740-530-032-850,6
73.1,C-68,1,Chanhu-daro,Lower Indus,SEAL:S,seal,Bull1,RAN,Y,R/L,031-032,2
73.1,C-68,2,Chanhu-daro,Lower Indus,SEAL:S,seal,Bull1,RAN,Y,R/L,713-791-740,3
74.1,C-58,1,Chanhu-daro,Lower Indus,SEAL:S,seal,Bull1,-,Y,R/L,031-032,2
74.1,C-58,2,Chanhu-daro,Lower Indus,SEAL:S,seal,Bull1,-,Y,R/L,861-002-235-222-740,5
75.1,C-79,1,Chanhu-daro,Lower Indus,SEAL:S,seal,-,-,Y,L/R,032,1
75.1,C-79,2,Chanhu-daro,Lower Indus,SEAL:S,seal,-,-,Y,L/R,226-032-817,3
76.1,C-74,1,Chanhu-daro,Lower Indus,SEAL:S,seal,Gaur,Trough,Y,R/L,861-002-125,3
77.1,C-51,1,Chanhu-daro,Lower Indus,SEAL:S,seal,Bull1:W,SAF,Y,R/L,240-100-740-151,4
79.1,C-56,1,Chanhu-daro,Lower Indus,SEAL:S,seal,Bull1:I,RBF,Y,R/L,767-368-001,3
80.1,C-61,1,Chanhu-daro,Lower Indus,SEAL:S,seal,Bull1,SAN,Y,R/L,388-526,2
81.1,C-78,1,Chanhu-daro,Lower Indus,SEAL:S,seal,,,Y,R/L,240-636-740,3
81.1,C-78,2,Chanhu-daro,Lower Indus,SEAL:S,seal,,,Y,R/L,817-002,2
85.1,C-63,1,Chanhu-daro,Lower Indus,SEAL:S,seal,Bull1:S,SAN,Y,R/L,055-161,2
87.1,C-67,1,Chanhu-daro,Lower Indus,SEAL:S,seal,Bull1:S,SAN,Y,R/L,817-002-803-233-520,5
88.1,C-77,1,Chanhu-daro,Lower Indus,SEAL:S,seal,T-A-T,,Y,R/L,690-151,2
88.1,C-77,2,Chanhu-daro,Lower Indus,SEAL:S,seal,T-A-T,,Y,R/L,031-032,2
89.1,C-1,1,Chanhu-daro,Lower Indus,SEAL:S,seal,Bull1,,Y,R/L,034-287-365-002-101-740-140-840-031,9
90.1,C-2,1,Chanhu-daro,Lower Indus,SEAL:S,seal,Bull1:L,SAN,Y,R/L,590-390-740,3
91.1,C-3,1,Chanhu-daro,Lower Indus,SEAL:S,seal,Bull1:W,SAN,Y,R/L,317-920-002-016-740,5
92.1,C-4,1,Chanhu-daro,Lower Indus,SEAL:S,seal,Bull1:L,RAN,Y,R/L,817-002-803-235-520,5
93.1,C-5,1,Chanhu-daro,Lower Indus,SEAL:S,seal,Bull1:I,RBF,Y,R/L,741-298-002-717-140-740,6
94.1,C-6,1,Chanhu-daro,Lower Indus,SEAL:S,seal,Bull1:J,RAN,Y,R/L,521-521-817,3
94.1,C-6,2,Chanhu-daro,Lower Indus,SEAL:S,seal,Bull1:J,RAN,Y,R/L,500-031-002-221-740-090,6
96.1,C-8,1,Chanhu-daro,Lower Indus,SEAL:S,seal,Bull1:J,SAN,Y,R/L,579-250-741-233-803-740,6
97.1,C-9,1,Chanhu-daro,Lower Indus,SEAL:S,seal,Bull1:J,SAN,Y,R/L,240-705-033-803-233-151,6
98.1,C-10,1,Chanhu-daro,Lower Indus,SEAL:S,seal,Bull1:W,SAN,Y,R/L,817-002-032-220-231-740,6
99.1,C-11,1,Chanhu-daro,Lower Indus,SEAL:S,seal,Bull1:I,-,Y,R/L,140-615-590,3
99.1,C-11,2,Chanhu-daro,Lower Indus,SEAL:S,seal,Bull1:I,-,Y,R/L,920-060-001-240-232,5
100.1,C-12,1,Chanhu-daro,Lower Indus,SEAL:S,seal,Bull1:L,SAN,Y,R/L,920-060-740-031-590-390-161,7
103.1,C-15,1,Chanhu-daro,Lower Indus,SEAL:S,seal,Bull1:W,SAN,Y,R/L,031-920-400-740,4
104.1,C-16,1,Chanhu-daro,Lower Indus,SEAL:S,seal,Bull1:L,SAN,Y,R/L,920-060-741-003-429,5
105.1,C-17,1,Chanhu-daro,Lower Indus,SEAL:S,seal,Bull1:I,Anth,Y,R/L,100-740,2
107.1,C-20,1,Chanhu-daro,Lower Indus,SEAL:S,seal,Bull1:I,SAN,Y,R/L,495-790-031-790-151,5
108.1,C-21,1,Chanhu-daro,Lower Indus,SEAL:S,seal,Bull1:II,SAN,Y,R/L,230-156,2
111.1,C-24,1,Chanhu-daro,Lower Indus,SEAL:S,seal,Tigr,-,Y,R/L,002-702-128-390,4
111.1,C-24,2,Chanhu-daro,Lower Indus,SEAL:S,seal,Tigr,-,Y,R/L,850-480-013-032-226,5
113.1,C-30,1,Chanhu-daro,Lower Indus,SEAL:S,seal,,,Y,R/L,015-140-822,3
114.1,C-32,1,Chanhu-daro,Lower Indus,SEAL:C,seal,Bull1:W,RAN,Y,R/L,632-390-400-375,4
121.1,C-40,1,Chanhu-daro,Lower Indus,IMPL,other,,,Y,R/L,016-220-776-825-005-909-095-390,8
123.1,Dlp-1,1,Desalpur,Gujarat/Kutch,SEAL:R,seal,,,Y,R/L,817-013-240-233-324-920-740,7
127.1,-,1,Dholavira,Gujarat/Kutch,SEAL:S,seal,Bull1:W,RCF,Y,R/L,032-892-151,3
128.1,-,1,Dholavira,Gujarat/Kutch,SEAL:S,seal,Bull1:S,SAN,Y,R/L,019-156,2
129.1,-,1,Dholavira,Gujarat/Kutch,SEAL:S,seal,Bull1:J,HBF,Y,R/L,808-093,2
130.1,-,1,Dholavira,Gujarat/Kutch,SEAL:S,seal,Bull1:W,S??,Y,R/L,165-244,2
130.1,-,2,Dholavira,Gujarat/Kutch,SEAL:S,seal,Bull1:W,S??,Y,R/L,861-002-803-416-220-879-740,7
131.1,-,1,Dholavira,Gujarat/Kutch,SEAL:S,seal,Bull1:S,SAN,Y,R/L,495-460-520,3
132.1,-,1,Dholavira,Gujarat/Kutch,SEAL:S,seal,Tigr,,Y,R/L,861-002-416-740,4
133.1,-,1,Dholavira,Gujarat/Kutch,SEAL:S,seal,,,Y,R/L,460-520,2
134.1,-,1,Dholavira,Gujarat/Kutch,SEAL:R,seal,,,Y,R/L,705-717-388-154,4
135.1,-,1,Dholavira,Gujarat/Kutch,SEAL:R,seal,,,Y,R/L,032-790-407-590,4
136.1,-,1,Dholavira,Gujarat/Kutch,SEAL:R,seal,,,Y,R/L,861-002-016-390,4
137.1,-,1,Dholavira,Gujarat/Kutch,SEAL:R,seal,,,Y,L/R,617-142,2
138.1,-,1,Dholavira,Gujarat/Kutch,SEAL:R,seal,,,Y,R/L,233-706-033-520,4
139.1,-,1,Dholavira,Gujarat/Kutch,SEAL:R,seal,,,Y,R/L,590-407-100-740,4
144.1,-,1,Dholavira,Gujarat/Kutch,MISC,other,,,Y,R/L,820-611-388-820-850-645-031-821-798,9
145.1,Dlv-1,1,Dholavira,Gujarat/Kutch,SEAL:S,seal,Bull1:J,HBN,Y,R/L,861-002-031-382-151,5
149.1,-,1,Farmana,Eastern Headwaters,SEAL:S,seal,Bull1,S520,Y,L/R,240-220,2
150.1,-,1,Farmana,Eastern Headwaters,TAG,tag,Bull1,-,Y,R/L,445-760-740,3
151.1,-,1,Farmana,Eastern Headwaters,SEAL:S,seal,Buff,S520,Y,R/L,032-220,2
153.1,-,1,Farmana,Eastern Headwaters,SEAL:S,seal,Bull1:J,RAN,Y,R/L,371-390,2
153.2,-,1,Farmana,Eastern Headwaters,SEAL:S,seal,Bull1:J,RAN,Y,R/L,371-390,2
157.1,Grb-1,1,Gharo Bhiro,Lower Indus,SEAL:R,seal,,,Y,R/L,838-923-740,3
158.1,-,1,Gola Dhoro (Bagasra),Gujarat/Kutch,SEAL:S,seal,Bull1:I,SAN,Y,R/L,861-893-140-236,4
160.1,-,1,Hajar,Persian Gulf,TAB:I,tablet,Gaur,,Y,R/L,117-617,2
162.2,H-1189,1,Harappa,Inter-Riverine,TAB:I,tablet,,,Y,R/L,255-033,2
170.1,H-1397,1,Harappa,Inter-Riverine,MISC,other,-,,Y,R/L,914-740-527,3
173.1,H-1086,1,Harappa,Inter-Riverine,POT:T:s,pottery,,,Y,R/L,016-220,2
176.1,H-1085,1,Harappa,Inter-Riverine,POT:T:s,pottery,,,Y,R/L,033-235,2
181.1,H-1422,1,Harappa,Inter-Riverine,POT:T:g,pottery,,,Y,R/L,142-740,2
198.1,H-1138,1,Harappa,Inter-Riverine,TAB:B,tablet,,,Y,R/L,692-060-240-603-740,5
198.2,H-1138,1,Harappa,Inter-Riverine,TAB:B,tablet,,,Y,R/L,034-700,2
199.1,H-423,1,Harappa,Inter-Riverine,SEAL:S,seal,Bull1,-,Y,R/L,692-060-798-240-220-520,6
205.1,H-661,1,Harappa,Inter-Riverine,SEAL:R,seal,,,Y,R/L,806-055-740,3
212.1,-,1,Harappa,Inter-Riverine,TAB:B,tablet,,,Y,R/L,033-700,2
217.1,H-294,1,Harappa,Inter-Riverine,TAB:I,tablet,S590,,Y,R/L,220-240-740-090,4
218.2,H-1177,1,Harappa,Inter-Riverine,TAB:I,tablet,,,Y,R/L,720-033,2
220.1,H-1142,1,Harappa,Inter-Riverine,TAB:B,tablet,Fish,,Y,L/R,400-154-440-220,4
221.1,H-1326,1,Harappa,Inter-Riverine,TAB:I,tablet,Bult,,Y,R/L,415-220-520,3
222.1,H-1354,1,Harappa,Inter-Riverine,TAB:I,tablet,Bult,,Y,R/L,415-578-032-824,4
222.2,H-1354,1,Harappa,Inter-Riverine,TAB:I,tablet,Bult,,Y,R/L,799-840-714-740,4
222.3,H-1354,1,Harappa,Inter-Riverine,TAB:I,tablet,Bult,,Y,R/L,034-700,2
225.1,-,1,Harappa,Inter-Riverine,TAB:B,tablet,,,Y,R/L,219-740-804,3
225.2,-,1,Harappa,Inter-Riverine,TAB:B,tablet,,,Y,R/L,033-700,2
228.1,-,1,Harappa,Inter-Riverine,TAB:I,tablet,,,Y,R/L,032-001-904-031-740,5
229.1,H-1312,1,Harappa,Inter-Riverine,TAB:I,tablet,,,Y,R/L,032-001-904-031-740,5
229.2,H-1312,1,Harappa,Inter-Riverine,TAB:I,tablet,,,Y,R/L,032-700,2
232.1,H-1355,1,Harappa,Inter-Riverine,TAB:I,tablet,Bult,,Y,L/R,390-035,2
233.1,H-1047,1,Harappa,Inter-Riverine,SEAL:S,seal,Bull1:W,SAN,Y,R/L,905-745-004-405,4
234.1,-,1,Harappa,Inter-Riverine,TAB:I,tablet,,,Y,L/R,868-705-590,3
234.2,-,1,Harappa,Inter-Riverine,TAB:I,tablet,,,Y,R/L,255-435-156-400,4
235.1,-,1,Harappa,Inter-Riverine,TAB:I,tablet,,,Y,R/L,495-776,2
236.1,-,1,Harappa,Inter-Riverine,MISC,other,,,Y,R/L,550-060,2
237.1,H-1056,1,Harappa,Inter-Riverine,SEAL:S,seal,Bull1,-,Y,R/L,003-220-740-090-400,5
240.1,H-73,1,Harappa,Inter-Riverine,SEAL:S,seal,Bull1:I,,Y,R/L,231-151,2
244.1,-,1,Harappa,Inter-Riverine,MISC,other,,,Y,R/L,400-031-384-156,4
246.1,H-1045,1,Harappa,Inter-Riverine,SEAL:S,seal,Bull1:U,RAN,Y,R/L,820-002-005-900-740,5
248.1,H-1513,1,Harappa,Inter-Riverine,TAB:I,tablet,,,Y,R/L,554-740,2
249.1,H-1133,1,Harappa,Inter-Riverine,TAB:B,tablet,,,Y,R/L,831-892-400,3
249.2,H-1133,1,Harappa,Inter-Riverine,TAB:B,tablet,,,Y,R/L,032-700,2
250.2,H-1166,1,Harappa,Inter-Riverine,TAB:I,tablet,Bult,,Y,R/L,705-167,2
255.1,H-1319,1,Harappa,Inter-Riverine,TAB:I,tablet,,,Y,R/L,032-700,2
255.2,H-1319,1,Harappa,Inter-Riverine,TAB:I,tablet,,,Y,R/L,678-400,2
257.1,H-1309,1,Harappa,Inter-Riverine,TAB:I,tablet,,,Y,L/R,156-176-741-060-920,5
257.2,H-1309,1,Harappa,Inter-Riverine,TAB:I,tablet,,,Y,L/R,700-032,2
258.1,H-1121,1,Harappa,Inter-Riverine,TAB:B,tablet,,,Y,L/R,400-520-220-016,4
259.1,H-1051,1,Harappa,Inter-Riverine,SEAL:S,seal,Bull1:I,SAN,Y,R/L,861-002-798-320-920-017-575-740-400,9
260.1,-,1,Harappa,Inter-Riverine,TAB:I,tablet,,,Y,R/L,033-700,2
260.2,-,1,Harappa,Inter-Riverine,TAB:I,tablet,,,Y,R/L,176-740-400,3
261.1,H-1052,1,Harappa,Inter-Riverine,SEAL:S,seal,Bull1,SAN,Y,R/L,240-233-503,3
264.1,H-1287,1,Harappa,Inter-Riverine,TAB:I,tablet,,,Y,R/L,032-140-156-400,4
264.2,H-1287,1,Harappa,Inter-Riverine,TAB:I,tablet,,,Y,R/L,033-700,2
265.1,H-1273,1,Harappa,Inter-Riverine,TAB:I,tablet,,,Y,R/L,176-740-400,3
265.2,H-1273,1,Harappa,Inter-Riverine,TAB:I,tablet,,,Y,R/L,034-700,2
266.1,H-1158,1,Harappa,Inter-Riverine,TAB:I,tablet,Gavi,,Y,L/R,400-740-760-605,4
267.1,-,1,Harappa,Inter-Riverine,TAB:I,tablet,,,Y,L/R,400-740-176,3
268.1,H-1188,1,Harappa,Inter-Riverine,TAB:I,tablet,,,Y,R/L,033-700,2
270.2,H-1156,1,Harappa,Inter-Riverine,TAB:B,tablet,,,Y,R/L,032-700,2
273.1,H-1102,1,Harappa,Inter-Riverine,TAB:B,tablet,,,Y,R/L,382-740-400,3
273.2,H-1102,1,Harappa,Inter-Riverine,TAB:B,tablet,,,Y,R/L,032-700,2
274.1,-,1,Harappa,Inter-Riverine,TAB:I,tablet,,,Y,R/L,255-435-154,3
274.2,-,1,Harappa,Inter-Riverine,TAB:I,tablet,,,Y,R/L,034-700,2
280.1,-,1,Harappa,Inter-Riverine,TAB:B,tablet,Bull2,SAN,Y,R/L,817-002-240-904-740,5
280.2,-,1,Harappa,Inter-Riverine,TAB:B,tablet,Bull2,SAN,Y,R/L,032-700,2
281.1,H-1331,1,Harappa,Inter-Riverine,TAB:I,tablet,,,Y,R/L,098-400,2
282.1,H-1330,1,Harappa,Inter-Riverine,TAB:I,tablet,,,Y,R/L,032-700,2
282.2,H-1330,1,Harappa,Inter-Riverine,TAB:I,tablet,,,Y,R/L,220-520,2
284.1,H-1030,1,Harappa,Inter-Riverine,SEAL:S,seal,Bull1:W,RAF,Y,R/L,861-002-103-740-090,5
288.1,H-1402,1,Harappa,Inter-Riverine,POT:T:g,pottery,,,Y,R/L,820-798-740,3
290.1,H-1112,1,Harappa,Inter-Riverine,TAB:B,tablet,,,Y,R/L,700-033,2
291.1,-,1,Harappa,Inter-Riverine,TAB:B,tablet,Gavi,,Y,R/L,803-415-220-318-920-255-436-690-590-407-740,11
292.1,H-1032,1,Harappa,Inter-Riverine,SEAL:S,seal,Bull1:W,SAN,Y,R/L,003-140-100-740,4
293.1,H-1033,1,Harappa,Inter-Riverine,SEAL:S,seal,Bull1:W,-,Y,R/L,032-862-002-520-500-220,6
294.1,H-161,1,Harappa,Inter-Riverine,SEAL:R,seal,,,Y,R/L,233-315-921-070-760-740,6
295.1,H-1187,1,Harappa,Inter-Riverine,TAB:I,tablet,Bult,,Y,R/L,413-892-824,3
295.2,H-1187,1,Harappa,Inter-Riverine,TAB:I,tablet,Bult,,Y,R/L,924-740,2
297.1,H-874,1,Harappa,Inter-Riverine,TAB:B,tablet,,,Y,R/L,240-233-520,3
297.2,H-874,1,Harappa,Inter-Riverine,TAB:B,tablet,,,Y,R/L,455-740-400,3
300.1,-,1,Harappa,Inter-Riverine,TAB:B,tablet,,,Y,R/L,851-741-048-740,4
300.2,-,1,Harappa,Inter-Riverine,TAB:B,tablet,,,Y,R/L,413-575-335-711-033-700,6
303.1,H-1043,1,Harappa,Inter-Riverine,SEAL:S,seal,Bull1:W,HBF,Y,R/L,861-002-003-220-760-151,6
306.1,H-1080,1,Harappa,Inter-Riverine,SEAL:R,seal,,,Y,R/L,176-100-740,3
308.1,-,1,Harappa,Inter-Riverine,TAB:I,tablet,,,Y,R/L,033-700,2
309.1,-,1,Harappa,Inter-Riverine,TAB:I,tablet,Pipal,,Y,L/R,740-785-004,3
310.1,H-911,1,Harappa,Inter-Riverine,TAB:I,tablet,,,Y,R/L,033-590-416,3
310.2,H-911,1,Harappa,Inter-Riverine,TAB:I,tablet,,,Y,R/L,255-033,2
311.1,H-1192,1,Harappa,Inter-Riverine,TAB:I,tablet,,,Y,R/L,416-220-767-740-400,5
311.2,H-1192,1,Harappa,Inter-Riverine,TAB:I,tablet,,,Y,R/L,004-220-700,3
313.1,H-1123,1,Harappa,Inter-Riverine,TAB:B,tablet,,,Y,R/L,220-550-525,3
313.2,H-1123,1,Harappa,Inter-Riverine,TAB:B,tablet,,,Y,R/L,032-700,2
315.1,H-1517,1,Harappa,Inter-Riverine,ROD,other,,,Y,R/L,002-005-405,3
316.1,-,1,Harappa,Inter-Riverine,TAB:B,tablet,,,Y,R/L,240-904-740,3
316.2,-,1,Harappa,Inter-Riverine,TAB:B,tablet,,,Y,R/L,700-033,2
317.1,H-1321,1,Harappa,Inter-Riverine,TAB:B,tablet,,,Y,R/L,032-226-400,3
317.2,H-1321,1,Harappa,Inter-Riverine,TAB:B,tablet,,,Y,R/L,032-700,2
318.1,H-1028,1,Harappa,Inter-Riverine,SEAL:S,seal,Bull1:W,SAN,Y,R/L,016-220,2
319.1,H-1077,1,Harappa,Inter-Riverine,SEAL:R,seal,,,Y,R/L,001-900-165-400-255-400,6
321.1,-,1,Unknown,Other,SEAL:S,seal,Bull1:J,RBF,Y,R/L,066-741-103-740-090,5
322.1,H-1027,1,Harappa,Inter-Riverine,SEAL:S,seal,Bull1:W,SAN,Y,R/L,803-415-231-706-033-520,6
370.1,H-2016,1,Harappa,Inter-Riverine,TAB:B,tablet,,,Y,R/L,491-920-002-176-740-335-740-317,8
370.2,H-2016,1,Harappa,Inter-Riverine,TAB:B,tablet,,,Y,R/L,413-575-335-740-032-700,6
371.1,H-1771,1,Harappa,Inter-Riverine,TAB:B,tablet,Goat:4,,Y,L/R,700-032,2
371.2,H-1771,1,Harappa,Inter-Riverine,TAB:B,tablet,Goat:4,,Y,L/R,740-031-001-140,4
373.1,H-1924,1,Harappa,Inter-Riverine,TAB:B,tablet,,,Y,R/L,700-033,2
373.2,H-1924,1,Harappa,Inter-Riverine,TAB:B,tablet,,,Y,R/L,435-003-550,3
374.2,H-1893,1,Harappa,Inter-Riverine,TAB:B,tablet,,,Y,R/L,550-060-003-390,4
375.1,H-1881,1,Harappa,Inter-Riverine,TAB:B,tablet,,,Y,R/L,036-700,2
375.2,H-1881,1,Harappa,Inter-Riverine,TAB:B,tablet,,,Y,R/L,171-033-700-415,4
377.2,H-1878,1,Harappa,Inter-Riverine,TAB:B,tablet,,,Y,R/L,705-167,2
378.1,H-1776,1,Harappa,Inter-Riverine,TAB:B,tablet,Elep,,Y,R/L,550-060-590-390-740,5
379.1,H-1996,1,Harappa,Inter-Riverine,TAB:B,tablet,,,Y,R/L,005-405,2
382.1,H-1894,1,Harappa,Inter-Riverine,TAB:B,tablet,,,Y,R/L,034-700,2
382.2,H-1894,1,Harappa,Inter-Riverine,TAB:B,tablet,,,Y,R/L,140-061-740-400,4
383.1,H-1773,1,Harappa,Inter-Riverine,TAB:B,tablet,Goat:4,,Y,L/R,700-032,2
383.2,H-1773,1,Harappa,Inter-Riverine,TAB:B,tablet,Goat:4,,Y,L/R,740-031-001-140,4
386.1,H-1853,1,Harappa,Inter-Riverine,TAB:B,tablet,,,Y,R/L,032-700,2
386.2,H-1853,1,Harappa,Inter-Riverine,TAB:B,tablet,,,Y,R/L,829-617-400,3
388.1,H-1874,1,Harappa,Inter-Riverine,TAB:B,tablet,,,Y,R/L,034-700,2
389.1,H-2049,1,Harappa,Inter-Riverine,TAB:I,tablet,Bult,,Y,R/L,705-167,2
390.1,H-2063,1,Harappa,Inter-Riverine,TAB:I,tablet,,,Y,R/L,590-706-868,3
390.2,H-2063,1,Harappa,Inter-Riverine,TAB:I,tablet,,,Y,R/L,255-435-156-400,4
392.1,H-1858,1,Harappa,Inter-Riverine,TAB:B,tablet,,,Y,R/L,700-033,2
392.2,H-1858,1,Harappa,Inter-Riverine,TAB:B,tablet,,,Y,R/L,137-400,2
393.1,H-1981,1,Harappa,Inter-Riverine,TAB:B,tablet,Tri4,,Y,R/L,034-700,2
394.1,H-1987,1,Harappa,Inter-Riverine,TAB:B,tablet,,,Y,R/L,034-700,2
394.2,H-1987,1,Harappa,Inter-Riverine,TAB:B,tablet,,,Y,R/L,590-741-371-455-004-390,6
396.1,H-1877,1,Harappa,Inter-Riverine,TAB:B,tablet,,,Y,R/L,700-034,2
396.2,H-1877,1,Harappa,Inter-Riverine,TAB:B,tablet,,,Y,R/L,516-775-400,3
397.1,H-2141,1,Harappa,Inter-Riverine,TAB:I,tablet,,,Y,R/L,034-700,2
397.2,H-2141,1,Harappa,Inter-Riverine,TAB:I,tablet,,,Y,R/L,231-176-740-565,4
400.1,H-1772,1,Harappa,Inter-Riverine,TAB:B,tablet,Goat:4,,Y,R/L,032-700,2
400.2,H-1772,1,Harappa,Inter-Riverine,TAB:B,tablet,Goat:4,,Y,L/R,740-031-001-140,4
401.1,H-2003,1,Harappa,Inter-Riverine,TAB:B,tablet,Mult,,Y,R/L,817-002-004-390,4
402.2,H-2015,1,Harappa,Inter-Riverine,TAB:B,tablet,,,Y,L/R,520-033-705-235-832-002-817,7
403.1,H-1920,1,Harappa,Inter-Riverine,TAB:B,tablet,,,Y,R/L,126-515-740,3
405.1,H-2192,1,Harappa,Inter-Riverine,TAB:I,tablet,,,Y,R/L,817-368-690,3
405.2,H-2192,1,Harappa,Inter-Riverine,TAB:I,tablet,,,Y,R/L,171-032-031-240-630-740,6
406.1,H-1895,1,Harappa,Inter-Riverine,TAB:B,tablet,,,Y,L/R,700-034,2
406.2,H-1895,1,Harappa,Inter-Riverine,TAB:B,tablet,,,Y,L/R,400-740-100-240,4
407.1,H-2213,1,Harappa,Inter-Riverine,TAB:I,tablet,,,Y,R/L,033-700,2
407.2,H-2213,1,Harappa,Inter-Riverine,TAB:I,tablet,,,Y,R/L,415-578-032-824,4
407.3,H-2213,1,Harappa,Inter-Riverine,TAB:I,tablet,,,Y,R/L,799-840-760-740,4
409.1,H-1942,1,Harappa,Inter-Riverine,TAB:B,tablet,Bult,,Y,R/L,700-032,2
409.2,H-1942,1,Harappa,Inter-Riverine,TAB:B,tablet,Bult,,Y,R/L,861-002-035-405,4
410.1,H-1897,1,Harappa,Inter-Riverine,TAB:B,tablet,,,Y,R/L,700-033,2
410.2,H-1897,1,Harappa,Inter-Riverine,TAB:B,tablet,,,Y,R/L,240-904-740-400,4
411.1,H-1865,1,Harappa,Inter-Riverine,TAB:B,tablet,,,Y,R/L,032-700,2
414.1,H-1915,1,Harappa,Inter-Riverine,TAB:B,tablet,,,Y,R/L,033-700,2
414.2,H-1915,1,Harappa,Inter-Riverine,TAB:B,tablet,,,Y,R/L,491-920-032,3
415.1,H-1832,1,Harappa,Inter-Riverine,TAB:B,tablet,,,Y,R/L,034-700,2
415.2,H-1832,1,Harappa,Inter-Riverine,TAB:B,tablet,,,Y,R/L,176-740-590-892-352-297-400,7
416.1,H-2035,1,Harappa,Inter-Riverine,TAB:I,tablet,Gavi,,Y,R/L,233-220,2
417.1,H-1957,1,Harappa,Inter-Riverine,TAB:B,tablet,Mult,,Y,R/L,090-400,2
418.1,H-2140,1,Harappa,Inter-Riverine,TAB:I,tablet,,,Y,R/L,034-700,2
418.2,H-2140,1,Harappa,Inter-Riverine,TAB:I,tablet,,,Y,R/L,231-176-740-565,4
419.1,H-1898,1,Harappa,Inter-Riverine,TAB:B,tablet,,,Y,R/L,033-700,2
419.2,H-1898,1,Harappa,Inter-Riverine,TAB:B,tablet,,,Y,R/L,741-368-400,3
420.1,H-2174,1,Harappa,Inter-Riverine,TAB:I,tablet,Fish,,Y,R/L,717-415-100-090,4
422.1,H-1943,1,Harappa,Inter-Riverine,TAB:B,tablet,Bult,,Y,R/L,034-700,2
422.2,H-1943,1,Harappa,Inter-Riverine,TAB:B,tablet,Bult,,Y,R/L,031-384-740,3
423.1,H-1997,1,Harappa,Inter-Riverine,TAB:B,tablet,Mult,,Y,R/L,235-176-740-400,4
424.1,H-1845,1,Harappa,Inter-Riverine,TAB:B,tablet,,,Y,R/L,034-700,2
424.2,H-1845,1,Harappa,Inter-Riverine,TAB:B,tablet,,,Y,R/L,692-060-240-642-740,5
425.1,H-2125,1,Harappa,Inter-Riverine,TAB:I,tablet,,,Y,R/L,033-700,2
425.2,H-2125,1,Harappa,Inter-Riverine,TAB:I,tablet,,,Y,R/L,067-143-740,3
426.1,H-1714,1,Harappa,Inter-Riverine,SEAL:R,seal,,,Y,R/L,032-790-407,3
427.1,H-1854,1,Harappa,Inter-Riverine,TAB:B,tablet,,,Y,R/L,034-700,2
427.2,H-1854,1,Harappa,Inter-Riverine,TAB:B,tablet,,,Y,R/L,717-740-400,3
430.1,H-1673,1,Harappa,Inter-Riverine,SEAL:S,seal,Bull1:W,SAN,Y,R/L,104-004-405,3
433.1,H-1905,1,Harappa,Inter-Riverine,TAB:B,tablet,,,Y,L/R,740-843,2
433.2,H-1905,1,Harappa,Inter-Riverine,TAB:B,tablet,,,Y,R/L,033-700,2
434.1,H-2570,1,Harappa,Inter-Riverine,ROD,other,,,Y,R/L,001-034-700,3
437.1,H-1912,1,Harappa,Inter-Riverine,TAB:B,tablet,,,Y,L/R,033-700,2
437.2,H-1912,1,Harappa,Inter-Riverine,TAB:B,tablet,,,Y,L/R,520-240,2
438.2,H-1866,1,Harappa,Inter-Riverine,TAB:B,tablet,,,Y,R/L,413-892-824,3
448.1,H-1967,1,Harappa,Inter-Riverine,TAB:B,tablet,Mult,,Y,R/L,820-002-382-760-382,5
453.1,H-1909,1,Harappa,Inter-Riverine,TAB:B,tablet,,,Y,R/L,032-700,2
453.2,H-1909,1,Harappa,Inter-Riverine,TAB:B,tablet,,,Y,R/L,491-817-740,3
454.1,H-1778,1,Harappa,Inter-Riverine,TAB:B,tablet,Gavi,,Y,R/L,491-817-740,3
455.1,H-2076,1,Harappa,Inter-Riverine,TAB:I,tablet,,,Y,L/R,740-760-240,3
458.1,H-1940,1,Harappa,Inter-Riverine,TAB:B,tablet,Bult,,Y,L/R,700-033,2
458.2,H-1940,1,Harappa,Inter-Riverine,TAB:B,tablet,Bult,,Y,L/R,400-740-067-100,4
459.1,H-1991,1,Harappa,Inter-Riverine,TAB:B,tablet,,,Y,R/L,413-892-824,3
459.2,H-1991,1,Harappa,Inter-Riverine,TAB:B,tablet,,,Y,R/L,415-100-740,3
461.1,H-1919,1,Harappa,Inter-Riverine,TAB:B,tablet,,,Y,R/L,031-700,2
461.2,H-1919,1,Harappa,Inter-Riverine,TAB:B,tablet,,,Y,R/L,892-740,2
463.1,H-1827,1,Harappa,Inter-Riverine,TAB:B,tablet,,,Y,R/L,817-368-690-032-700,5
463.2,H-1827,1,Harappa,Inter-Riverine,TAB:B,tablet,,,Y,R/L,176-740-400,3
464.1,H-585,1,Harappa,Inter-Riverine,SEAL:S,seal,Zebu,,Y,R/L,003-390,2
466.1,H-1882,1,Harappa,Inter-Riverine,TAB:B,tablet,,,Y,R/L,820-002,2
466.2,H-1882,1,Harappa,Inter-Riverine,TAB:B,tablet,,,Y,R/L,003-861,2
467.1,H-1825,1,Harappa,Inter-Riverine,TAB:B,tablet,,,Y,L/R,700-034,2
467.2,H-1825,1,Harappa,Inter-Riverine,TAB:B,tablet,,,Y,L/R,740-176-220,3
468.1,H-1876,1,Harappa,Inter-Riverine,TAB:B,tablet,,,Y,R/L,700-034,2
468.2,H-1876,1,Harappa,Inter-Riverine,TAB:B,tablet,,,Y,R/L,516-775-400,3
469.1,H-2077,1,Harappa,Inter-Riverine,TAB:I,tablet,,,Y,L/R,740-760-240,3
470.1,H-2215,1,Harappa,Inter-Riverine,TAB:I,tablet,,,Y,R/L,033-700,2
472.1,H-2084,1,Harappa,Inter-Riverine,TAB:I,tablet,,,Y,R/L,235-555-526,3
472.2,H-2084,1,Harappa,Inter-Riverine,TAB:I,tablet,,,Y,R/L,413-892-824,3
476.1,H-2094,1,Harappa,Inter-Riverine,TAB:I,tablet,,,Y,R/L,034-700,2
476.2,H-2094,1,Harappa,Inter-Riverine,TAB:I,tablet,,,Y,R/L,416-861-002,3
477.1,H-1804,1,Harappa,Inter-Riverine,TAB:B,tablet,,,Y,R/L,032-700,2
479.1,H-1669,1,Harappa,Inter-Riverine,SEAL:S,seal,Bull1:W,SAN,Y,R/L,920-060-415-220-520,5
480.1,H-1850,1,Harappa,Inter-Riverine,TAB:B,tablet,,,Y,R/L,034-700,2
480.2,H-1850,1,Harappa,Inter-Riverine,TAB:B,tablet,,,Y,R/L,382-760-740-400,4
481.1,H-2148,1,Harappa,Inter-Riverine,TAB:I,tablet,,,Y,R/L,415-220-520,3
484.1,H-2246,1,Harappa,Inter-Riverine,TAB:I,tablet,Bult,,Y,R/L,034-700,2
484.2,H-2246,1,Harappa,Inter-Riverine,TAB:I,tablet,Bult,,Y,R/L,415-578-032-824,4
484.3,H-2246,1,Harappa,Inter-Riverine,TAB:I,tablet,Bult,,Y,R/L,799-840-760-740,4
485.1,H-1953,1,Harappa,Inter-Riverine,TAB:B,tablet,Zebu,,Y,R/L,220-032-700,3
485.2,H-1953,1,Harappa,Inter-Riverine,TAB:B,tablet,Zebu,,Y,R/L,803-240-415-220-520,5
488.1,H-2097,1,Harappa,Inter-Riverine,TAB:I,tablet,,,Y,R/L,700-034,2
488.2,H-2097,1,Harappa,Inter-Riverine,TAB:I,tablet,,,Y,R/L,416-861-002,3
489.1,H-2210,1,Harappa,Inter-Riverine,TAB:I,tablet,Bult,,Y,R/L,003-390,2
490.1,H-2184,1,Harappa,Inter-Riverine,TAB:I,tablet,,,Y,R/L,032-700,2
490.2,H-2184,1,Harappa,Inter-Riverine,TAB:I,tablet,,,Y,R/L,015-032-740-400,4
491.1,H-2127,1,Harappa,Inter-Riverine,TAB:I,tablet,,,Y,R/L,220-142-590-455,4
491.2,H-2127,1,Harappa,Inter-Riverine,TAB:I,tablet,,,Y,R/L,920-060-741-350-504,5
494.1,H-741,1,Harappa,Inter-Riverine,TAB:B,tablet,,SAN,Y,R/L,175-176-100-740-400,5
497.1,H-1836,1,Harappa,Inter-Riverine,TAB:B,tablet,,,Y,R/L,032-700,2
498.1,H-1921,1,Harappa,Inter-Riverine,TAB:B,tablet,,,Y,R/L,033-700-125,3
499.1,H-1862,1,Harappa,Inter-Riverine,TAB:B,tablet,,,Y,L/R,700-033-368-091,4
499.2,H-1862,1,Harappa,Inter-Riverine,TAB:B,tablet,,,Y,L/R,700-033-400-740-388,5
501.1,H-2576,1,Harappa,Inter-Riverine,BNGL,other,,,Y,R/L,556-534,2
502.1,H-1664,1,Harappa,Inter-Riverine,SEAL:S,seal,Bull1:W,SAN,Y,R/L,003-405,2
504.1,H-1932,1,Harappa,Inter-Riverine,TAB:B,tablet,Gavi,,Y,R/L,700-032,2
506.1,H-1867,1,Harappa,Inter-Riverine,TAB:B,tablet,,,Y,R/L,034-700,2
506.2,H-1867,1,Harappa,Inter-Riverine,TAB:B,tablet,,,Y,R/L,221-740-151,3
508.1,H-1869,1,Harappa,Inter-Riverine,TAB:B,tablet,,,Y,R/L,034-700,2
508.2,H-1869,1,Harappa,Inter-Riverine,TAB:B,tablet,,,Y,R/L,222-740-151,3
509.1,H-1868,1,Harappa,Inter-Riverine,TAB:B,tablet,,,Y,R/L,034-700,2
509.2,H-1868,1,Harappa,Inter-Riverine,TAB:B,tablet,,,Y,R/L,222-740-151,3
510.1,H-1916,1,Harappa,Inter-Riverine,TAB:B,tablet,,,Y,R/L,004-700,2
510.2,H-1916,1,Harappa,Inter-Riverine,TAB:B,tablet,,,Y,R/L,832-255-070-520,4
512.2,H-1816,1,Harappa,Inter-Riverine,TAB:B,tablet,,,Y,R/L,240-705-033-550-525-400,6
513.1,H-1671,1,Harappa,Inter-Riverine,SEAL:S,seal,Bull1:S,RAN,Y,R/L,032-420-455-002-061-740,6
515.1,H-1908,1,Harappa,Inter-Riverine,TAB:B,tablet,,,Y,R/L,033-700,2
515.2,H-1908,1,Harappa,Inter-Riverine,TAB:B,tablet,,,Y,R/L,240-520,2
516.1,H-1938,1,Harappa,Inter-Riverine,TAB:B,tablet,Bult,,Y,R/L,700-033,2
516.2,H-1938,1,Harappa,Inter-Riverine,TAB:B,tablet,Bult,,Y,R/L,255-435-690-740,4
518.1,H-2095,1,Harappa,Inter-Riverine,TAB:I,tablet,,,Y,R/L,034-700,2
518.2,H-2095,1,Harappa,Inter-Riverine,TAB:I,tablet,,,Y,R/L,416-861-002,3
519.1,H-2186,1,Harappa,Inter-Riverine,TAB:I,tablet,,,Y,R/L,032-700,2
519.2,H-2186,1,Harappa,Inter-Riverine,TAB:I,tablet,,,Y,R/L,390-155-004-390,4
520.1,H-2034,1,Harappa,Inter-Riverine,TAB:I,tablet,Goat,,Y,R/L,098-400,2
526.1,H-1770,1,Harappa,Inter-Riverine,TAB:B,tablet,Gaur,Trough,Y,R/L,233-520-400,3
530.1,H-1677,1,Harappa,Inter-Riverine,SEAL:S,seal,Bull1,SAN,Y,R/L,140-156,2
532.1,H-2069,1,Harappa,Inter-Riverine,TAB:I,tablet,,,Y,R/L,590-705-868,3
532.2,H-2069,1,Harappa,Inter-Riverine,TAB:I,tablet,,,Y,R/L,550-525-400-034-700,5
533.1,H-2175,1,Harappa,Inter-Riverine,TAB:I,tablet,Fish,,Y,R/L,031-101-740-090,4
534.1,H-2036,1,Harappa,Inter-Riverine,TAB:I,tablet,Gavi,,Y,R/L,637-740-400,3
535.1,H-1977,1,Harappa,Inter-Riverine,TAB:B,tablet,Mult,,Y,R/L,840-032-740,3
535.2,H-1977,1,Harappa,Inter-Riverine,TAB:B,tablet,Mult,,Y,R/L,840-032-740,3
537.1,H-1692,1,Harappa,Inter-Riverine,SEAL:S,seal,,,Y,R/L,861-002-590-390-740,5
542.1,-,1,Harappa,Inter-Riverine,POT:T:g,pottery,,,Y,R/L,033-111,2
544.1,H-2115,1,Harappa,Inter-Riverine,TAB:I,tablet,,,Y,R/L,033-700,2
544.2,H-2115,1,Harappa,Inter-Riverine,TAB:I,tablet,,,Y,R/L,028-032-740-400,4
548.1,H-1931,1,Harappa,Inter-Riverine,TAB:B,tablet,Gavi,,Y,R/L,032-700,2
548.2,H-1931,1,Harappa,Inter-Riverine,TAB:B,tablet,Gavi,,Y,R/L,791-176-740-400,4
549.1,H-2208,1,Harappa,Inter-Riverine,TAB:I,tablet,Fish,,Y,R/L,700-034,2
549.2,H-2208,1,Harappa,Inter-Riverine,TAB:I,tablet,Fish,,Y,R/L,027-032-740-400,4
550.1,H-1822,1,Harappa,Inter-Riverine,TAB:B,tablet,,,Y,R/L,033-700,2
550.2,H-1822,1,Harappa,Inter-Riverine,TAB:B,tablet,,,Y,L/R,400-740-176-519,4
552.1,H-1767,1,Harappa,Inter-Riverine,TAB:B,tablet,Zebu,,Y,R/L,003-550-617,3
554.1,H-1906,1,Harappa,Inter-Riverine,TAB:B,tablet,,,Y,R/L,032-700,2
554.2,H-1906,1,Harappa,Inter-Riverine,TAB:B,tablet,,,Y,R/L,090-400-740-090-400,5
556.1,H-1939,1,Harappa,Inter-Riverine,TAB:B,tablet,Bult,,Y,R/L,413-892-824,3
556.2,H-1939,1,Harappa,Inter-Riverine,TAB:B,tablet,Bult,,Y,R/L,141-740-400,3
557.1,H-1855,1,Harappa,Inter-Riverine,TAB:B,tablet,,,Y,R/L,700-032,2
557.2,H-1855,1,Harappa,Inter-Riverine,TAB:B,tablet,,,Y,R/L,118-153-400,3
559.1,H-1834,1,Harappa,Inter-Riverine,TAB:B,tablet,,,Y,R/L,031-388-740,3
559.2,H-1834,1,Harappa,Inter-Riverine,TAB:B,tablet,,,Y,R/L,590-892-350-298,4
560.1,H-1873,1,Harappa,Inter-Riverine,TAB:B,tablet,,,Y,R/L,033-700,2
560.2,H-1873,1,Harappa,Inter-Riverine,TAB:B,tablet,,,Y,R/L,233-236-400,3
561.2,H-1815,1,Harappa,Inter-Riverine,TAB:B,tablet,,,Y,L/R,033-711-335-575-413,5
567.1,H-1923,1,Harappa,Inter-Riverine,TAB:B,tablet,,,Y,R/L,032-700,2
567.2,H-1923,1,Harappa,Inter-Riverine,TAB:B,tablet,,,Y,R/L,840-032-740-400,4
569.1,H-1922,1,Harappa,Inter-Riverine,TAB:B,tablet,,,Y,R/L,032-700,2
569.2,H-1922,1,Harappa,Inter-Riverine,TAB:B,tablet,,,Y,R/L,798-240-235-320-275-740-400,7
570.1,H-1797,1,Harappa,Inter-Riverine,TAB:B,tablet,Bult,,Y,L/R,032-700,2
570.2,H-1797,1,Harappa,Inter-Riverine,TAB:B,tablet,Bult,,Y,L/R,740-690-435-255-055,5
574.1,H-2055,1,Harappa,Inter-Riverine,TAB:I,tablet,S590,,Y,R/L,235-240-740-090,4
578.1,H-2197,1,Harappa,Inter-Riverine,TAB:I,tablet,,,Y,R/L,033-700,2
578.2,H-2197,1,Harappa,Inter-Riverine,TAB:I,tablet,,,Y,R/L,231-390-100-740-090-400,6
581.1,H-1990,1,Harappa,Inter-Riverine,TAB:B,tablet,,,Y,R/L,156-924-705-740-851,5
581.2,H-1990,1,Harappa,Inter-Riverine,TAB:B,tablet,,,Y,R/L,413-575-335-711-033-700,6
585.1,H-1954,1,Harappa,Inter-Riverine,TAB:B,tablet,Bull,-,Y,R/L,176-740-400,3
589.1,H-2128,1,Harappa,Inter-Riverine,TAB:I,tablet,,,Y,R/L,220-142-590-455,4
589.2,H-2128,1,Harappa,Inter-Riverine,TAB:I,tablet,,,Y,L/R,504-350-741-060-920,5
592.1,H-1999,1,Harappa,Inter-Riverine,TAB:B,tablet,Mult,,Y,R/L,467-806-154-400,4
593.1,H-1839,1,Harappa,Inter-Riverine,TAB:B,tablet,,,Y,R/L,033-700,2
593.2,H-1839,1,Harappa,Inter-Riverine,TAB:B,tablet,,,Y,R/L,705-630-175-100-740,5
594.1,H-2022,1,Harappa,Inter-Riverine,TAB:B,tablet,Phyt,Mult,Y,R/L,031-850-032,3
594.2,H-2022,1,Harappa,Inter-Riverine,TAB:B,tablet,Phyt,Mult,Y,R/L,861-002-175-752-740,5
595.2,H-1892,1,Harappa,Inter-Riverine,TAB:B,tablet,,,Y,R/L,698-400,2
596.1,H-2139,1,Harappa,Inter-Riverine,TAB:I,tablet,,,Y,R/L,032-700,2
596.2,H-2139,1,Harappa,Inter-Riverine,TAB:I,tablet,,,Y,R/L,235-705-033-176-740,5
597.1,H-2039,1,Harappa,Inter-Riverine,TAB:I,tablet,Fish,,Y,R/L,255-436-690-740,4
598.1,H-1859,1,Harappa,Inter-Riverine,TAB:B,tablet,,,Y,R/L,700-033,2
598.2,H-1859,1,Harappa,Inter-Riverine,TAB:B,tablet,,,Y,R/L,137-400,2
599.1,H-1864,1,Harappa,Inter-Riverine,TAB:B,tablet,,,Y,R/L,700-032,2
599.2,H-1864,1,Harappa,Inter-Riverine,TAB:B,tablet,,,Y,R/L,817-002-062-142-740,5
601.1,H-2021,1,Harappa,Inter-Riverine,TAB:B,tablet,Phyt,,Y,R/L,832-255-070-752-740,5
601.2,H-2021,1,Harappa,Inter-Riverine,TAB:B,tablet,Phyt,,Y,R/L,415-240-495-463-752-740,6
603.1,H-1732,1,Harappa,Inter-Riverine,POT:T:s,pottery,,,Y,R/L,480-805-158,3
609.1,-,1,Harappa,Inter-Riverine,POT:T:g,pottery,,,Y,R/L,705-034,2
613.1,-,1,Harappa,Inter-Riverine,POT:T:g,pottery,,,Y,R/L,235-520,2
621.1,-,1,Harappa,Inter-Riverine,TAB:I,tablet,,,Y,R/L,416-861-002,3
621.2,-,1,Harappa,Inter-Riverine,TAB:I,tablet,,,Y,R/L,034-700,2
622.1,H-1709,1,Harappa,Inter-Riverine,SEAL:R,seal,,,Y,R/L,470-838-158,3
623.1,H-1706,1,Harappa,Inter-Riverine,SEAL:R,seal,,,Y,R/L,360-293-002-003-405,5
624.1,H-1817,1,Harappa,Inter-Riverine,TAB:B,tablet,,,Y,R/L,034-700,2
624.2,H-1817,1,Harappa,Inter-Riverine,TAB:B,tablet,,,Y,R/L,554-525-400,3
625.1,H-1745,1,Harappa,Inter-Riverine,POT:T:s,pottery,,,Y,R/L,408-003,2
626.1,H-1662,1,Harappa,Inter-Riverine,SEAL:S,seal,Bull1:W,H,Y,R/L,033-033,2
626.1,H-1662,2,Harappa,Inter-Riverine,SEAL:S,seal,Bull1:W,H,Y,R/L,546-002-140-061-142-740,6
627.1,H-1917,1,Harappa,Inter-Riverine,TAB:B,tablet,,,Y,R/L,004-700,2
627.2,H-1917,1,Harappa,Inter-Riverine,TAB:B,tablet,,,Y,R/L,097-151-400,3
628.1,H-1899,1,Harappa,Inter-Riverine,TAB:B,tablet,,,Y,R/L,700-032-032,3
628.2,H-1899,1,Harappa,Inter-Riverine,TAB:B,tablet,,,Y,R/L,033-033-520,3
630.1,H-2207,1,Harappa,Inter-Riverine,TAB:I,tablet,Fish,,Y,R/L,033-031-700,3
630.2,H-2207,1,Harappa,Inter-Riverine,TAB:I,tablet,Fish,,Y,R/L,027-032-740-400,4
631.1,H-1842,1,Harappa,Inter-Riverine,TAB:B,tablet,,,Y,R/L,700-033,2
631.2,H-1842,1,Harappa,Inter-Riverine,TAB:B,tablet,,,Y,R/L,803-233-176-435-690-740,6
632.1,H-2193,1,Harappa,Inter-Riverine,TAB:I,tablet,,,Y,R/L,220-032-590,3
634.1,H-1680,1,Harappa,Inter-Riverine,SEAL:S,seal,Bull1:W,SAN,Y,R/L,820-002-003-390,4
635.1,H-1814,1,Harappa,Inter-Riverine,TAB:B,tablet,,,Y,R/L,240-705-033-550-525-400,6
635.2,H-1814,1,Harappa,Inter-Riverine,TAB:B,tablet,,,Y,R/L,413-575-335-711-033-740,6
637.1,H-1860,1,Harappa,Inter-Riverine,TAB:B,tablet,,,Y,R/L,034-700,2
637.2,H-1860,1,Harappa,Inter-Riverine,TAB:B,tablet,,,Y,R/L,097-400,2
638.1,H-2209,1,Harappa,Inter-Riverine,TAB:I,tablet,Fish,,Y,R/L,033-700,2
638.2,H-2209,1,Harappa,Inter-Riverine,TAB:I,tablet,Fish,,Y,R/L,025-032-740-400,4
640.1,H-2108,1,Harappa,Inter-Riverine,TAB:I,tablet,,,Y,R/L,681-690,2
640.2,H-2108,1,Harappa,Inter-Riverine,TAB:I,tablet,,,Y,R/L,014-032-740-400,4
642.2,H-2105,1,Harappa,Inter-Riverine,TAB:I,tablet,,,Y,R/L,034-700,2
643.1,H-2198,1,Harappa,Inter-Riverine,TAB:I,tablet,,,Y,R/L,032-255-740,3
643.2,H-2198,1,Harappa,Inter-Riverine,TAB:I,tablet,,,Y,R/L,032-700,2
644.1,H-1956,1,Harappa,Inter-Riverine,TAB:B,tablet,Mult,,Y,R/L,137-400,2
646.1,H-1824,1,Harappa,Inter-Riverine,TAB:B,tablet,,,Y,R/L,034-700,2
646.2,H-1824,1,Harappa,Inter-Riverine,TAB:B,tablet,,,Y,R/L,201-060-031-176-740,5
647.1,H-2062,1,Harappa,Inter-Riverine,TAB:I,tablet,,,Y,R/L,255-435-156-400,4
647.2,H-2062,1,Harappa,Inter-Riverine,TAB:I,tablet,,,Y,R/L,590-705-868,3
649.1,H-1823,1,Harappa,Inter-Riverine,TAB:B,tablet,,,Y,R/L,034-700,2
649.2,H-1823,1,Harappa,Inter-Riverine,TAB:B,tablet,,,Y,L/R,400-740-798-365-415-001,6
652.1,H-1841,1,Harappa,Inter-Riverine,TAB:B,tablet,,,Y,R/L,032-700,2
652.2,H-1841,1,Harappa,Inter-Riverine,TAB:B,tablet,,,Y,R/L,255-204-540-740,4
653.1,H-1813,1,Harappa,Inter-Riverine,TAB:B,tablet,,,Y,R/L,220-705-033-550-525-400,6
653.2,H-1813,1,Harappa,Inter-Riverine,TAB:B,tablet,,,Y,R/L,413-575-335-711-033-700,6
654.1,H-1863,1,Harappa,Inter-Riverine,TAB:B,tablet,,,Y,L/R,400-740-388,3
654.2,H-1863,1,Harappa,Inter-Riverine,TAB:B,tablet,,,Y,L/R,368-091,2
658.1,H-1946,1,Harappa,Inter-Riverine,TAB:B,tablet,,,Y,R/L,014-700,2
658.3,H-1946,1,Harappa,Inter-Riverine,TAB:B,tablet,,,Y,R/L,125-700,2
659.1,H-2204,1,Harappa,Inter-Riverine,TAB:I,tablet,Fish,,Y,R/L,034-700,2
659.2,H-2204,1,Harappa,Inter-Riverine,TAB:I,tablet,Fish,,Y,R/L,027-032-740-400,4
662.1,H-1951,1,Harappa,Inter-Riverine,TAB:B,tablet,Mult,SAN,Y,R/L,790-003-550-617,4
664.1,H-1975,1,Harappa,Inter-Riverine,TAB:B,tablet,Scene,,Y,R/L,692-060-061-760-740,5
665.1,H-2096,1,Harappa,Inter-Riverine,TAB:I,tablet,,,Y,R/L,034-700,2
665.2,H-2096,1,Harappa,Inter-Riverine,TAB:I,tablet,,,Y,R/L,416-861-002,3
666.1,H-2054,1,Harappa,Inter-Riverine,TAB:I,tablet,S590,,Y,R/L,235-240-740-090,4
668.1,H-1672,1,Harappa,Inter-Riverine,SEAL:S,seal,Bull1:W,RAN,Y,R/L,033-061-142-400-740,5
670.1,H-1891,1,Harappa,Inter-Riverine,TAB:B,tablet,,,Y,R/L,003-700,2
671.1,H-2066,1,Harappa,Inter-Riverine,TAB:I,tablet,,,Y,L/R,868-706-590,3
671.2,H-2066,1,Harappa,Inter-Riverine,TAB:I,tablet,,,Y,L/R,400-156-435-255,4
672.1,H-2214,1,Harappa,Inter-Riverine,TAB:I,tablet,,,Y,R/L,033-700,2
672.2,H-2214,1,Harappa,Inter-Riverine,TAB:I,tablet,,,Y,R/L,799-840-760-740,4
672.3,H-2214,1,Harappa,Inter-Riverine,TAB:I,tablet,,,Y,L/R,876-032-578-415,4
674.1,H-2129,1,Harappa,Inter-Riverine,TAB:I,tablet,,,Y,R/L,032-700,2
675.1,H-1903,1,Harappa,Inter-Riverine,TAB:B,tablet,,,Y,R/L,700-033,2
675.2,H-1903,1,Harappa,Inter-Riverine,TAB:B,tablet,,,Y,R/L,235-923-740,3
677.1,H-2024,1,Harappa,Inter-Riverine,TAB:B,tablet,Mult,,Y,R/L,347-741-176-740-090,5
679.1,H-2217,1,Harappa,Inter-Riverine,TAB:I,tablet,,,Y,R/L,032-700,2
679.2,H-2217,1,Harappa,Inter-Riverine,TAB:I,tablet,,,Y,R/L,032-854-400,3
679.3,H-2217,1,Harappa,Inter-Riverine,TAB:I,tablet,,,Y,R/L,360-257,2
681.1,H-2090,1,Harappa,Inter-Riverine,TAB:I,tablet,,,Y,R/L,617-892-740-400,4
681.2,H-2090,1,Harappa,Inter-Riverine,TAB:I,tablet,,,Y,R/L,820-060-869,3
682.1,H-1146,1,Harappa,Inter-Riverine,TAB:B,tablet,,,Y,R/L,032-700,2
682.2,H-1146,1,Harappa,Inter-Riverine,TAB:B,tablet,,,Y,R/L,820-002-554-526,4
686.1,H-1846,1,Harappa,Inter-Riverine,TAB:B,tablet,,,Y,R/L,034-700,2
686.2,H-1846,1,Harappa,Inter-Riverine,TAB:B,tablet,,,Y,R/L,692-060-240-603-740,5
687.1,H-1989,1,Harappa,Inter-Riverine,TAB:B,tablet,,,Y,R/L,156-924-705-740-851,5
687.2,H-1989,1,Harappa,Inter-Riverine,TAB:B,tablet,,,Y,R/L,413-575-335-711-033-700,6
688.1,H-1684,1,Harappa,Inter-Riverine,SEAL:S,seal,Bull1,-,Y,R/L,840-413-682,3
688.1,H-1684,2,Harappa,Inter-Riverine,SEAL:S,seal,Bull1,-,Y,R/L,061-740,2
689.1,H-1988,1,Harappa,Inter-Riverine,TAB:B,tablet,,,Y,R/L,156-924-705-740-851,5
689.2,H-1988,1,Harappa,Inter-Riverine,TAB:B,tablet,,,Y,R/L,413-575-335-711-033-700,6
690.1,H-1982,1,Harappa,Inter-Riverine,TAB:B,tablet,Tri4,,Y,R/L,034-700,2
693.1,H-2238,1,Harappa,Inter-Riverine,TAB:I,tablet,,,Y,R/L,033-700,2
693.2,H-2238,1,Harappa,Inter-Riverine,TAB:I,tablet,,,Y,R/L,003-861,2
693.3,H-2238,1,Harappa,Inter-Riverine,TAB:I,tablet,,,Y,R/L,003-156,2
694.1,H-2187,1,Harappa,Inter-Riverine,TAB:I,tablet,,,Y,R/L,840-032-740,3
701.1,H-2272,1,Harappa,Inter-Riverine,POT:T:g,pottery,,,Y,R/L,700-033,2
702.1,H-2368,1,Harappa,Inter-Riverine,POT:T:g,pottery,,,Y,R/L,176-740,2
703.1,H-2267,1,Harappa,Inter-Riverine,POT:T:g,pottery,,,Y,R/L,852-400,2
715.1,H-1734	,1,Harappa,Inter-Riverine,POT:T:s,pottery,,,Y,R/L,382-220-016,3
718.1,-,1,Harappa,Inter-Riverine,POT:T:g,pottery,,,Y,R/L,001-033-415-175-740,5
719.1,-,1,Harappa,Inter-Riverine,POT:T:g,pottery,,,Y,R/L,176-740,2
729.1,H-2010,1,Harappa,Inter-Riverine,TAB:B,tablet,Bull1,,Y,R/L,235-220-176-740,4
729.2,H-2010,1,Harappa,Inter-Riverine,TAB:B,tablet,Bull1,,Y,R/L,861-002-240-482-740,5
730.1,-,1,Harappa,Inter-Riverine,TAB:B,tablet,Gavi,,Y,R/L,503-017-740-400,4
731.1,H-1670,1,Harappa,Inter-Riverine,SEAL:S,seal,Bull1:J,HAF,Y,R/L,824-002-240-033-033-760-740,7
732.1,H-2131,1,Harappa,Inter-Riverine,TAB:I,tablet,,,Y,R/L,033-700,2
732.2,H-2131,1,Harappa,Inter-Riverine,TAB:I,tablet,,,Y,R/L,900-368,2
737.1,H-1964,1,Harappa,Inter-Riverine,TAB:B,tablet,Gavi,,Y,R/L,503-016-740-400,4
740.1,-,1,Harappa,Inter-Riverine,TAB:I,tablet,,,Y,R/L,792-740-090,3
740.2,-,1,Harappa,Inter-Riverine,TAB:I,tablet,,,Y,R/L,034-700,2
742.1,H-1810,1,Harappa,Inter-Riverine,TAB:B,tablet,,,Y,R/L,851-741-048-740,4
742.2,H-1810,1,Harappa,Inter-Riverine,TAB:B,tablet,,,Y,R/L,413-575-335-711-033,5
743.1,H-1907,1,Harappa,Inter-Riverine,TAB:B,tablet,,,Y,R/L,240-520,2
743.2,H-1907,1,Harappa,Inter-Riverine,TAB:B,tablet,,,Y,R/L,034-700,2
744.1,H-1993,1,Harappa,Inter-Riverine,TAB:B,tablet,,,Y,R/L,033-700,2
745.1,H-1980,1,Harappa,Inter-Riverine,TAB:B,tablet,Phyt,,Y,R/L,475-806-158-400,4
746.1,H-2200,1,Harappa,Inter-Riverine,TAB:I,tablet,Fish,,Y,R/L,240-176-740-400,4
749.1,H-2183,1,Harappa,Inter-Riverine,TAB:I,tablet,,,Y,R/L,032-700,2
749.2,H-2183,1,Harappa,Inter-Riverine,TAB:I,tablet,,,Y,R/L,798-017-575-740-400,5
751.1,H-1872,1,Harappa,Inter-Riverine,TAB:B,tablet,,,Y,R/L,033-700,2
751.2,H-1872,1,Harappa,Inter-Riverine,TAB:B,tablet,,,Y,R/L,220-236-400,3
752.1,H-2143,1,Harappa,Inter-Riverine,TAB:I,tablet,,,Y,R/L,034-700,2
752.2,H-2143,1,Harappa,Inter-Riverine,TAB:I,tablet,,,Y,R/L,792-740-090,3
753.1,H-2201,1,Harappa,Inter-Riverine,TAB:I,tablet,Fish,,Y,R/L,032-700,2
753.2,H-2201,1,Harappa,Inter-Riverine,TAB:I,tablet,Fish,,Y,L/R,400-740-176-240,4
755.1,H-1947,1,Harappa,Inter-Riverine,TAB:B,tablet,,,Y,R/L,033-700,2
758.2,H-1768,1,Harappa,Inter-Riverine,TAB:B,tablet,Goat:6,,Y,R/L,033-700,2
760.1,H-2040,1,Harappa,Inter-Riverine,TAB:I,tablet,Fish,,Y,R/L,550-060-803-740,4
765.1,H-1936,1,Harappa,Inter-Riverine,TAB:B,tablet,Bult,,Y,L/R,700-032,2
765.2,H-1936,1,Harappa,Inter-Riverine,TAB:B,tablet,Bult,,Y,L/R,511-032-142,3
768.1,H-1545,1,Harappa,Inter-Riverine,POT:T:g,pottery,,,Y,R/L,893-031,2
769.1,H-2239,1,Harappa,Inter-Riverine,TAB:I,tablet,,,Y,R/L,003-861,2
769.2,H-2239,1,Harappa,Inter-Riverine,TAB:I,tablet,,,Y,R/L,034-700,2
769.3,H-2239,1,Harappa,Inter-Riverine,TAB:I,tablet,,,Y,R/L,003-156,2
771.1,H-1930,1,Harappa,Inter-Riverine,TAB:B,tablet,Gavi,,Y,R/L,601-700-032,3
771.2,H-1930,1,Harappa,Inter-Riverine,TAB:B,tablet,Gavi,,Y,R/L,861-002-920-817-408,5
772.1,H-1831,1,Harappa,Inter-Riverine,TAB:B,tablet,,,Y,R/L,034-700,2
772.2,H-1831,1,Harappa,Inter-Riverine,TAB:B,tablet,,,Y,R/L,176-156,2
773.1,H-1830,1,Harappa,Inter-Riverine,TAB:B,tablet,,,Y,R/L,034-700,2
773.2,H-1830,1,Harappa,Inter-Riverine,TAB:B,tablet,,,Y,R/L,176-156,2
774.1,H-1861,1,Harappa,Inter-Riverine,TAB:B,tablet,,,Y,R/L,033-700,2
774.2,H-1861,1,Harappa,Inter-Riverine,TAB:B,tablet,,,Y,R/L,091-368,2
775.1,H-1666,1,Harappa,Inter-Riverine,SEAL:S,seal,Bull1:W,SAN,Y,R/L,140-741-097-161,4
776.1,H-1958,1,Harappa,Inter-Riverine,TAB:B,tablet,Gavi,,Y,R/L,440-740-400-840-712,5
780.1,H-1844,1,Harappa,Inter-Riverine,TAB:B,tablet,,,Y,R/L,034-700,2
780.2,H-1844,1,Harappa,Inter-Riverine,TAB:B,tablet,,,Y,R/L,690-154-400,3
784.1,H-1871,1,Harappa,Inter-Riverine,TAB:B,tablet,,,Y,R/L,034-700,2
784.2,H-1871,1,Harappa,Inter-Riverine,TAB:B,tablet,,,Y,R/L,235-740-151,3
786.1,H-2099,1,Harappa,Inter-Riverine,TAB:I,tablet,,,Y,R/L,033-255,2
786.2,H-2099,1,Harappa,Inter-Riverine,TAB:I,tablet,,,Y,R/L,033-590-416,3
787.1,H-1983,1,Harappa,Inter-Riverine,TAB:B,tablet,,,Y,R/L,817-013-004-405,4
788.1,H-1840,1,Harappa,Inter-Riverine,TAB:B,tablet,Bird,,Y,R/L,550-060-705-255-740-090,6
788.2,H-1840,1,Harappa,Inter-Riverine,TAB:B,tablet,Bird,,Y,L/R,317-272-637,3
789.1,H-1785,1,Harappa,Inter-Riverine,TAB:B,tablet,Phyt,,Y,R/L,861-002-004-407,4
790.1,H-1961,1,Harappa,Inter-Riverine,TAB:B,tablet,Gavi,,Y,R/L,440-740-400,3
794.1,H-2237,1,Harappa,Inter-Riverine,TAB:I,tablet,,,Y,R/L,034-700,2
794.2,H-2237,1,Harappa,Inter-Riverine,TAB:I,tablet,,,Y,R/L,003-861,2
794.3,H-2237,1,Harappa,Inter-Riverine,TAB:I,tablet,,,Y,R/L,003-154,2
797.1,H-2033,1,Harappa,Inter-Riverine,TAB:I,tablet,Goat,,Y,R/L,098-400,2
800.1,H-1935,1,Harappa,Inter-Riverine,TAB:B,tablet,Mult,,Y,R/L,347-741-176-740-090,5
801.1,H-2173,1,Harappa,Inter-Riverine,TAB:I,tablet,,,Y,R/L,032-700,2
801.2,H-2173,1,Harappa,Inter-Riverine,TAB:I,tablet,,,Y,R/L,491-817-740-400,4
805.1,H-1788,1,Harappa,Inter-Riverine,TAB:B,tablet,,SAN,Y,R/L,861-002-470-806-154,5
806.1,H-2189,1,Harappa,Inter-Riverine,TAB:B,tablet,,,Y,R/L,700-824,2
806.2,H-2189,1,Harappa,Inter-Riverine,TAB:B,tablet,,,Y,R/L,240-152-740-400,4
807.1,H-1934,1,Harappa,Inter-Riverine,TAB:B,tablet,Mult,,Y,R/L,347-741-176-740-090,5
810.1,H-1682,1,Harappa,Inter-Riverine,SEAL:S,seal,Bull1,RAN,Y,R/L,033-617-003-154,4
811.1,H-1978,1,Harappa,Inter-Riverine,TAB:B,tablet,Phyt,,Y,R/L,415-100-740-090-400,5
812.1,H-2155,1,Harappa,Inter-Riverine,TAB:I,tablet,,,Y,R/L,034-700,2
812.2,H-2155,1,Harappa,Inter-Riverine,TAB:I,tablet,,,Y,R/L,236-400,2
815.1,H-2154,1,Harappa,Inter-Riverine,TAB:I,tablet,,,Y,R/L,700-034,2
815.2,H-2154,1,Harappa,Inter-Riverine,TAB:I,tablet,,,Y,R/L,226-400,2
816.1,H-2240,1,Harappa,Inter-Riverine,TAB:I,tablet,Bult,,Y,R/L,415-220-520,3
816.2,H-2240,1,Harappa,Inter-Riverine,TAB:I,tablet,Bult,,Y,R/L,575-869,2
823.1,H-2130,1,Harappa,Inter-Riverine,TAB:I,tablet,,,Y,R/L,034-700,2
823.2,H-2130,1,Harappa,Inter-Riverine,TAB:I,tablet,,,Y,R/L,900-365,2
824.1,H-1775,1,Harappa,Inter-Riverine,TAB:B,tablet,,,Y,R/L,102-792-176-415-100-740,6
825.1,H-1691,1,Harappa,Inter-Riverine,SEAL:S,seal,,,Y,L/R,892-590,2
829.1,H-2211,1,Harappa,Inter-Riverine,TAB:I,tablet,Bult,,Y,R/L,032-700,2
829.2,H-2211,1,Harappa,Inter-Riverine,TAB:I,tablet,Bult,,Y,R/L,741-032-840-700,4
830.1,H-2104,1,Harappa,Inter-Riverine,TAB:I,tablet,,,Y,L/R,740-797-688,3
830.2,H-2104,1,Harappa,Inter-Riverine,TAB:I,tablet,,,Y,R/L,137-400,2
831.1,H-1880,1,Harappa,Inter-Riverine,TAB:B,tablet,,,Y,R/L,700-034,2
831.2,H-1880,1,Harappa,Inter-Riverine,TAB:B,tablet,,,Y,R/L,033-033-520,3
832.1,H-2229,1,Harappa,Inter-Riverine,TAB:I,tablet,,,Y,R/L,003-861,2
832.2,H-2229,1,Harappa,Inter-Riverine,TAB:I,tablet,,,Y,R/L,034-700,2
832.3,H-2229,1,Harappa,Inter-Riverine,TAB:I,tablet,,,Y,R/L,003-156,2
834.1,H-2185,1,Harappa,Inter-Riverine,TAB:I,tablet,,,Y,R/L,032-700,2
834.2,H-2185,1,Harappa,Inter-Riverine,TAB:I,tablet,,,Y,R/L,690-158-400,3
838.1,H-2190,1,Harappa,Inter-Riverine,TAB:I,tablet,,,Y,R/L,327-740-090,3
838.2,H-2190,1,Harappa,Inter-Riverine,TAB:I,tablet,,,Y,R/L,003-861,2
840.1,H-2123,1,Harappa,Inter-Riverine,TAB:I,tablet,,,Y,L/R,740-255-061,3
840.2,H-2123,1,Harappa,Inter-Riverine,TAB:I,tablet,,,Y,R/L,003-861,2
841.1,H-2146,1,Harappa,Inter-Riverine,TAB:I,tablet,,,Y,R/L,415-220-520,3
841.2,H-2146,1,Harappa,Inter-Riverine,TAB:I,tablet,,,Y,R/L,032-700,2
842.1,H-2026,1,Harappa,Inter-Riverine,TAB:B,tablet,Mult,,Y,R/L,347-741-176-740-090,5
843.1,H-2109,1,Harappa,Inter-Riverine,TAB:I,tablet,,,Y,R/L,025-032-690,3
843.2,H-2109,1,Harappa,Inter-Riverine,TAB:I,tablet,,,Y,R/L,681-740-400,3
844.1,H-2221,1,Harappa,Inter-Riverine,TAB:I,tablet,,,Y,R/L,034-700,2
844.2,H-2221,1,Harappa,Inter-Riverine,TAB:I,tablet,,,Y,R/L,003-861,2
844.3,H-2221,1,Harappa,Inter-Riverine,TAB:I,tablet,,,Y,R/L,003-156,2
845.1,H-2222,1,Harappa,Inter-Riverine,TAB:I,tablet,,,Y,R/L,003-861,2
845.2,H-2222,1,Harappa,Inter-Riverine,TAB:I,tablet,,,Y,R/L,034-700,2
845.3,H-2222,1,Harappa,Inter-Riverine,TAB:I,tablet,,,Y,R/L,003-156,2
846.1,H-2223,1,Harappa,Inter-Riverine,TAB:I,tablet,,,Y,R/L,003-861,2
846.2,H-2223,1,Harappa,Inter-Riverine,TAB:I,tablet,,,Y,R/L,034-700,2
846.3,H-2223,1,Harappa,Inter-Riverine,TAB:I,tablet,,,Y,R/L,003-156,2
847.1,H-2236,1,Harappa,Inter-Riverine,TAB:I,tablet,,,Y,R/L,003-861,2
847.2,H-2236,1,Harappa,Inter-Riverine,TAB:I,tablet,,,Y,R/L,034-700,2
847.3,H-2236,1,Harappa,Inter-Riverine,TAB:I,tablet,,,Y,R/L,003-156,2
848.1,H-2149,1,Harappa,Inter-Riverine,TAB:I,tablet,,,Y,R/L,415-220-520,3
848.2,H-2149,1,Harappa,Inter-Riverine,TAB:I,tablet,,,Y,R/L,003-645-032-590,4
850.1,H-2230,1,Harappa,Inter-Riverine,TAB:I,tablet,,,Y,R/L,034-700,2
850.2,H-2230,1,Harappa,Inter-Riverine,TAB:I,tablet,,,Y,R/L,003-861,2
850.3,H-2230,1,Harappa,Inter-Riverine,TAB:I,tablet,,,Y,R/L,003-156,2
851.1,H-2220,1,Harappa,Inter-Riverine,TAB:I,tablet,,,Y,R/L,003-861,2
851.2,H-2220,1,Harappa,Inter-Riverine,TAB:I,tablet,,,Y,R/L,034-700,2
851.3,H-2220,1,Harappa,Inter-Riverine,TAB:I,tablet,,,Y,R/L,003-156,2
852.1,H-2226,1,Harappa,Inter-Riverine,TAB:I,tablet,,,Y,R/L,034-700,2
852.2,H-2226,1,Harappa,Inter-Riverine,TAB:I,tablet,,,Y,R/L,003-861,2
852.3,H-2226,1,Harappa,Inter-Riverine,TAB:I,tablet,,,Y,R/L,003-156,2
853.1,H-2227,1,Harappa,Inter-Riverine,TAB:I,tablet,,,Y,R/L,034-700,2
853.2,H-2227,1,Harappa,Inter-Riverine,TAB:I,tablet,,,Y,R/L,003-861,2
853.3,H-2227,1,Harappa,Inter-Riverine,TAB:I,tablet,,,Y,R/L,003-156,2
854.1,H-2225,1,Harappa,Inter-Riverine,TAB:I,tablet,,,Y,R/L,003-861,2
854.2,H-2225,1,Harappa,Inter-Riverine,TAB:I,tablet,,,Y,R/L,034-700,2
854.3,H-2225,1,Harappa,Inter-Riverine,TAB:I,tablet,,,Y,R/L,003-156,2
855.1,H-2228,1,Harappa,Inter-Riverine,TAB:I,tablet,,,Y,R/L,034-700,2
855.2,H-2228,1,Harappa,Inter-Riverine,TAB:I,tablet,,,Y,R/L,003-861,2
855.3,H-2228,1,Harappa,Inter-Riverine,TAB:I,tablet,,,Y,R/L,003-156,2
856.1,H-2219,1,Harappa,Inter-Riverine,TAB:I,tablet,,,Y,R/L,003-861,2
856.2,H-2219,1,Harappa,Inter-Riverine,TAB:I,tablet,,,Y,R/L,034-700,2
856.3,H-2219,1,Harappa,Inter-Riverine,TAB:I,tablet,,,Y,R/L,003-156,2
857.1,H-2224,1,Harappa,Inter-Riverine,TAB:I,tablet,,,Y,R/L,003-861,2
857.2,H-2224,1,Harappa,Inter-Riverine,TAB:I,tablet,,,Y,R/L,034-700,2
857.3,H-2224,1,Harappa,Inter-Riverine,TAB:I,tablet,,,Y,R/L,003-156,2
858.1,H-2218,1,Harappa,Inter-Riverine,TAB:I,tablet,,,Y,R/L,003-861,2
858.2,H-2218,1,Harappa,Inter-Riverine,TAB:I,tablet,,,Y,R/L,034-700,2
858.3,H-2218,1,Harappa,Inter-Riverine,TAB:I,tablet,,,Y,R/L,003-156,2
859.1,H-2231,1,Harappa,Inter-Riverine,TAB:I,tablet,,,Y,R/L,003-861,2
859.2,H-2231,1,Harappa,Inter-Riverine,TAB:I,tablet,,,Y,R/L,034-700,2
859.3,H-2231,1,Harappa,Inter-Riverine,TAB:I,tablet,,,Y,R/L,003-156,2
860.1,H-2232,1,Harappa,Inter-Riverine,TAB:I,tablet,,,Y,R/L,003-861,2
860.2,H-2232,1,Harappa,Inter-Riverine,TAB:I,tablet,,,Y,R/L,034-700,2
860.3,H-2232,1,Harappa,Inter-Riverine,TAB:I,tablet,,,Y,R/L,003-156,2
861.1,H-2234,1,Harappa,Inter-Riverine,TAB:I,tablet,,,Y,R/L,003-861,2
861.2,H-2234,1,Harappa,Inter-Riverine,TAB:I,tablet,,,Y,R/L,034-700,2
861.3,H-2234,1,Harappa,Inter-Riverine,TAB:I,tablet,,,Y,R/L,003-156,2
862.1,H-2070,1,Harappa,Inter-Riverine,TAB:I,tablet,,,Y,R/L,034-700,2
862.2,H-2070,1,Harappa,Inter-Riverine,TAB:I,tablet,,,Y,R/L,276-817-740-400,4
863.1,H-1896,1,Harappa,Inter-Riverine,TAB:B,tablet,,,Y,R/L,033-700,2
863.2,H-1896,1,Harappa,Inter-Riverine,TAB:B,tablet,,,Y,R/L,831-892-400,3
867.1,H-1812,1,Harappa,Inter-Riverine,TAB:B,tablet,,,Y,R/L,240-705-033-550-525-400,6
867.2,H-1812,1,Harappa,Inter-Riverine,TAB:B,tablet,,,Y,R/L,413-575-335-711-033-700,6
869.1,H-1995,1,Harappa,Inter-Riverine,TAB:B,tablet,,,Y,R/L,033-700,2
869.2,H-1995,1,Harappa,Inter-Riverine,TAB:B,tablet,,,Y,R/L,142-151-400,3
870.1,H-2235,1,Harappa,Inter-Riverine,TAB:I,tablet,,,Y,R/L,034-700,2
870.2,H-2235,1,Harappa,Inter-Riverine,TAB:I,tablet,,,Y,R/L,003-861,2
870.3,H-2235,1,Harappa,Inter-Riverine,TAB:I,tablet,,,Y,R/L,003-156,2
871.1,H-2206,1,Harappa,Inter-Riverine,TAB:I,tablet,Fish,,Y,R/L,034-700,2
871.2,H-2206,1,Harappa,Inter-Riverine,TAB:I,tablet,Fish,,Y,R/L,025-032-740,3
876.1,H-1879,1,Harappa,Inter-Riverine,TAB:B,tablet,,,Y,R/L,700-032-032,3
876.2,H-1879,1,Harappa,Inter-Riverine,TAB:B,tablet,,,Y,R/L,033-033-520,3
878.1,H-2233,1,Harappa,Inter-Riverine,TAB:I,tablet,,,Y,R/L,034-700,2
878.2,H-2233,1,Harappa,Inter-Riverine,TAB:I,tablet,,,Y,R/L,003-861,2
878.3,H-2233,1,Harappa,Inter-Riverine,TAB:I,tablet,,,Y,R/L,003-156,2
880.1,H-2028,1,Harappa,Inter-Riverine,TAB:B,tablet,Mult,,Y,R/L,347-741-176-740-090,5
882.1,H-2029,1,Harappa,Inter-Riverine,TAB:B,tablet,Mult,,Y,R/L,347-741-176-740-090,5
884.1,H-2027,1,Harappa,Inter-Riverine,TAB:B,tablet,Mult,,Y,R/L,347-741-176-740-090,5
885.1,H-1711,1,Harappa,Inter-Riverine,SEAL:R,seal,,,Y,R/L,370-031-745-013-840-740,6
886.1,H-2030,1,Harappa,Inter-Riverine,TAB:B,tablet,Mult,,Y,R/L,347-741-176-740-090,5
887.2,H-2085,1,Harappa,Inter-Riverine,TAB:I,tablet,,,Y,L/R,413-892-824,3
890.1,H-1829,1,Harappa,Inter-Riverine,TAB:B,tablet,,,Y,R/L,176-156,2
890.2,H-1829,1,Harappa,Inter-Riverine,TAB:B,tablet,,,Y,R/L,034-700,2
892.1,H-2119,1,Harappa,Inter-Riverine,TAB:I,tablet,,,Y,R/L,003-861,2
892.2,H-2119,1,Harappa,Inter-Riverine,TAB:I,tablet,,,Y,R/L,416-740,2
894.1,H-2135,1,Harappa,Inter-Riverine,TAB:I,tablet,,,Y,R/L,692-700-318-920-740,5
895.1,H-1828,1,Harappa,Inter-Riverine,TAB:B,tablet,,,Y,R/L,176-156,2
895.2,H-1828,1,Harappa,Inter-Riverine,TAB:B,tablet,,,Y,R/L,034-700,2
897.1,H-2089,1,Harappa,Inter-Riverine,TAB:I,tablet,,,Y,R/L,617-892-740-400,4
897.2,H-2089,1,Harappa,Inter-Riverine,TAB:I,tablet,,,Y,R/L,820-001-060-869,4
901.1,H-1870,1,Harappa,Inter-Riverine,TAB:B,tablet,,,Y,R/L,034-700,2
901.2,H-1870,1,Harappa,Inter-Riverine,TAB:B,tablet,,,Y,R/L,221-158,2
902.1,H-2020,1,Harappa,Inter-Riverine,TAB:B,tablet,Gavi,,Y,R/L,235-240-740-090,4
902.2,H-2020,1,Harappa,Inter-Riverine,TAB:B,tablet,Gavi,,Y,R/L,220-032-590-690,4
904.1,H-2019,1,Harappa,Inter-Riverine,TAB:B,tablet,Gavi,,Y,R/L,235-240-740-090,4
904.2,H-2019,1,Harappa,Inter-Riverine,TAB:B,tablet,Gavi,,Y,R/L,220-032-590-690,4
905.1,H-2136,1,Harappa,Inter-Riverine,TAB:I,tablet,,,Y,R/L,717-740-400,3
907.1,H-1959,1,Harappa,Inter-Riverine,TAB:B,tablet,-,-,Y,R/L,440-740-400-840-712,5
913.1,H-1992,1,Harappa,Inter-Riverine,TAB:B,tablet,Bull1,,Y,R/L,415-220-520,3
913.2,H-1992,1,Harappa,Inter-Riverine,TAB:B,tablet,Bull1,,Y,R/L,415-220-520,3
916.1,H-1811,1,Harappa,Inter-Riverine,TAB:B,tablet,,,Y,R/L,240-705-033-550-525-400,6
916.2,H-1811,1,Harappa,Inter-Riverine,TAB:B,tablet,,,Y,R/L,413-575-335-711-033-700,6
917.1,H-1933,1,Harappa,Inter-Riverine,TAB:B,tablet,Gavi,,Y,R/L,033-700,2
917.2,H-1933,1,Harappa,Inter-Riverine,TAB:B,tablet,Gavi,,Y,R/L,352-400-520-400,4
920.1,H-1678,1,Harappa,Inter-Riverine,SEAL:S,seal,Bull1:W,SAN,Y,R/L,032-220-240-233-520,5
921.1,H-1929,1,Harappa,Inter-Riverine,TAB:B,tablet,Bull2,Te,Y,R/L,033-700,2
921.2,H-1929,1,Harappa,Inter-Riverine,TAB:B,tablet,Bull2,Te,Y,R/L,140-061-740-400,4
922.1,H-1902,1,Harappa,Inter-Riverine,TAB:B,tablet,,,Y,R/L,032-700,2
922.2,H-1902,1,Harappa,Inter-Riverine,TAB:B,tablet,,,Y,R/L,494-003-158,3
923.1,H-1945,1,Harappa,Inter-Riverine,TAB:B,tablet,Fish,,Y,R/L,700-032,2
923.2,H-1945,1,Harappa,Inter-Riverine,TAB:B,tablet,Fish,,Y,R/L,705-717-388-740-400,5
927.1,H-1941,1,Harappa,Inter-Riverine,TAB:B,tablet,Bult,,Y,R/L,032-700,2
927.2,H-1941,1,Harappa,Inter-Riverine,TAB:B,tablet,Bult,,Y,R/L,220-236-400,3
929.1,H-1679,1,Harappa,Inter-Riverine,SEAL:S,seal,Bull1:W,SAN,Y,R/L,061-142-400-740,4
930.1,H-1883,1,Harappa,Inter-Riverine,TAB:B,tablet,,,Y,R/L,033-700,2
930.2,H-1883,1,Harappa,Inter-Riverine,TAB:B,tablet,,,Y,L/R,740-790-032,3
932.1,H-1710,1,Harappa,Inter-Riverine,SEAL:R,seal,,,Y,R/L,140-920-055-001-125-920-700-326-090,9
937.1,H-2011,1,Harappa,Inter-Riverine,TAB:B,tablet,Bull1,,Y,R/L,235-220-176-740,4
937.2,H-2011,1,Harappa,Inter-Riverine,TAB:B,tablet,Bull1,,Y,R/L,861-002-240-482-740,5
938.1,H-1937,1,Harappa,Inter-Riverine,TAB:B,tablet,Bult,,Y,R/L,700-034,2
938.2,H-1937,1,Harappa,Inter-Riverine,TAB:B,tablet,Bult,,Y,R/L,255-435-690-740,4
939.1,H-1705,1,Harappa,Inter-Riverine,SEAL:R,seal,,,Y,R/L,692-060-798-240-231-904-740,7
943.1,H-1667,1,Harappa,Inter-Riverine,SEAL:S,seal,Bull1:W,SAN,Y,R/L,817-002-540-740,4
945.1,H-2142,1,Harappa,Inter-Riverine,TAB:B,tablet,,,Y,L/R,700-033,2
945.2,H-2142,1,Harappa,Inter-Riverine,TAB:B,tablet,,,Y,L/R,526-550-233,3
951.1,-,1,Dholavira,Gujarat/Kutch,SEAL:S,seal,Bull1:U,SAN,Y,R/L,817-002-004-390,4
1004.1,H-1966,1,Harappa,Inter-Riverine,TAB:B,tablet,Gaur,Trough,Y,R/L,861-002-049-233-520,5
1007.1,H-1726,1,Harappa,Inter-Riverine,POT:T:s,pottery,,,Y,R/L,817-002-491-692-100-740,6
1011.1,H-1713,1,Harappa,Inter-Riverine,SEAL:R,seal,,,Y,R/L,817-013-003-426,4
1017.1,H-1737,1,Harappa,Inter-Riverine,POT:T:s,pottery,,,Y,R/L,033-220,2
1018.1,H-2102,1,Harappa,Inter-Riverine,TAB:I,tablet,,,Y,R/L,034-700,2
1018.2,H-2102,1,Harappa,Inter-Riverine,TAB:I,tablet,,,Y,R/L,413-137,2
1020.1,H-1657,1,Harappa,Inter-Riverine,SEAL:S,seal,Bull1:W,SAN,Y,R/L,921-690-002-032-220-235-806-003-900-032-590-405-740,13
1021.1,H-1774,1,Harappa,Inter-Riverine,TAB:B,tablet,Scene,,Y,R/L,175-482-335-740-400,5
1021.2,H-1774,1,Harappa,Inter-Riverine,TAB:B,tablet,Scene,,Y,R/L,032-700,2
1023.1,H-1793,1,Harappa,Inter-Riverine,TAB:B,tablet,-,-,Y,R/L,240-482-752-740,4
1023.2,H-1793,1,Harappa,Inter-Riverine,TAB:B,tablet,-,-,Y,R/L,745-700,2
1024.1,H-1851,1,Harappa,Inter-Riverine,TAB:B,tablet,,,Y,R/L,700-033,2
1024.2,H-1851,1,Harappa,Inter-Riverine,TAB:B,tablet,,,Y,R/L,861-002-031-892-803-740,6
1032.1,H-1736,1,Harappa,Inter-Riverine,POT:T:s,pottery,,,Y,R/L,033-220,2
1034.1,H-1979,1,Harappa,Inter-Riverine,TAB:B,tablet,Phyt,,Y,R/L,467-806-158-740,4
1051.1,H-1182,1,Harappa,Inter-Riverine,TAB:I,tablet,,,Y,R/L,175-817-740-400,4
1052.1,-,1,Harappa,Inter-Riverine,TAB:I,tablet,,,Y,R/L,491-817-740-400,4
1052.2,-,1,Harappa,Inter-Riverine,TAB:I,tablet,,,Y,R/L,034-700,2
1054.1,H-1325,1,Harappa,Inter-Riverine,TAB:I,tablet,,,Y,R/L,817-368-690,3
1057.1,H-733,1,Harappa,Inter-Riverine,TAB:B,tablet,Phyt,,Y,R/L,240-590-390-740,4
1057.2,H-733,1,Harappa,Inter-Riverine,TAB:B,tablet,Phyt,,Y,R/L,033-700,2
1058.1,H-1308,1,Harappa,Inter-Riverine,TAB:I,tablet,,,Y,L/R,740-690-636-240,4
1058.2,H-1308,1,Harappa,Inter-Riverine,TAB:I,tablet,,,Y,L/R,700-033,2
1060.1,H-1050,1,Harappa,Inter-Riverine,SEAL:S,seal,Bull1:W,SAN,Y,R/L,817-002-235-804,4
1061.1,H-1294,1,Harappa,Inter-Riverine,TAB:I,tablet,,,Y,R/L,233-550-527,3
1061.2,H-1294,1,Harappa,Inter-Riverine,TAB:I,tablet,,,Y,R/L,032-700,2
1062.1,H-1,1,Harappa,Inter-Riverine,SEAL:S,seal,Bull1:W,SAF,Y,R/L,692-575-595-820,4
1063.1,H-2,1,Harappa,Inter-Riverine,SEAL:S,seal,Bull1:W,SAN,Y,R/L,617-440-745-176-740-232,6
1064.1,H-3,1,Harappa,Inter-Riverine,SEAL:S,seal,Bull1:W,SAN,Y,R/L,703-615-611-002-017-585-740,7
1065.1,H-4,1,Harappa,Inter-Riverine,SEAL:S,seal,Bull1:W,SAN,Y,R/L,051-063-220,3
1066.1,H-5,1,Harappa,Inter-Riverine,SEAL:S,seal,Bull1:W,SAN,Y,R/L,902-140-920-032-384-193-706-920,8
1067.1,H-6,1,Harappa,Inter-Riverine,SEAL:S,seal,Bull1:W,SAN,Y,R/L,625-776-032-001-890-317,6
1068.1,H-7,1,Harappa,Inter-Riverine,SEAL:S,seal,Bull1:W,SAN,Y,R/L,250-542-001-692-440-920,6
1069.1,H-8,1,Harappa,Inter-Riverine,SEAL:S,seal,Bull1:W,SAN,Y,R/L,921-690-002-706-033-590-405-740-001-354,10
1070.1,H-9,1,Harappa,Inter-Riverine,SEAL:S,seal,Bull1:W,SAN,Y,R/L,017-220,2
1071.1,H-10,1,Harappa,Inter-Riverine,SEAL:S,seal,Bull1:W,SAO,Y,R/L,381-125-018-596-302-820,6
1073.1,H-12,1,Harappa,Inter-Riverine,SEAL:S,seal,Bull1:W,SAF,Y,R/L,817-002-235-240-220-803-255-435-690-740,10
1074.1,H-13,1,Harappa,Inter-Riverine,SEAL:S,seal,Bull1:W,SAF,Y,R/L,817-002-503-615-760-740,6
1075.1,H-14,1,Harappa,Inter-Riverine,SEAL:S,seal,Bull1:W,SAN,Y,R/L,056-415-060-240-772-740,6
1077.1,H-17,1,Harappa,Inter-Riverine,SEAL:S,seal,Bull1:W,SAN,Y,R/L,201-060-240-233-520,5
1080.1,H-20,1,Harappa,Inter-Riverine,SEAL:S,seal,Bull1:W,SAN,Y,R/L,550-060-806-032-220-255-435-690-176-740,10
1081.1,H-21,1,Harappa,Inter-Riverine,SEAL:S,seal,Bull1:W,S,Y,R/L,817-002-806-235-233-555-527-061-405,9
1082.1,H-22,1,Harappa,Inter-Riverine,SEAL:S,seal,Bull1:W,SAN,Y,R/L,321-405-002-806-233-320-920-740,8
1083.1,H-23,1,Harappa,Inter-Riverine,SEAL:S,seal,Bull1:W,S,Y,R/L,019-405-176-100-740,5
1084.1,H-24,1,Harappa,Inter-Riverine,SEAL:S,seal,Bull1:W,SAF,Y,R/L,233-705-033-176-626-740,6
1085.1,H-25,1,Harappa,Inter-Riverine,SEAL:S,seal,Bull1:W,SAN,Y,R/L,055-235-705-033-806-003-900-740,8
1086.1,H-26,1,Harappa,Inter-Riverine,SEAL:S,seal,Bull1:W,SAN,Y,R/L,820-001-798-240-231-388-740,7
1087.1,H-27,1,Harappa,Inter-Riverine,SEAL:S,seal,Bull1:W,SAN,Y,R/L,032-877-740-001-468-806-154,7
1089.1,H-29,1,Harappa,Inter-Riverine,SEAL:S,seal,Bull1:W,-,Y,R/L,640-140-595,3
1092.1,H-32,1,Harappa,Inter-Riverine,SEAL:S,seal,Bull1:W,SAF,Y,R/L,923-740,2
1095.1,H-36,1,Harappa,Inter-Riverine,SEAL:S,seal,Bull1:S,SAN,Y,R/L,146-742-220-798-740,5
1096.1,H-37,1,Harappa,Inter-Riverine,SEAL:S,seal,Bull1:S,SAN,Y,R/L,531-740,2
1097.1,H-38,1,Harappa,Inter-Riverine,SEAL:S,seal,Bull1:W,SAN,Y,R/L,803-156,2
1098.1,H-39,1,Harappa,Inter-Riverine,SEAL:S,seal,Bull1:W,SAF,Y,R/L,920-060-745-235-240-231-590-390-740,9
1099.1,H-40,1,Harappa,Inter-Riverine,SEAL:S,seal,Bull1:W,RAN,Y,R/L,165-831-368-001-235-798-740,7
1101.1,H-42,1,Harappa,Inter-Riverine,SEAL:S,seal,Bull1:J,RAN,Y,R/L,817-002-235-380-740,5
1102.1,H-43,1,Harappa,Inter-Riverine,SEAL:S,seal,Bull1:W,SAN,Y,R/L,032-690-405,3
1103.1,H-44,1,Harappa,Inter-Riverine,SEAL:S,seal,Bull1:W,SAN,Y,R/L,892-031-002-803-798-235-706-033-520,9
1104.1,H-45,1,Harappa,Inter-Riverine,SEAL:S,seal,Bull1:W,-,Y,R/L,820-002-101-740-090,5
1105.1,H-46,1,Harappa,Inter-Riverine,SEAL:S,seal,Bull1:W,SAN,Y,R/L,235-320-920-740,4
1106.1,H-47,1,Harappa,Inter-Riverine,SEAL:S,seal,Bull1:W,SAN,Y,R/L,482-752-740,3
1107.1,H-48,1,Harappa,Inter-Riverine,SEAL:S,seal,Bull1:W,SAN,Y,R/L,003-430,2
1108.1,H-49,1,Harappa,Inter-Riverine,SEAL:S,seal,Bull1:S,SAN,Y,R/L,003-550-617,3
1109.1,H-50,1,Harappa,Inter-Riverine,SEAL:S,seal,Bull1:W,SAN,Y,R/L,125-406-741-590-406-740,6
1110.1,H-51,1,Harappa,Inter-Riverine,SEAL:S,seal,Bull1:W,HAF,Y,R/L,861-002-240-643-740,5
1112.1,H-53,1,Harappa,Inter-Riverine,SEAL:S,seal,Bull1:I,SAF,Y,R/L,706-033-520,3
1113.1,H-54,1,Harappa,Inter-Riverine,SEAL:S,seal,Bull1:S,SAN,Y,R/L,817-368-003-390,4
1114.1,H-55,1,Harappa,Inter-Riverine,SEAL:S,seal,Bull1:X,SAF,Y,R/L,125-861-002-004-390,5
1115.1,H-56,1,Harappa,Inter-Riverine,SEAL:S,seal,Bull1:I,-,Y,R/L,692-060-176-740,4
1116.1,H-57,1,Harappa,Inter-Riverine,SEAL:S,seal,Bull1:W,SAN,Y,R/L,057-159,2
1117.1,H-58,1,Harappa,Inter-Riverine,SEAL:S,seal,Bull1:W,SAN,Y,R/L,235-231-752-740-468-806-158,7
1118.1,H-59,1,Harappa,Inter-Riverine,SEAL:S,seal,Bull1,SAN,Y,R/L,910-740,2
1119.1,H-60,1,Harappa,Inter-Riverine,SEAL:S,seal,Bull1:II,H,Y,R/L,003-900-740-621,4
1119.1,H-60,2,Harappa,Inter-Riverine,SEAL:S,seal,Bull1:II,H,Y,R/L,820-002,2
1120.1,H-61,1,Harappa,Inter-Riverine,SEAL:S,seal,Bull1:II,SAN,Y,R/L,201-060-001-255-435-690-740,7
1121.1,H-62,1,Harappa,Inter-Riverine,SEAL:S,seal,Bull1:W,SAN,Y,R/L,003-140-100-740,4
1122.1,H-63,1,Harappa,Inter-Riverine,SEAL:S,seal,Bull1:W,SAN,Y,R/L,717-100-740,3
1123.1,H-64,1,Harappa,Inter-Riverine,SEAL:S,seal,Bull1:W,SAN,Y,R/L,240-921-070-520,4
1124.1,H-65,1,Harappa,Inter-Riverine,SEAL:S,seal,Bull1:U,RAN,Y,R/L,028-032-740,3
1125.1,H-66,1,Harappa,Inter-Riverine,SEAL:S,seal,Bull1:W,HAN,Y,R/L,950-243-617,3
1126.1,H-67,1,Harappa,Inter-Riverine,SEAL:S,seal,Bull1:II,RAN,Y,R/L,031-592,2
1127.1,H-68,1,Harappa,Inter-Riverine,SEAL:S,seal,Bull1:I,RAN,Y,R/L,072-390-002-003-220-740-090,7
1128.1,H-69,1,Harappa,Inter-Riverine,SEAL:S,seal,Bull1:I,SAN,Y,R/L,061-740,2
1129.1,H-70,1,Harappa,Inter-Riverine,SEAL:S,seal,Bull1:I,SAN,Y,R/L,491-003-390,3
1130.1,H-71,1,Harappa,Inter-Riverine,SEAL:S,seal,Bull1:I,SAN,Y,R/L,016-390,2
1131.1,H-72,1,Harappa,Inter-Riverine,SEAL:S,seal,Bull1:W,SAN,Y,R/L,142-617,2
1132.1,H-74,1,Harappa,Inter-Riverine,SEAL:S,seal,Bull1:J,RAN,Y,R/L,032-125-610-002,4
1133.1,H-75,1,Harappa,Inter-Riverine,SEAL:S,seal,Bull1:I,SAN,Y,R/L,590-390-740-400,4
1134.1,H-76,1,Harappa,Inter-Riverine,SEAL:S,seal,Gaur,Trough,Y,R/L,132-175-741-235-240-100-740,7
1136.1,H-79,1,Harappa,Inter-Riverine,SEAL:S,seal,Gaur,Trough,Y,R/L,910-740,2
1137.1,H-80,1,Harappa,Inter-Riverine,SEAL:S,seal,Gaur,Trough,Y,R/L,850-315-741-415-100-820-595,7
1138.1,H-81,1,Harappa,Inter-Riverine,SEAL:S,seal,Gaur,Trough,Y,R/L,003-156,2
1139.1,H-82,1,Harappa,Inter-Riverine,SEAL:S,seal,Gaur,Trough,Y,R/L,741-455-220-002-017-390,6
1141.1,H-85,1,Harappa,Inter-Riverine,SEAL:S,seal,Zebu,-,Y,R/L,817-002-219-520,4
1142.1,H-86,1,Harappa,Inter-Riverine,SEAL:S,seal,Zebu,,Y,R/L,031-460-520,3
1143.1,H-87,1,Harappa,Inter-Riverine,SEAL:S,seal,Buff,-,Y,R/L,703-615-740,3
1144.1,H-88,1,Harappa,Inter-Riverine,SEAL:S,seal,Rhin,Trough,Y,R/L,820-840-032-740,4
1145.1,H-89,1,Harappa,Inter-Riverine,SEAL:S,seal,Elep,,Y,R/L,920-060-741-240-232,5
1146.1,H-90,1,Harappa,Inter-Riverine,SEAL:S,seal,Elep,,Y,R/L,440-192-280-368-521,5
1147.1,H-91,1,Harappa,Inter-Riverine,SEAL:S,seal,Elep,,Y,R/L,692-060-253-070-520,5
1148.1,H-92,1,Harappa,Inter-Riverine,SEAL:S,seal,Elep,,Y,R/L,615-002-416-220-518-176-156,7
1149.1,H-93,1,Harappa,Inter-Riverine,SEAL:S,seal,Elep,Trough,Y,R/L,700-892,2
1151.1,H-96,1,Harappa,Inter-Riverine,SEAL:S,seal,CompBull,,Y,R/L,870-740-368,3
1153.1,H-98,1,Harappa,Inter-Riverine,SEAL:S,seal,,RBF,Y,R/L,920-861,2
1153.1,H-98,2,Harappa,Inter-Riverine,SEAL:S,seal,,RBF,Y,R/L,016-220-520,3
1154.1,H-99,1,Harappa,Inter-Riverine,SEAL:S,seal,Othr,,Y,L/R,400-565,2
1158.1,H-1005,1,Harappa,Inter-Riverine,POT:T:g,pottery,,,Y,R/L,316-323-530-748,4
1161.1,H-101,1,Harappa,Inter-Riverine,SEAL:S,seal,,,Y,L/R,740-760-440,3
1164.1,H-1014,1,Harappa,Inter-Riverine,MISC,other,,,Y,R/L,861-013-016-407,4
1166.1,H-1017,1,Harappa,Inter-Riverine,ROD,other,Bult,,Y,R/L,550-060-556,3
1168.1,H-102,1,Harappa,Inter-Riverine,SEAL:S,seal,Bull1:W,SAN,Y,R/L,861-741,2
1168.2,H-102,1,Harappa,Inter-Riverine,SEAL:S,seal,Bull1:W,SAN,Y,R/L,861-741-240-630-740,5
1169.1,H-103,1,Harappa,Inter-Riverine,SEAL:S,seal,,,Y,R/L,097-159,2
1169.1,H-103,2,Harappa,Inter-Riverine,SEAL:S,seal,,,Y,R/L,705-033-520,3
1169.1,H-103,3,Harappa,Inter-Riverine,SEAL:S,seal,,,Y,R/L,806-415-220-717-740,5
1170.1,H-129,1,Harappa,Inter-Riverine,SEAL:R,seal,,,Y,R/L,165-244-861-002-031-220-235-740-061-409,10
1171.1,H-130,1,Harappa,Inter-Riverine,SEAL:R,seal,,,Y,R/L,717-125-812-595-002-806-231-705-033-845-032-409,12
1173.1,H-132,1,Harappa,Inter-Riverine,SEAL:R,seal,,,Y,R/L,798-231-233-740-845-407-471-806-154,9
1174.1,H-133,1,Harappa,Inter-Riverine,SEAL:R,seal,,,Y,R/L,692-060-798-415-220-554-740,7
1175.1,H-134,1,Harappa,Inter-Riverine,SEAL:R,seal,,,Y,R/L,861-002-003-220-590-405-740,7
1176.1,H-135,1,Harappa,Inter-Riverine,SEAL:R,seal,,,Y,R/L,861-002-806-231-773-740,6
1178.1,H-137,1,Harappa,Inter-Riverine,SEAL:R,seal,,,Y,R/L,817-002-233-705-033-388-443-740,8
1179.1,H-138,1,Harappa,Inter-Riverine,SEAL:R,seal,,,Y,R/L,388-740,2
1180.1,H-139,1,Harappa,Inter-Riverine,SEAL:R,seal,,,Y,R/L,503-861-368,3
1181.1,H-140,1,Harappa,Inter-Riverine,SEAL:R,seal,,,Y,R/L,817-002-032-384-740,5
1182.1,H-141,1,Harappa,Inter-Riverine,SEAL:R,seal,,,Y,R/L,235-233-002-070-003-900-032-405,8
1183.1,H-142,1,Harappa,Inter-Riverine,SEAL:R,seal,,,Y,R/L,692-060-832-811-267-740,6
1184.1,H-143,1,Harappa,Inter-Riverine,SEAL:R,seal,,,Y,R/L,032-877-740-001-469-806-154,7
1185.1,H-144,1,Harappa,Inter-Riverine,SEAL:R,seal,,,Y,R/L,193-892-203,3
1187.1,H-146,1,Harappa,Inter-Riverine,SEAL:R,seal,,,Y,R/L,031-467-806-154,4
1188.1,H-147,1,Harappa,Inter-Riverine,SEAL:R,seal,,,Y,R/L,013-840-740,3
1189.1,H-148,1,Harappa,Inter-Riverine,SEAL:R,seal,,,Y,R/L,235-240-520,3
1190.1,H-149,1,Harappa,Inter-Riverine,SEAL:R,seal,,,Y,R/L,820-002-220-630-794-706-033-061-405,9
1191.1,H-150,1,Harappa,Inter-Riverine,SEAL:R,seal,,,Y,R/L,918-740-063,3
1192.1,H-151,1,Harappa,Inter-Riverine,SEAL:R,seal,,,Y,R/L,193-060-017-407,4
1193.1,H-152,1,Harappa,Inter-Riverine,SEAL:R,seal,,,Y,R/L,468-806-154,3
1194.1,H-153,1,Harappa,Inter-Riverine,SEAL:R,seal,,,Y,R/L,140-706-064,3
1195.1,H-154,1,Harappa,Inter-Riverine,SEAL:R,seal,,,Y,R/L,817-013-467-806-154,5
1196.1,H-155,1,Harappa,Inter-Riverine,SEAL:R,seal,,,Y,R/L,216-861-367-001-176-740,6
1197.1,H-156,1,Harappa,Inter-Riverine,SEAL:R,seal,,,Y,R/L,049-740,2
1198.1,H-157,1,Harappa,Inter-Riverine,SEAL:R,seal,,,Y,R/L,503-615-154,3
1199.1,H-158,1,Harappa,Inter-Riverine,SEAL:R,seal,,,Y,R/L,590-405-740-001-472-806-154,7
1201.1,H-160,1,Harappa,Inter-Riverine,SEAL:R,seal,,,Y,R/L,468-806-154-400,4
1201.2,H-160,1,Harappa,Inter-Riverine,SEAL:R,seal,,,Y,R/L,017-090,2
1204.1,H-164,1,Harappa,Inter-Riverine,SEAL:R,seal,,,Y,R/L,817-002-097-161,4
1206.1,H-171,1,Harappa,Inter-Riverine,TAB:B,tablet,Bull,,Y,R/L,231-798-176-740,4
1207.1,H-172,1,Harappa,Inter-Riverine,TAB:B,tablet,Gavi,,Y,R/L,440-740-400-840-712,5
1208.1,H-174,1,Harappa,Inter-Riverine,TAB:B,tablet,Gavi,,Y,R/L,503-017-740-400,4
1209.1,H-175,1,Harappa,Inter-Riverine,TAB:B,tablet,Anth,,Y,R/L,920-060-741-005-368-705-167,7
1210.1,H-176,1,Harappa,Inter-Riverine,TAB:B,tablet,Scene,,Y,R/L,821-740,2
1211.1,H-177,1,Harappa,Inter-Riverine,TAB:B,tablet,Scene,,Y,R/L,817-002-031-706-151-033-700,7
1212.1,H-178,1,Harappa,Inter-Riverine,TAB:B,tablet,Anth,,Y,R/L,717-740-400,3
1213.1,H-179,1,Harappa,Inter-Riverine,TAB:B,tablet,Scene,,Y,R/L,176-100-740,3
1214.1,H-180,1,Harappa,Inter-Riverine,TAB:B,tablet,Scene,,Y,R/L,368-330-741-590-390-151,6
1214.2,H-180,1,Harappa,Inter-Riverine,TAB:B,tablet,Scene,,Y,R/L,368-330-741-590-390-151,6
1215.1,H-182,1,Harappa,Inter-Riverine,TAB:B,tablet,Scene,,Y,R/L,840-032-740,3
1215.2,H-182,1,Harappa,Inter-Riverine,TAB:B,tablet,Scene,,Y,R/L,840-032-740,3
1216.1,H-183,1,Harappa,Inter-Riverine,TAB:B,tablet,Phyt,,Y,R/L,920-220-892-202-400,5
1217.1,H-184,1,Harappa,Inter-Riverine,TAB:B,tablet,Phyt,,Y,R/L,920-220-892-202-400,5
1218.1,H-185,1,Harappa,Inter-Riverine,TAB:B,tablet,-,-,Y,R/L,142-617,2
1219.1,H-186,1,Harappa,Inter-Riverine,TAB:B,tablet,Phyt,,Y,R/L,840-032,2
1220.1,H-187,1,Harappa,Inter-Riverine,TAB:B,tablet,Phyt,,Y,R/L,495-463-740-400,4
1221.1,H-188,1,Harappa,Inter-Riverine,TAB:B,tablet,Phyt,,Y,R/L,415-100-740-090-400,5
1222.1,H-189,1,Harappa,Inter-Riverine,TAB:B,tablet,Othr,,Y,R/L,470-806-158-400,4
1223.1,H-190,1,Harappa,Inter-Riverine,TAB:B,tablet,Phyt,,Y,R/L,465-806-158,3
1224.1,H-191,1,Harappa,Inter-Riverine,TAB:B,tablet,Phyt,,Y,R/L,354-463-798-740,4
1226.1,H-194,1,Harappa,Inter-Riverine,TAB:B,tablet,Phyt,,Y,R/L,240-590-390-740,4
1227.1,H-196,1,Harappa,Inter-Riverine,TAB:B,tablet,Mult,HBN,Y,R/L,072-740-590-407,4
1227.2,H-196,1,Harappa,Inter-Riverine,TAB:B,tablet,Mult,HBN,Y,R/L,706-167,2
1227.3,H-196,1,Harappa,Inter-Riverine,TAB:B,tablet,Mult,HBN,Y,R/L,001-100-700-032,4
1228.1,H-197,1,Harappa,Inter-Riverine,TAB:B,tablet,,HAN,Y,R/L,033-142,2
1229.1,H-198,1,Harappa,Inter-Riverine,TAB:B,tablet,,-,Y,R/L,033-142,2
1230.1,H-199,1,Harappa,Inter-Riverine,TAB:B,tablet,,,Y,R/L,240-482-752-740,4
1231.1,H-200,1,Harappa,Inter-Riverine,TAB:B,tablet,,,Y,R/L,240-482-752-740,4
1232.1,H-201,1,Harappa,Inter-Riverine,TAB:B,tablet,,,Y,R/L,240-482-752-740,4
1234.1,H-203,1,Harappa,Inter-Riverine,TAB:B,tablet,,,Y,R/L,798-415-220-740-400,5
1235.1,H-204,1,Harappa,Inter-Riverine,TAB:B,tablet,,,Y,R/L,806-235-590-405-740-400,6
1236.1,H-205,1,Harappa,Inter-Riverine,TAB:B,tablet,,,Y,R/L,850-741-048-740,4
1236.2,H-205,1,Harappa,Inter-Riverine,TAB:B,tablet,,,Y,R/L,413-575-335-711-033-700,6
1237.1,H-206,1,Harappa,Inter-Riverine,TAB:B,tablet,,,Y,R/L,621-705-204-240-642-740,6
1237.2,H-206,1,Harappa,Inter-Riverine,TAB:B,tablet,,,Y,R/L,033-700,2
1239.1,H-208,1,Harappa,Inter-Riverine,TAB:B,tablet,-,,Y,R/L,472-806-158-400,4
1240.1,H-209,1,Harappa,Inter-Riverine,TAB:B,tablet,,,Y,R/L,055-255-435-690-921-400,6
1240.2,H-209,1,Harappa,Inter-Riverine,TAB:B,tablet,,,Y,R/L,032-700,2
1241.1,H-210,1,Harappa,Inter-Riverine,TAB:B,tablet,,,Y,R/L,101-176-100-740,4
1242.1,H-211,1,Harappa,Inter-Riverine,TAB:B,tablet,,,Y,R/L,617-898-740-400,4
1242.2,H-211,1,Harappa,Inter-Riverine,TAB:B,tablet,,,Y,R/L,700-033,2
1243.1,H-212,1,Harappa,Inter-Riverine,TAB:B,tablet,,,Y,R/L,118-156-400,3
1243.2,H-212,1,Harappa,Inter-Riverine,TAB:B,tablet,,,Y,R/L,700-032,2
1244.1,H-213,1,Harappa,Inter-Riverine,TAB:B,tablet,,,Y,R/L,352-400-520-400,4
1244.2,H-213,1,Harappa,Inter-Riverine,TAB:B,tablet,,,Y,R/L,032-700,2
1245.1,H-214,1,Harappa,Inter-Riverine,TAB:B,tablet,,,Y,L/R,400-520-400-353,4
1245.2,H-214,1,Harappa,Inter-Riverine,TAB:B,tablet,,,Y,L/R,700-032,2
1246.1,H-215,1,Harappa,Inter-Riverine,TAB:B,tablet,,,Y,R/L,034-700,2
1246.2,H-215,1,Harappa,Inter-Riverine,TAB:B,tablet,,,Y,R/L,137-400,2
1247.1,H-216,1,Harappa,Inter-Riverine,TAB:B,tablet,,,Y,L/R,740-337-484,3
1247.2,H-216,1,Harappa,Inter-Riverine,TAB:B,tablet,,,Y,L/R,700-033,2
1248.1,H-217,1,Harappa,Inter-Riverine,TAB:B,tablet,,,Y,R/L,484-337-740,3
1248.2,H-217,1,Harappa,Inter-Riverine,TAB:B,tablet,,,Y,R/L,032-700,2
1249.1,H-218,1,Harappa,Inter-Riverine,TAB:B,tablet,,,Y,R/L,176-336-740,3
1249.2,H-218,1,Harappa,Inter-Riverine,TAB:B,tablet,,,Y,R/L,033-700,2
1250.1,H-219,1,Harappa,Inter-Riverine,TAB:B,tablet,,,Y,R/L,171-035-415,3
1250.2,H-219,1,Harappa,Inter-Riverine,TAB:B,tablet,,,Y,R/L,033-700,2
1253.1,H-226,1,Harappa,Inter-Riverine,TAB:B,tablet,Mult,Mult,Y,R/L,736-904-158-400,4
1254.1,H-227,1,Harappa,Inter-Riverine,TAB:B,tablet,,,Y,R/L,736-904-158-400,4
1255.1,H-228,1,Harappa,Inter-Riverine,TAB:B,tablet,Mult,Mult,Y,R/L,736-904-158-400,4
1256.1,H-229,1,Harappa,Inter-Riverine,TAB:B,tablet,,,Y,R/L,617-892-740-400,4
1256.2,H-229,1,Harappa,Inter-Riverine,TAB:B,tablet,,,Y,R/L,033-700,2
1257.1,H-230,1,Harappa,Inter-Riverine,TAB:B,tablet,Phyt,,Y,R/L,219-072-520,3
1257.2,H-230,1,Harappa,Inter-Riverine,TAB:B,tablet,Phyt,,Y,R/L,032-700,2
1258.1,H-231,1,Harappa,Inter-Riverine,TAB:B,tablet,,,Y,R/L,820-002-240-220-520,5
1258.2,H-231,1,Harappa,Inter-Riverine,TAB:B,tablet,,,Y,R/L,033-700,2
1259.1,H-232,1,Harappa,Inter-Riverine,TAB:B,tablet,,,Y,L/R,400-740-177-519,4
1259.2,H-232,1,Harappa,Inter-Riverine,TAB:B,tablet,,,Y,R/L,032-700,2
1260.1,H-233,1,Harappa,Inter-Riverine,TAB:B,tablet,,,Y,R/L,176-740-400,3
1260.2,H-233,1,Harappa,Inter-Riverine,TAB:B,tablet,,,Y,R/L,033-700,2
1262.1,H-236,1,Harappa,Inter-Riverine,TAB:B,tablet,,,Y,R/L,817-368-690,3
1262.2,H-236,1,Harappa,Inter-Riverine,TAB:B,tablet,,,Y,R/L,679-840-032-740,4
1263.1,H-237,1,Harappa,Inter-Riverine,TAB:B,tablet,,,Y,L/R,740-642-240-060-692,5
1263.2,H-237,1,Harappa,Inter-Riverine,TAB:B,tablet,,,Y,L/R,700-033,2
1264.1,H-239,1,Harappa,Inter-Riverine,TAB:B,tablet,,,Y,R/L,060-390,2
1264.1,H-239,2,Harappa,Inter-Riverine,TAB:B,tablet,,,Y,R/L,091-500-740,3
1264.2,H-239,1,Harappa,Inter-Riverine,TAB:B,tablet,,,Y,R/L,033-700,2
1265.1,H-240,1,Harappa,Inter-Riverine,TAG:P,tag,,,Y,R/L,803-233-032-904-740,5
1266.1,H-241,1,Harappa,Inter-Riverine,TAB:B,tablet,Turt,,Y,R/L,142-001,2
1268.1,H-243,1,Harappa,Inter-Riverine,TAB:B,tablet,Pipal,,Y,R/L,233-520-400,3
1269.1,H-244,1,Harappa,Inter-Riverine,TAB:B,tablet,,SAN,Y,R/L,820-002-104,3
1270.1,H-245,1,Harappa,Inter-Riverine,TAB:B,tablet,,,Y,R/L,219-740-807-400,4
1270.2,H-245,1,Harappa,Inter-Riverine,TAB:B,tablet,,,Y,R/L,033-700,2
1271.2,H-246,1,Harappa,Inter-Riverine,TAB:B,tablet,,,Y,R/L,033-700-125,3
1272.2,H-247,1,Harappa,Inter-Riverine,TAB:B,tablet,,,Y,R/L,032-116,2
1273.1,H-248,1,Harappa,Inter-Riverine,TAB:B,tablet,,,Y,R/L,798-240-233-320-920-740-400,7
1273.2,H-248,1,Harappa,Inter-Riverine,TAB:B,tablet,,,Y,R/L,033-700,2
1274.1,H-249,1,Harappa,Inter-Riverine,TAB:B,tablet,,,Y,R/L,700-033,2
1274.2,H-249,1,Harappa,Inter-Riverine,TAB:B,tablet,,,Y,R/L,233-520,2
1276.1,H-251,1,Harappa,Inter-Riverine,TAB:B,tablet,Gaur,Trough,Y,R/L,240-100-740-400,4
1276.2,H-251,1,Harappa,Inter-Riverine,TAB:B,tablet,Gaur,Trough,Y,R/L,032-700,2
1277.1,H-252,1,Harappa,Inter-Riverine,TAB:B,tablet,Bull1:I,,Y,R/L,501-405-002-240-520,5
1278.1,H-253,1,Harappa,Inter-Riverine,TAB:B,tablet,Bull1:I,,Y,R/L,501-405-002-240-520,5
1279.1,H-254,1,Harappa,Inter-Riverine,TAB:B,tablet,Bull1:I,,Y,R/L,501-405-002-240-520,5
1280.1,H-255,1,Harappa,Inter-Riverine,TAB:B,tablet,Bull1:I,,Y,R/L,501-405-002-240-520,5
1281.1,H-256,1,Harappa,Inter-Riverine,TAB:B,tablet,Bull1:I,,Y,R/L,501-405-002-240-520,5
1282.1,H-257,1,Harappa,Inter-Riverine,TAB:B,tablet,Bull1:I,,Y,R/L,501-405-002-240-520,5
1283.1,H-258,1,Harappa,Inter-Riverine,TAB:B,tablet,Bull1:I,,Y,R/L,501-405-002-240-520,5
1284.1,H-259,1,Harappa,Inter-Riverine,TAB:B,tablet,Bull1:I,,Y,R/L,501-405-002-240-520,5
1285.1,H-260,1,Harappa,Inter-Riverine,TAB:B,tablet,Bull1,,Y,R/L,501-405-002-240-520,5
1286.1,H-261,1,Harappa,Inter-Riverine,TAB:B,tablet,Bull1:I,,Y,R/L,501-405-002-240-520,5
1287.1,H-262,1,Harappa,Inter-Riverine,TAB:B,tablet,Bull1:I,,Y,R/L,501-405-002-240-520,5
1288.1,H-263,1,Harappa,Inter-Riverine,TAB:B,tablet,Bull1:I,,Y,R/L,501-405-002-240-520,5
1289.1,H-264,1,Harappa,Inter-Riverine,TAB:B,tablet,Bull1:I,,Y,R/L,501-405-002-240-520,5
1290.1,H-265,1,Harappa,Inter-Riverine,TAB:B,tablet,Bull1,,Y,R/L,501-405-002-240-520,5
1293.1,H-268,1,Harappa,Inter-Riverine,SEAL:S,seal,Bull1:W,SAN,Y,R/L,920-455-220-002-803-706-033-017-585-740,10
1294.1,H-270,1,Harappa,Inter-Riverine,SEAL:S,seal,Bull1:W,SAN,Y,R/L,617-742-803-798-415-220-055-482-740,9
1295.1,H-271,1,Harappa,Inter-Riverine,SEAL:S,seal,Bull1,-,Y,R/L,745-717-420-595,4
1296.1,H-272,1,Harappa,Inter-Riverine,SEAL:S,seal,Bull1,-,Y,R/L,904-032-305-002-240-017-585-740,8
1298.1,H-276,1,Harappa,Inter-Riverine,TAB:B,tablet,Bull1:I,,Y,R/L,501-405-002-240-520,5
1299.1,H-277,1,Harappa,Inter-Riverine,TAB:B,tablet,Bull1,,Y,R/L,501-405-002-240-520,5
1300.1,H-278,1,Harappa,Inter-Riverine,TAB:B,tablet,Gavi,,Y,R/L,803-415-220-318-920-255-436-690-590-407-740,11
1301.1,H-279,1,Harappa,Inter-Riverine,TAB:B,tablet,Gavi,,Y,R/L,803-415-220-318-920-255-436-690-590-407-740,11
1302.1,H-280,1,Harappa,Inter-Riverine,TAB:B,tablet,Gavi,,Y,R/L,803-415-220-318-920-255-436-690-590-407-740,11
1303.1,H-281,1,Harappa,Inter-Riverine,TAB:B,tablet,Gavi,,Y,R/L,803-415-220-318-920-255-436-690-590-407-740,11
1304.1,H-282,1,Harappa,Inter-Riverine,TAB:B,tablet,Gavi,,Y,R/L,803-415-220-318-920-255-436-690-590-407-740,11
1305.1,H-283,1,Harappa,Inter-Riverine,TAB:B,tablet,Gavi,,Y,R/L,803-415-220-318-920-255-436-690-590-407-740,11
1306.1,H-284,1,Harappa,Inter-Riverine,TAB:B,tablet,Gavi,,Y,R/L,803-415-220-318-920-255-436-690-590-407-740,11
1307.2,H-285,1,Harappa,Inter-Riverine,TAB:I,tablet,,,Y,R/L,034-700,2
1308.1,H-286,1,Harappa,Inter-Riverine,TAB:I,tablet,Goat:2,,Y,R/L,090-400,2
1309.1,H-287,1,Harappa,Inter-Riverine,TAB:I,tablet,Gavi,,Y,L/R,400-740-760-605,4
1310.1,H-288,1,Harappa,Inter-Riverine,TAB:I,tablet,Fish,,Y,R/L,003-156,2
1311.1,H-289,1,Harappa,Inter-Riverine,TAB:I,tablet,Pipal,,Y,L/R,740-783-004,3
1312.1,H-290,1,Harappa,Inter-Riverine,TAB:I,tablet,Pipal,,Y,L/R,740-783-004,3
1314.1,H-292,1,Harappa,Inter-Riverine,TAB:I,tablet,,SAN,Y,R/L,817-002,2
1315.1,H-293,1,Harappa,Inter-Riverine,TAB:I,tablet,,SAN,Y,R/L,817-002,2
1317.1,H-295,1,Harappa,Inter-Riverine,SEAL:S,seal,Bult,,Y,R/L,032-511,2
1318.1,H-296,1,Harappa,Inter-Riverine,TAB:I,tablet,,,Y,R/L,920-017-575-740-400,5
1318.2,H-296,1,Harappa,Inter-Riverine,TAB:I,tablet,,,Y,R/L,033-700,2
1319.1,H-297,1,Harappa,Inter-Riverine,TAB:I,tablet,,,Y,R/L,706-630-336-151-400,5
1319.2,H-297,1,Harappa,Inter-Riverine,TAB:I,tablet,,,Y,R/L,034-700,2
1320.1,H-298,1,Harappa,Inter-Riverine,TAB:I,tablet,,,Y,R/L,240-636-740-400,4
1320.2,H-298,1,Harappa,Inter-Riverine,TAB:I,tablet,,,Y,R/L,126-700,2
1321.1,H-299,1,Harappa,Inter-Riverine,TAB:I,tablet,,,Y,R/L,590-706-868,3
1321.2,H-299,1,Harappa,Inter-Riverine,TAB:I,tablet,,,Y,L/R,400-156-435-255,4
1322.1,H-300,1,Harappa,Inter-Riverine,TAB:I,tablet,,,Y,R/L,817-368-690,3
1322.2,H-300,1,Harappa,Inter-Riverine,TAB:I,tablet,,,Y,R/L,495-776-740-400,4
1323.1,H-301,1,Harappa,Inter-Riverine,TAB:I,tablet,,,Y,R/L,413-892-824,3
1323.2,H-301,1,Harappa,Inter-Riverine,TAB:I,tablet,,,Y,R/L,171-032-031-240-636-740-400,7
1324.1,H-302,1,Harappa,Inter-Riverine,TAB:I,tablet,,,Y,R/L,004-700-220,3
1324.2,H-302,1,Harappa,Inter-Riverine,TAB:I,tablet,,,Y,R/L,416-220-740-760-400,5
1325.1,H-303,1,Harappa,Inter-Riverine,TAB:I,tablet,,,Y,R/L,027-032-740-400,4
1325.2,H-303,1,Harappa,Inter-Riverine,TAB:I,tablet,,,Y,R/L,033-700,2
1326.1,H-304,1,Harappa,Inter-Riverine,TAB:I,tablet,,,Y,R/L,681-690,2
1326.2,H-304,1,Harappa,Inter-Riverine,TAB:I,tablet,,,Y,R/L,059-032-740,3
1327.1,H-305,1,Harappa,Inter-Riverine,TAB:I,tablet,,,Y,L/R,003-861-031,3
1327.2,H-305,1,Harappa,Inter-Riverine,TAB:I,tablet,,,Y,L/R,740-255-061,3
1328.1,H-306,1,Harappa,Inter-Riverine,TAB:I,tablet,,,Y,L/R,740-032-840,3
1328.2,H-306,1,Harappa,Inter-Riverine,TAB:I,tablet,,,Y,R/L,033-700,2
1329.1,H-307,1,Harappa,Inter-Riverine,TAB:I,tablet,,,Y,R/L,900-368,2
1329.2,H-307,1,Harappa,Inter-Riverine,TAB:I,tablet,,,Y,R/L,034-700,2
1330.1,H-308,1,Harappa,Inter-Riverine,TAB:I,tablet,,,Y,R/L,176-740-400,3
1330.2,H-308,1,Harappa,Inter-Riverine,TAB:I,tablet,,,Y,R/L,034-700,2
1331.1,H-309,1,Harappa,Inter-Riverine,TAB:I,tablet,,,Y,R/L,176-740-400,3
1331.2,H-309,1,Harappa,Inter-Riverine,TAB:I,tablet,,,Y,R/L,033-700,2
1332.1,H-310,1,Harappa,Inter-Riverine,SEAL:R,seal,,,Y,R/L,003-231-740,3
1333.1,H-311,1,Harappa,Inter-Riverine,TAB:I,tablet,,,Y,L/R,400-740-178,3
1333.2,H-311,1,Harappa,Inter-Riverine,TAB:I,tablet,,,Y,R/L,033-700,2
1334.1,H-312,1,Harappa,Inter-Riverine,TAB:I,tablet,,,Y,R/L,176-740-400,3
1334.2,H-312,1,Harappa,Inter-Riverine,TAB:I,tablet,,,Y,R/L,034-700,2
1335.1,H-313,1,Harappa,Inter-Riverine,TAB:I,tablet,,,Y,R/L,176-740-400,3
1335.2,H-313,1,Harappa,Inter-Riverine,TAB:I,tablet,,,Y,R/L,034-700,2
1336.1,H-314,1,Harappa,Inter-Riverine,TAB:I,tablet,,,Y,R/L,176-740-400,3
1336.2,H-314,1,Harappa,Inter-Riverine,TAB:I,tablet,,,Y,R/L,034-700,2
1337.1,H-315,1,Harappa,Inter-Riverine,TAB:I,tablet,,,Y,R/L,176-740-400,3
1337.2,H-315,1,Harappa,Inter-Riverine,TAB:I,tablet,,,Y,R/L,032-700,2
1338.1,H-316,1,Harappa,Inter-Riverine,TAB:I,tablet,,,Y,R/L,176-740-400,3
1338.2,H-316,1,Harappa,Inter-Riverine,TAB:I,tablet,,,Y,R/L,033-700,2
1339.1,H-317,1,Harappa,Inter-Riverine,TAB:I,tablet,,,Y,R/L,176-740-400,3
1339.2,H-317,1,Harappa,Inter-Riverine,TAB:I,tablet,,,Y,R/L,034-700,2
1341.1,H-319,1,Harappa,Inter-Riverine,TAB:I,tablet,,,Y,R/L,415-220-520,3
1341.2,H-319,1,Harappa,Inter-Riverine,TAB:I,tablet,,,Y,R/L,034-700,2
1342.2,H-320,1,Harappa,Inter-Riverine,TAB:I,tablet,,,Y,R/L,034-700,2
1343.1,H-321,1,Harappa,Inter-Riverine,TAB:I,tablet,,,Y,L/R,740-690-630-240,4
1343.2,H-321,1,Harappa,Inter-Riverine,TAB:I,tablet,,,Y,R/L,700-032,2
1344.1,H-322,1,Harappa,Inter-Riverine,TAB:I,tablet,,,Y,R/L,028-032-740-400,4
1344.2,H-322,1,Harappa,Inter-Riverine,TAB:I,tablet,,,Y,R/L,032-700,2
1345.1,H-323,1,Harappa,Inter-Riverine,TAB:I,tablet,,,Y,R/L,240-100-740,3
1345.2,H-323,1,Harappa,Inter-Riverine,TAB:I,tablet,,,Y,R/L,700-033,2
1346.1,H-324,1,Harappa,Inter-Riverine,TAB:I,tablet,,,Y,R/L,031-384-156-400,4
1346.2,H-324,1,Harappa,Inter-Riverine,TAB:I,tablet,,,Y,R/L,034-700,2
1347.2,H-325,1,Harappa,Inter-Riverine,TAB:I,tablet,,,Y,R/L,926-740,2
1348.1,H-326,1,Harappa,Inter-Riverine,TAB:I,tablet,,,Y,R/L,013-840-740,3
1348.2,H-326,1,Harappa,Inter-Riverine,TAB:I,tablet,,,Y,R/L,033-700,2
1349.2,H-327,1,Harappa,Inter-Riverine,TAB:I,tablet,,,Y,R/L,032-700,2
1350.1,H-328,1,Harappa,Inter-Riverine,TAB:I,tablet,,,Y,R/L,004-690,2
1350.2,H-328,1,Harappa,Inter-Riverine,TAB:I,tablet,,,Y,R/L,235-717-741-400,4
1351.1,H-329,1,Harappa,Inter-Riverine,TAB:I,tablet,,,Y,R/L,220-520,2
1351.2,H-329,1,Harappa,Inter-Riverine,TAB:I,tablet,,,Y,R/L,033-700,2
1353.1,H-331,1,Harappa,Inter-Riverine,TAB:I,tablet,,,Y,R/L,829-892-400,3
1355.1,H-334,1,Harappa,Inter-Riverine,TAB:I,tablet,,,Y,R/L,829-892-400,3
1356.1,H-335,1,Harappa,Inter-Riverine,TAB:I,tablet,,,Y,R/L,034-390,2
1361.2,H-340,1,Harappa,Inter-Riverine,TAB:I,tablet,,,Y,R/L,032-700,2
1362.1,H-341,1,Harappa,Inter-Riverine,TAB:I,tablet,,,Y,R/L,176-336-740-400,4
1362.2,H-341,1,Harappa,Inter-Riverine,TAB:I,tablet,,,Y,R/L,032-700,2
1363.1,H-343,1,Harappa,Inter-Riverine,TAB:I,tablet,,,Y,R/L,877-861-740,3
1363.2,H-343,1,Harappa,Inter-Riverine,TAB:I,tablet,,,Y,R/L,033-700,2
1364.1,H-344,1,Harappa,Inter-Riverine,TAB:I,tablet,,,Y,L/R,526-550-220,3
1364.2,H-344,1,Harappa,Inter-Riverine,TAB:I,tablet,,,Y,R/L,033-700,2
1365.1,H-345,1,Harappa,Inter-Riverine,TAB:I,tablet,,,Y,R/L,362-740-090,3
1365.2,H-345,1,Harappa,Inter-Riverine,TAB:I,tablet,,,Y,R/L,033-700,2
1366.1,H-346,1,Harappa,Inter-Riverine,TAB:I,tablet,,,Y,R/L,415-220-520,3
1366.2,H-346,1,Harappa,Inter-Riverine,TAB:I,tablet,,,Y,R/L,090-700,2
1367.1,H-347,1,Harappa,Inter-Riverine,TAB:I,tablet,,,Y,R/L,098-400,2
1369.1,H-350,1,Harappa,Inter-Riverine,TAB:I,tablet,Fish,,Y,R/L,240-642-690-740,4
1369.2,H-350,1,Harappa,Inter-Riverine,TAB:I,tablet,Fish,,Y,R/L,034-700,2
1370.1,H-351,1,Harappa,Inter-Riverine,TAB:I,tablet,X,,Y,R/L,013-060-032-740-400,5
1370.2,H-351,1,Harappa,Inter-Riverine,TAB:I,tablet,X,,Y,R/L,034-700,2
1371.1,H-352,1,Harappa,Inter-Riverine,SEAL:R,seal,Bult,,Y,R/L,176-740-400,3
1371.2,H-352,1,Harappa,Inter-Riverine,SEAL:R,seal,Bult,,Y,R/L,033-700,2
1372.1,H-353,1,Harappa,Inter-Riverine,TAB:I,tablet,Bult,,Y,R/L,176-740-400,3
1372.2,H-353,1,Harappa,Inter-Riverine,TAB:I,tablet,Bult,,Y,R/L,033-700,2
1373.1,H-354,1,Harappa,Inter-Riverine,SEAL:R,seal,Bult,,Y,R/L,176-740-400,3
1373.2,H-354,1,Harappa,Inter-Riverine,SEAL:R,seal,Bult,,Y,R/L,033-700,2
1374.1,H-355,1,Harappa,Inter-Riverine,TAB:I,tablet,,,Y,R/L,176-740-400,3
1374.2,H-355,1,Harappa,Inter-Riverine,TAB:I,tablet,,,Y,R/L,033-700,2
1374.3,H-355,1,Harappa,Inter-Riverine,TAB:I,tablet,,,Y,R/L,033-700,2
1375.1,H-356,1,Harappa,Inter-Riverine,TAB:I,tablet,Bult,,Y,R/L,033-700,2
1375.2,H-356,1,Harappa,Inter-Riverine,TAB:I,tablet,Bult,,Y,R/L,176-740-400,3
1376.1,H-357,1,Harappa,Inter-Riverine,TAB:I,tablet,Bult,,Y,R/L,176-740-400,3
1376.2,H-357,1,Harappa,Inter-Riverine,TAB:I,tablet,Bult,,Y,R/L,033-700,2
1377.1,H-358,1,Harappa,Inter-Riverine,TAB:I,tablet,,,Y,R/L,255-435-156-400,4
1377.2,H-358,1,Harappa,Inter-Riverine,TAB:I,tablet,,,Y,R/L,700-034,2
1378.1,H-359,1,Harappa,Inter-Riverine,TAB:I,tablet,Bult,,Y,L/R,526-550-220,3
1378.2,H-359,1,Harappa,Inter-Riverine,TAB:I,tablet,Bult,,Y,R/L,700-032,2
1379.1,H-360,1,Harappa,Inter-Riverine,TAB:I,tablet,Bult,,Y,R/L,415-578-032-824,4
1379.2,H-360,1,Harappa,Inter-Riverine,TAB:I,tablet,Bult,,Y,R/L,692-060-240-636-740,5
1380.2,H-361,1,Harappa,Inter-Riverine,TAB:I,tablet,Bult,,Y,R/L,032-700,2
1381.1,H-362,1,Harappa,Inter-Riverine,TAB:I,tablet,Bult,,Y,R/L,797-760-740,3
1381.2,H-362,1,Harappa,Inter-Riverine,TAB:I,tablet,Bult,,Y,R/L,032-700,2
1382.1,H-363,1,Harappa,Inter-Riverine,TAB:I,tablet,Mult,,Y,R/L,263-741-565,3
1382.2,H-363,1,Harappa,Inter-Riverine,TAB:I,tablet,Mult,,Y,R/L,034-700,2
1382.3,H-363,1,Harappa,Inter-Riverine,TAB:I,tablet,Mult,,Y,R/L,892-692,2
1383.1,H-364,1,Harappa,Inter-Riverine,TAB:I,tablet,Fish,,Y,R/L,415-220-520,3
1385.1,H-366,1,Harappa,Inter-Riverine,TAB:I,tablet,Fish,,Y,R/L,003-154,2
1387.1,H-368,1,Harappa,Inter-Riverine,SEAL:CY,seal,,,Y,R/L,031-384-156-400,4
1388.1,H-369,1,Harappa,Inter-Riverine,SEAL:CY,seal,,,Y,L/R,368-033-705-031-741-390-741,7
1388.2,H-369,1,Harappa,Inter-Riverine,SEAL:CY,seal,,,Y,R/L,033-700,2
1390.1,H-371,1,Harappa,Inter-Riverine,POT:T:g,pottery,,,Y,L/R,700-036,2
1391.1,H-372,1,Harappa,Inter-Riverine,POT:T:g,pottery,,,Y,R/L,033-700,2
1396.1,H-380,1,Harappa,Inter-Riverine,IMPL,other,,,Y,R/L,920-632-930,3
1397.1,H-381,1,Harappa,Inter-Riverine,IMPL,other,,,Y,R/L,632-930,2
1400.1,H-386,1,Harappa,Inter-Riverine,SEAL:S,seal,Bull1:W,SAN,Y,R/L,201-060-798-415-240-055-740-555-527,9
1401.1,H-388,1,Harappa,Inter-Riverine,SEAL:S,seal,Bull1:W,SAF,Y,R/L,817-002-806-231-706-033-520,7
1402.1,H-389,1,Harappa,Inter-Riverine,SEAL:S,seal,Bull1:W,SAN,Y,R/L,625-480-031-002-235-590-405-740,8
1404.1,H-391,1,Harappa,Inter-Riverine,SEAL:S,seal,Bull1:I,-,Y,R/L,920-060-235-504-031-740,6
1410.1,H-405,1,Harappa,Inter-Riverine,SEAL:S,seal,Bull1:W,SAN,Y,R/L,863-002-806-236,4
1412.1,H-407,1,Harappa,Inter-Riverine,SEAL:S,seal,Bull1:W,SAF,Y,R/L,817-002-003-390,4
1413.1,H-408,1,Harappa,Inter-Riverine,SEAL:S,seal,Bull1:W,SAN,Y,R/L,503-702-002-240-176-740,6
1414.1,H-410,1,Harappa,Inter-Riverine,SEAL:S,seal,Bull1:L,SAN,Y,R/L,861-002-830-840-368,5
1415.1,H-411,1,Harappa,Inter-Riverine,SEAL:S,seal,Bull1:J,SAF,Y,R/L,820-001-240-440-740,5
1416.1,H-412,1,Harappa,Inter-Riverine,SEAL:S,seal,Bull1:I,SAN,Y,R/L,831-741-032-220-233-161,6
1422.1,H-420,1,Harappa,Inter-Riverine,SEAL:S,seal,Bull1:W,SAN,Y,R/L,140-388-443-740-001-004-407,7
1423.1,H-421,1,Harappa,Inter-Riverine,SEAL:S,seal,Bull1:W,SAN,Y,R/L,550-060-240-740-679,5
1430.1,H-440,1,Harappa,Inter-Riverine,SEAL:S,seal,Bull1:W,SAN,Y,R/L,031-240-740-090,4
1431.1,H-441,1,Harappa,Inter-Riverine,SEAL:S,seal,Bull1:W,SAN,Y,R/L,484-337-740,3
1434.1,H-444,1,Harappa,Inter-Riverine,SEAL:S,seal,Bull1:W,SAF,Y,R/L,861-002-032-220-241,5
1436.1,H-446,1,Harappa,Inter-Riverine,SEAL:S,seal,Bull1:J,SAN,Y,R/L,216-861-002-798-585-740,6
1439.1,H-449,1,Harappa,Inter-Riverine,SEAL:S,seal,Bull1:W,SAN,Y,R/L,728-390-741-240-590-390-740,7
1440.1,H-450,1,Harappa,Inter-Riverine,SEAL:S,seal,Bull1:J,SAN,Y,R/L,003-900-702-741-240-100-740,7
1441.1,H-451,1,Harappa,Inter-Riverine,SEAL:S,seal,Bull1:W,SAN,Y,R/L,061-142-400-740,4
1442.1,H-452,1,Harappa,Inter-Riverine,SEAL:S,seal,Bull1:L,-,Y,R/L,266-740,2
1444.1,H-454,1,Harappa,Inter-Riverine,SEAL:S,seal,Bull1:J,RAN,Y,R/L,700-742-590-390-740,5
1445.1,H-455,1,Harappa,Inter-Riverine,SEAL:S,seal,Bull1:J,SAN,Y,R/L,032-172-002-705-033-520,6
1446.1,H-456,1,Harappa,Inter-Riverine,SEAL:S,seal,Bull1:I,SAN,Y,R/L,808-817-002-706-033-520,6
1447.1,H-457,1,Harappa,Inter-Riverine,SEAL:S,seal,Bull1:J,SAF,Y,R/L,416-002-003-798-740,5
1448.1,H-458,1,Harappa,Inter-Riverine,SEAL:S,seal,Bull1:I,SAN,Y,R/L,575-861-368,3
1449.1,H-459,1,Harappa,Inter-Riverine,SEAL:S,seal,Bull1:T,SAN,Y,R/L,817-002-231-555-527,5
1456.1,H-468,1,Harappa,Inter-Riverine,SEAL:S,seal,Bull1:J,HAF,Y,R/L,705-940-002-003-900-740,6
1457.1,H-469,1,Harappa,Inter-Riverine,SEAL:S,seal,Bull1:J,RAN,Y,R/L,013-840-760-740,4
1459.1,H-472,1,Harappa,Inter-Riverine,SEAL:S,seal,Bull1,-,Y,R/L,820-002-002-900-585-740,6
1460.1,H-473,1,Harappa,Inter-Riverine,SEAL:S,seal,Bull1:W,SAN,Y,R/L,545-576-861,3
1461.1,H-474,1,Harappa,Inter-Riverine,SEAL:S,seal,Bull1:W,SAN,Y,R/L,900-484-482-900-740,5
1462.1,H-475,1,Harappa,Inter-Riverine,SEAL:S,seal,Bull1:W,SAN,Y,R/L,416-740,2
1465.1,H-477,1,Harappa,Inter-Riverine,SEAL:S,seal,Bull1:W,SAN,Y,R/L,455-752-595-001-138,5
1466.1,H-478,1,Harappa,Inter-Riverine,SEAL:S,seal,Bull1:W,SAN,Y,R/L,817-002-235-770-740,5
1467.1,H-479,1,Harappa,Inter-Riverine,SEAL:S,seal,Bull1:W,SAN,Y,R/L,790-590-405-740,4
1471.1,H-483,1,Harappa,Inter-Riverine,SEAL:S,seal,Bull1,-,Y,R/L,550-060-233-840-032-740,6
1478.1,H-499,1,Harappa,Inter-Riverine,SEAL:S,seal,Bull1:S,SAN,Y,R/L,003-156,2
1479.1,H-501,1,Harappa,Inter-Riverine,SEAL:S,seal,Bull1,SAN,Y,R/L,817-002-803-233-520,5
1480.1,H-502,1,Harappa,Inter-Riverine,SEAL:S,seal,Bull1:J,SAN,Y,R/L,032-220-740-090,4
1481.1,H-503,1,Harappa,Inter-Riverine,SEAL:S,seal,Bull1:J,HAN,Y,R/L,175-520,2
1483.1,H-505,1,Harappa,Inter-Riverine,SEAL:S,seal,Bull1:I,SAN,Y,R/L,140-527,2
1484.1,H-506,1,Harappa,Inter-Riverine,SEAL:S,seal,Bull1:I,SAN,Y,R/L,820-002-820-595-350-294,6
1487.1,H-510,1,Harappa,Inter-Riverine,SEAL:S,seal,Bull1:I,-,Y,R/L,795-060-590-390-740,5
1488.1,H-511,1,Harappa,Inter-Riverine,SEAL:S,seal,Bull1:I,RAN,Y,R/L,871-390,2
1489.1,H-512,1,Harappa,Inter-Riverine,SEAL:S,seal,Bull1:I,SAN,Y,R/L,005-900-740,3
1490.1,H-513,1,Harappa,Inter-Riverine,SEAL:S,seal,Bull1:U,RAN,Y,R/L,528-833-111,3
1491.1,H-514,1,Harappa,Inter-Riverine,SEAL:S,seal,Bull1:W,RAN,Y,R/L,820-002-016-220-151,5
1492.1,H-515,1,Harappa,Inter-Riverine,SEAL:S,seal,Bull1:S,RAN,Y,R/L,032-590-741-350-463-798-740,7
1493.1,H-516,1,Harappa,Inter-Riverine,SEAL:S,seal,Bull1:I,RAN,Y,R/L,031-156,2
1495.1,H-518,1,Harappa,Inter-Riverine,SEAL:S,seal,Bull1:W,SAN,Y,R/L,004-407,2
1496.1,H-519,1,Harappa,Inter-Riverine,SEAL:S,seal,Bull1:L,SAN,Y,R/L,700-741-033-904-740,5
1497.1,H-521,1,Harappa,Inter-Riverine,SEAL:S,seal,Bull1,-,Y,R/L,061-740,2
1501.1,H-530,1,Harappa,Inter-Riverine,SEAL:S,seal,Bull1,SAN,Y,R/L,031-350-400-520,4
1510.1,H-550,1,Harappa,Inter-Riverine,SEAL:S,seal,-,-,Y,R/L,031-706-033-520,4
1518.1,H-565,1,Harappa,Inter-Riverine,SEAL:S,seal,-,-,Y,R/L,061-171-035-740-090,5
1530.1,H-580,1,Harappa,Inter-Riverine,SEAL:S,seal,Gaur,Trough,Y,R/L,690-060-511-269-740,5
1532.1,H-584,1,Harappa,Inter-Riverine,SEAL:S,seal,Gaur,-,Y,R/L,139-400,2
1533.1,H-586,1,Harappa,Inter-Riverine,SEAL:S,seal,Zebu,-,Y,R/L,032-877-740,3
1534.1,H-589,1,Harappa,Inter-Riverine,SEAL:S,seal,Buff,-,Y,R/L,033-005-900-740,4
1535.1,H-591,1,Harappa,Inter-Riverine,SEAL:S,seal,Elep,-,Y,R/L,741-031-221-400,4
1536.1,H-592,1,Harappa,Inter-Riverine,SEAL:S,seal,Gaur,-,Y,R/L,803-415-220-017-575-740,6
1539.1,H-596,1,Harappa,Inter-Riverine,SEAL:S,seal,,,Y,L/R,390-003,2
1540.1,H-597,1,Harappa,Inter-Riverine,SEAL:S,seal,Bull1:J,SAN,Y,R/L,861-002-032-070-590-390-740,7
1540.2,H-597,1,Harappa,Inter-Riverine,SEAL:S,seal,Bull1:J,SAN,Y,R/L,861-002-032-070-590-390-740,7
1541.2,H-598,1,Harappa,Inter-Riverine,SEAL:S,seal,Bull1:W,SAN,Y,R/L,777-255-435-002-240-639-740,7
1543.1,H-600,1,Harappa,Inter-Riverine,SEAL:S,seal,Bull1:I,SAF,Y,R/L,260-368-002,3
1544.1,H-601,1,Harappa,Inter-Riverine,SEAL:S,seal,Bull1,SAN,Y,R/L,032-220-233-717-740,5
1548.1,H-608,1,Harappa,Inter-Riverine,SEAL:S,seal,-,-,Y,R/L,220-140,2
1548.1,H-608,2,Harappa,Inter-Riverine,SEAL:S,seal,-,-,Y,R/L,530,1
1551.1,H-611,1,Harappa,Inter-Riverine,SEAL:S,seal,,,Y,R/L,590-125-002-550-527,5
1552.1,H-612,1,Harappa,Inter-Riverine,SEAL:S,seal,Bull1:L,SAN,Y,R/L,825-002-495-615-740,5
1552.2,H-612,1,Harappa,Inter-Riverine,SEAL:S,seal,Bull1:L,SAN,Y,R/L,615-001-893-590-892-740,6
1557.1,H-642,1,Harappa,Inter-Riverine,SEAL:R,seal,,,Y,R/L,033-812-125-354-304-001,6
1560.1,H-645,1,Harappa,Inter-Riverine,SEAL:R,seal,,,Y,R/L,550-740-632-595,4
1564.1,H-649,1,Harappa,Inter-Riverine,SEAL:R,seal,,,Y,R/L,820-002-806-240-233-705-033-520,8
1569.1,H-654,1,Harappa,Inter-Riverine,SEAL:R,seal,,,Y,R/L,806-740-061-405,4
1574.1,H-659,1,Harappa,Inter-Riverine,SEAL:R,seal,,,Y,R/L,263-365-798-240-233-740-140-845-407,9
1575.1,H-660,1,Harappa,Inter-Riverine,SEAL:R,seal,,,Y,R/L,798-240-706-033-095-520,6
1576.1,-,1,Dholavira,Gujarat/Kutch,SEAL:S,seal,Bull1,SAN,Y,R/L,017-590-740,3
1580.1,H-665,1,Harappa,Inter-Riverine,SEAL:R,seal,,,Y,R/L,692-060-004-407,4
1581.1,H-666,1,Harappa,Inter-Riverine,SEAL:R,seal,,,Y,R/L,484-626-503-007-740,5
1583.1,H-668,1,Harappa,Inter-Riverine,SEAL:R,seal,,,Y,R/L,740-790,2
1584.1,H-669,1,Harappa,Inter-Riverine,SEAL:R,seal,,,Y,R/L,032-220-740,3
1585.1,H-670,1,Harappa,Inter-Riverine,SEAL:R,seal,,,Y,R/L,468-806-154,3
1586.1,H-679,1,Harappa,Inter-Riverine,SEAL:R,seal,,,Y,R/L,806-565,2
1587.1,H-680,1,Harappa,Inter-Riverine,SEAL:R,seal,,,Y,R/L,104-554-527,3
1588.1,H-681,1,Harappa,Inter-Riverine,SEAL:R,seal,,,Y,R/L,468-806-154,3
1594.1,H-688,1,Harappa,Inter-Riverine,SEAL,seal,,,Y,R/L,165-831-861-002-233-520,6
1599.1,H-694,1,Harappa,Inter-Riverine,TAB:B,tablet,Bull1:S,RAN,Y,R/L,806-368-235-590-390-740,6
1600.1,H-695,1,Harappa,Inter-Riverine,TAB:B,tablet,Bull1:S,RAN,Y,R/L,806-368-235-590-390-740,6
1601.1,H-696,1,Harappa,Inter-Riverine,TAB:B,tablet,Bull1,-,Y,R/L,176-740,2
1602.1,H-697,1,Harappa,Inter-Riverine,TAB:B,tablet,Bull2,SAN,Y,R/L,817-002-240-904-740,5
1602.2,H-697,1,Harappa,Inter-Riverine,TAB:B,tablet,Bull2,SAN,Y,R/L,032-700,2
1603.1,H-698,1,Harappa,Inter-Riverine,TAB:B,tablet,Gaur,Trough,Y,R/L,233-520-400,3
1604.1,H-699,1,Harappa,Inter-Riverine,TAB:B,tablet,Zebu,,Y,R/L,231-798-176-740,4
1605.1,H-700,1,Harappa,Inter-Riverine,TAB:B,tablet,Zebu,,Y,R/L,231-798-176-740,4
1607.1,H-702,1,Harappa,Inter-Riverine,TAB:B,tablet,Mult,,Y,L/R,137-002-820,3
1607.2,H-702,1,Harappa,Inter-Riverine,TAB:B,tablet,Mult,,Y,R/L,033-700,2
1608.2,H-703,1,Harappa,Inter-Riverine,TAB:B,tablet,Bull,-,Y,R/L,033-700,2
1610.1,H-705,1,Harappa,Inter-Riverine,TAB:B,tablet,Gavi,,Y,R/L,440-740-400-840-712,5
1611.1,H-706,1,Harappa,Inter-Riverine,TAB:B,tablet,Gavi,,Y,R/L,820-002-137-033-700,5
1614.1,H-709,1,Harappa,Inter-Riverine,TAB:B,tablet,Gavi,,Y,R/L,503-016-740-400,4
1615.1,H-710,1,Harappa,Inter-Riverine,TAB:B,tablet,Gavi,,Y,R/L,503-016-740-400,4
1619.1,H-715,1,Harappa,Inter-Riverine,TAB:B,tablet,T-A-T,Plant,Y,R/L,820-060-550-526,4
1620.1,H-717,1,Harappa,Inter-Riverine,TAB:B,tablet,,,Y,R/L,904-705,2
1620.2,H-717,1,Harappa,Inter-Riverine,TAB:B,tablet,,,Y,R/L,032-700,2
1621.1,H-718,1,Harappa,Inter-Riverine,TAB:B,tablet,Phyt,,Y,R/L,900-165-480-001,4
1622.1,H-719,1,Harappa,Inter-Riverine,TAB:B,tablet,Phyt,,Y,R/L,861-002-004-405,4
1623.1,H-720,1,Harappa,Inter-Riverine,TAB:B,tablet,Phyt,,Y,R/L,794-740,2
1625.1,H-723,1,Harappa,Inter-Riverine,TAB:B,tablet,Phyt,,Y,R/L,840-032-740,3
1626.1,H-724,1,Harappa,Inter-Riverine,TAB:B,tablet,Phyt,,Y,R/L,465-806-158,3
1628.1,H-726,1,Harappa,Inter-Riverine,TAB:B,tablet,Phyt,,Y,R/L,465-806-158,3
1630.1,H-728,1,Harappa,Inter-Riverine,TAB:B,tablet,Phyt,,Y,R/L,015-460-798-740,4
1631.1,H-729,1,Harappa,Inter-Riverine,TAB:B,tablet,Phyt,,Y,R/L,354-463-798-740,4
1633.1,H-734,1,Harappa,Inter-Riverine,TAB:B,tablet,Phyt,,Y,R/L,240-590-390-740,4
1633.2,H-734,1,Harappa,Inter-Riverine,TAB:B,tablet,Phyt,,Y,R/L,033-700,2
1636.1,H-742,1,Harappa,Inter-Riverine,TAB:B,tablet,,SAN,Y,R/L,175-176-100-740-400,5
1637.1,H-743,1,Harappa,Inter-Riverine,TAB:B,tablet,,SAN,Y,R/L,745-700,2
1637.2,H-743,1,Harappa,Inter-Riverine,TAB:B,tablet,,SAN,Y,R/L,240-482-752-740,4
1639.2,H-745,1,Harappa,Inter-Riverine,TAB:B,tablet,,SAN,Y,R/L,745-700,2
1641.1,H-748,1,Harappa,Inter-Riverine,TAB:B,tablet,,,Y,R/L,798-415-220-740-400,5
1643.1,H-750,1,Harappa,Inter-Riverine,TAB:B,tablet,,,Y,R/L,806-235-590-405-740-400,6
1644.1,H-751,1,Harappa,Inter-Riverine,TAB:B,tablet,,,Y,R/L,806-235-590-405-740-400,6
1645.1,H-752,1,Harappa,Inter-Riverine,TAB:B,tablet,,,Y,R/L,806-235-590-405-740-400,6
1646.1,H-753,1,Harappa,Inter-Riverine,TAB:B,tablet,,,Y,R/L,806-235-590-405-740-400,6
1647.1,H-754,1,Harappa,Inter-Riverine,TAB:B,tablet,,,Y,R/L,806-235-590-405-740-400,6
1649.1,H-756,1,Harappa,Inter-Riverine,TAB:B,tablet,,,Y,R/L,561-500-741-005-407,5
1650.1,H-757,1,Harappa,Inter-Riverine,TAB:B,tablet,,,Y,R/L,440-100-740,3
1651.1,H-758,1,Harappa,Inter-Riverine,TAB:B,tablet,,,Y,R/L,440-100-740,3
1653.1,H-761,1,Harappa,Inter-Riverine,TAB:B,tablet,,,Y,R/L,255-435-156-400,4
1653.2,H-761,1,Harappa,Inter-Riverine,TAB:B,tablet,,,Y,R/L,220-440-154-400,4
1656.2,H-764,1,Harappa,Inter-Riverine,TAB:B,tablet,,,Y,R/L,790-717-740,3
1657.1,H-765,1,Harappa,Inter-Riverine,TAB:B,tablet,,,Y,R/L,790-717-740,3
1658.1,H-766,1,Harappa,Inter-Riverine,TAB:B,tablet,,,Y,R/L,826-065,2
1658.2,H-766,1,Harappa,Inter-Riverine,TAB:B,tablet,,,Y,R/L,032-700,2
1659.1,H-767,1,Harappa,Inter-Riverine,TAB:B,tablet,,,Y,R/L,798-415-220-740-400,5
1659.2,H-767,1,Harappa,Inter-Riverine,TAB:B,tablet,,,Y,R/L,033-700,2
1660.2,H-768,1,Harappa,Inter-Riverine,TAB:B,tablet,,,Y,R/L,032-700,2
1662.1,H-770,1,Harappa,Inter-Riverine,TAB:B,tablet,,,Y,R/L,416-840-151,3
1662.2,H-770,1,Harappa,Inter-Riverine,TAB:B,tablet,,,Y,R/L,033-700,2
1663.1,H-771,1,Harappa,Inter-Riverine,TAB:B,tablet,,,Y,R/L,840-257-032,3
1663.2,H-771,1,Harappa,Inter-Riverine,TAB:B,tablet,,,Y,R/L,034-700,2
1665.1,H-773,1,Harappa,Inter-Riverine,TAB:B,tablet,,,Y,R/L,741-530-390-002-803-798-740,7
1665.2,H-773,1,Harappa,Inter-Riverine,TAB:B,tablet,,,Y,R/L,413-575-335-711-033-700,6
1666.1,H-774,1,Harappa,Inter-Riverine,TAB:B,tablet,,,Y,R/L,240-705-033-550-525-400,6
1666.2,H-774,1,Harappa,Inter-Riverine,TAB:B,tablet,,,Y,R/L,413-575-335-711-033-700,6
1667.1,H-776,1,Harappa,Inter-Riverine,TAB:B,tablet,,,Y,R/L,716-032-031-741-803-740,6
1667.2,H-776,1,Harappa,Inter-Riverine,TAB:B,tablet,,,Y,R/L,700-033,2
1668.1,H-777,1,Harappa,Inter-Riverine,TAB:B,tablet,,,Y,R/L,700-032,2
1668.2,H-777,1,Harappa,Inter-Riverine,TAB:B,tablet,,,Y,R/L,104-004-390,3
1669.1,H-778,1,Harappa,Inter-Riverine,TAB:B,tablet,,,Y,R/L,032-700,2
1669.2,H-778,1,Harappa,Inter-Riverine,TAB:B,tablet,,,Y,R/L,817-004-390,3
1670.1,H-779,1,Harappa,Inter-Riverine,TAB:B,tablet,,,Y,R/L,700-032,2
1671.1,H-780,1,Harappa,Inter-Riverine,TAB:B,tablet,,,Y,R/L,061-142-400-740,4
1671.2,H-780,1,Harappa,Inter-Riverine,TAB:B,tablet,,,Y,R/L,034-700,2
1672.1,H-781,1,Harappa,Inter-Riverine,TAB:B,tablet,,,Y,R/L,700-033,2
1672.2,H-781,1,Harappa,Inter-Riverine,TAB:B,tablet,,,Y,R/L,240-904-740,3
1674.2,H-783,1,Harappa,Inter-Riverine,TAB:B,tablet,,,Y,R/L,033-700,2
1676.1,H-785,1,Harappa,Inter-Riverine,TAB:B,tablet,,,Y,R/L,034-700,2
1677.1,H-786,1,Harappa,Inter-Riverine,TAB:B,tablet,,,Y,R/L,413-892-824,3
1677.2,H-786,1,Harappa,Inter-Riverine,TAB:B,tablet,,,Y,R/L,415-220-520,3
1678.1,H-787,1,Harappa,Inter-Riverine,TAB:B,tablet,,,Y,L/R,824-892-413,3
1678.2,H-787,1,Harappa,Inter-Riverine,TAB:B,tablet,,,Y,L/R,400-740-176-700-033,5
1679.2,H-788,1,Harappa,Inter-Riverine,TAB:B,tablet,,,Y,R/L,034-700,2
1680.1,H-789,1,Harappa,Inter-Riverine,TAB:B,tablet,,,Y,R/L,016-220-520-400,4
1680.2,H-789,1,Harappa,Inter-Riverine,TAB:B,tablet,,,Y,R/L,700-033,2
1681.1,H-790,1,Harappa,Inter-Riverine,TAB:B,tablet,,,Y,R/L,033-384-740-400,4
1681.2,H-790,1,Harappa,Inter-Riverine,TAB:B,tablet,,,Y,R/L,033-700,2
1682.2,H-791,1,Harappa,Inter-Riverine,TAB:B,tablet,,,Y,R/L,233-550,2
1683.1,H-792,1,Harappa,Inter-Riverine,TAB:B,tablet,,,Y,R/L,896-154-400,3
1683.2,H-792,1,Harappa,Inter-Riverine,TAB:B,tablet,,,Y,R/L,700-033,2
1684.1,H-793,1,Harappa,Inter-Riverine,TAB:B,tablet,,,Y,R/L,896-154-400,3
1684.2,H-793,1,Harappa,Inter-Riverine,TAB:B,tablet,,,Y,R/L,700-033,2
1685.1,H-794,1,Harappa,Inter-Riverine,TAB:B,tablet,,,Y,R/L,235-232-400,3
1685.2,H-794,1,Harappa,Inter-Riverine,TAB:B,tablet,,,Y,R/L,700-032,2
1686.1,H-795,1,Harappa,Inter-Riverine,TAB:B,tablet,,,Y,R/L,700-033,2
1687.1,H-796,1,Harappa,Inter-Riverine,TAB:B,tablet,,,Y,R/L,455-370,2
1687.2,H-796,1,Harappa,Inter-Riverine,TAB:B,tablet,,,Y,R/L,032-700,2
1689.1,H-798,1,Harappa,Inter-Riverine,TAB:B,tablet,,,Y,L/R,158-792,2
1689.2,H-798,1,Harappa,Inter-Riverine,TAB:B,tablet,,,Y,R/L,033-700,2
1690.1,H-799,1,Harappa,Inter-Riverine,TAB:B,tablet,,,Y,R/L,415-100-820-032,4
1690.2,H-799,1,Harappa,Inter-Riverine,TAB:B,tablet,,,Y,R/L,033-700,2
1691.1,H-800,1,Harappa,Inter-Riverine,TAB:B,tablet,,,Y,R/L,490-692-337-740,4
1691.2,H-800,1,Harappa,Inter-Riverine,TAB:B,tablet,,,Y,R/L,033-700,2
1692.1,H-801,1,Harappa,Inter-Riverine,TAB:B,tablet,,,Y,R/L,036-700,2
1692.2,H-801,1,Harappa,Inter-Riverine,TAB:B,tablet,,,Y,R/L,171-035-415,3
1693.2,H-802,1,Harappa,Inter-Riverine,TAB:B,tablet,,,Y,R/L,032-700,2
1695.1,H-806,1,Harappa,Inter-Riverine,TAB:B,tablet,,,Y,R/L,861-002-240-482-740,5
1695.2,H-806,1,Harappa,Inter-Riverine,TAB:B,tablet,,,Y,R/L,235-220-176-740,4
1696.1,H-807,1,Harappa,Inter-Riverine,TAB:B,tablet,,,Y,R/L,861-002-240-482-740,5
1696.2,H-807,1,Harappa,Inter-Riverine,TAB:B,tablet,,,Y,R/L,235-220-176-740,4
1697.1,H-808,1,Harappa,Inter-Riverine,TAB:B,tablet,,,Y,R/L,861-002-240-482-740,5
1697.2,H-808,1,Harappa,Inter-Riverine,TAB:B,tablet,,,Y,R/L,235-220-176-740,4
1699.1,H-810,1,Harappa,Inter-Riverine,TAB:B,tablet,Mult,Mult,Y,R/L,736-904-158-400,4
1700.1,H-811,1,Harappa,Inter-Riverine,TAB:B,tablet,,,Y,R/L,491-920-002-176-740-335-740-317,8
1700.2,H-811,1,Harappa,Inter-Riverine,TAB:B,tablet,,,Y,R/L,413-575-335-740-032-700,6
1701.1,H-812,1,Harappa,Inter-Riverine,TAB:B,tablet,,,Y,R/L,035-368,2
1701.2,H-812,1,Harappa,Inter-Riverine,TAB:B,tablet,,,Y,R/L,700-033,2
1702.2,H-813,1,Harappa,Inter-Riverine,TAB:B,tablet,,,Y,R/L,700-032,2
1703.1,H-814,1,Harappa,Inter-Riverine,TAB:B,tablet,,,Y,L/R,400-820-100-415,4
1703.2,H-814,1,Harappa,Inter-Riverine,TAB:B,tablet,,,Y,L/R,700-032,2
1704.1,H-815,1,Harappa,Inter-Riverine,TAB:B,tablet,Othr,,Y,R/L,032-700,2
1704.2,H-815,1,Harappa,Inter-Riverine,TAB:B,tablet,Othr,,Y,R/L,219-072-520,3
1705.1,H-816,1,Harappa,Inter-Riverine,TAB:B,tablet,,,Y,R/L,590-390-740-400,4
1705.2,H-816,1,Harappa,Inter-Riverine,TAB:B,tablet,,,Y,R/L,700-033,2
1706.1,H-817,1,Harappa,Inter-Riverine,TAB:B,tablet,,,Y,R/L,018-336-740-400,4
1706.2,H-817,1,Harappa,Inter-Riverine,TAB:B,tablet,,,Y,R/L,700-032,2
1707.1,H-818,1,Harappa,Inter-Riverine,TAB:B,tablet,,,Y,L/R,740-336-018,3
1707.2,H-818,1,Harappa,Inter-Riverine,TAB:B,tablet,,,Y,R/L,033-700,2
1708.1,H-819,1,Harappa,Inter-Riverine,TAB:B,tablet,,,Y,R/L,240-520,2
1708.2,H-819,1,Harappa,Inter-Riverine,TAB:B,tablet,,,Y,R/L,034-700,2
1710.1,H-821,1,Harappa,Inter-Riverine,TAB:B,tablet,,,Y,L/R,700-033,2
1710.2,H-821,1,Harappa,Inter-Riverine,TAB:B,tablet,,,Y,L/R,740-642-240-001-692,5
1711.1,H-822,1,Harappa,Inter-Riverine,TAB:B,tablet,,,Y,L/R,700-033,2
1711.2,H-822,1,Harappa,Inter-Riverine,TAB:B,tablet,,,Y,L/R,740-642-240-001-692,5
1712.1,H-823,1,Harappa,Inter-Riverine,TAB:B,tablet,,,Y,R/L,034-700,2
1712.2,H-823,1,Harappa,Inter-Riverine,TAB:B,tablet,,,Y,R/L,692-060-240-636-740,5
1715.1,H-825,1,Harappa,Inter-Riverine,TAB:B,tablet,,,Y,R/L,817-368,2
1715.2,H-825,1,Harappa,Inter-Riverine,TAB:B,tablet,,,Y,R/L,840-032-740,3
1716.1,H-827,1,Harappa,Inter-Riverine,TAB:B,tablet,,,Y,R/L,033-700,2
1717.1,H-829,1,Harappa,Inter-Riverine,TAB:B,tablet,,,Y,L/R,139-002-820,3
1717.2,H-829,1,Harappa,Inter-Riverine,TAB:B,tablet,,,Y,L/R,700-032-390,3
1719.1,H-833,1,Harappa,Inter-Riverine,TAB:B,tablet,,,Y,R/L,820-002-554-526,4
1719.2,H-833,1,Harappa,Inter-Riverine,TAB:B,tablet,,,Y,R/L,032-700,2
1720.1,H-834,1,Harappa,Inter-Riverine,TAB:B,tablet,,,Y,R/L,255-436-690-740-400,5
1720.2,H-834,1,Harappa,Inter-Riverine,TAB:B,tablet,,,Y,R/L,033-700,2
1723.2,H-837,1,Harappa,Inter-Riverine,TAB:B,tablet,,,Y,R/L,032-700,2
1724.1,H-838,1,Harappa,Inter-Riverine,TAB:B,tablet,,,Y,R/L,817-002-495-615-740,5
1724.2,H-838,1,Harappa,Inter-Riverine,TAB:B,tablet,,,Y,R/L,033-700,2
1725.1,H-839,1,Harappa,Inter-Riverine,TAB:B,tablet,,,Y,R/L,700-032,2
1725.2,H-839,1,Harappa,Inter-Riverine,TAB:B,tablet,,,Y,R/L,140-400,2
1727.1,H-841,1,Harappa,Inter-Riverine,TAB:B,tablet,,,Y,R/L,790-740-400,3
1728.1,H-842,1,Harappa,Inter-Riverine,TAB:B,tablet,,,Y,R/L,861-740-400,3
1729.1,H-843,1,Harappa,Inter-Riverine,TAB:B,tablet,Xhch,,Y,R/L,195-527-400,3
1732.1,H-846,1,Harappa,Inter-Riverine,TAB:B,tablet,Gavi,,Y,R/L,705-031-100-740-400,5
1732.2,H-846,1,Harappa,Inter-Riverine,TAB:B,tablet,Gavi,,Y,R/L,033-700,2
1733.2,H-847,1,Harappa,Inter-Riverine,TAB:B,tablet,,,Y,R/L,033-700,2
1733.3,H-847,1,Harappa,Inter-Riverine,TAB:B,tablet,,,Y,R/L,415-100-740,3
1734.2,H-848,1,Harappa,Inter-Riverine,TAB:B,tablet,-,,Y,R/L,033-700,2
1735.1,H-849,1,Harappa,Inter-Riverine,TAB:B,tablet,Fish,,Y,R/L,617-892-740-400,4
1735.2,H-849,1,Harappa,Inter-Riverine,TAB:B,tablet,Fish,,Y,R/L,700-032,2
1736.1,H-850,1,Harappa,Inter-Riverine,TAB:B,tablet,Fish,,Y,R/L,617-892-740-400,4
1736.2,H-850,1,Harappa,Inter-Riverine,TAB:B,tablet,Fish,,Y,R/L,700-032,2
1738.1,H-852,1,Harappa,Inter-Riverine,TAB:B,tablet,Phyt,,Y,R/L,032-700,2
1738.2,H-852,1,Harappa,Inter-Riverine,TAB:B,tablet,Phyt,,Y,R/L,220-233-268-760-740,5
1739.1,H-853,1,Harappa,Inter-Riverine,TAB:B,tablet,Bult,,Y,R/L,231-177-740,3
1739.2,H-853,1,Harappa,Inter-Riverine,TAB:B,tablet,Bult,,Y,R/L,700-034,2
1740.1,H-854,1,Harappa,Inter-Riverine,TAB:B,tablet,Bult,,Y,L/R,400-740-335-003,4
1740.2,H-854,1,Harappa,Inter-Riverine,TAB:B,tablet,Bult,,Y,L/R,700-032,2
1741.1,H-857,1,Harappa,Inter-Riverine,TAB:B,tablet,,,Y,R/L,235-590-390-740,4
1741.2,H-857,1,Harappa,Inter-Riverine,TAB:B,tablet,,,Y,R/L,033-700,2
1742.1,H-859,1,Harappa,Inter-Riverine,TAB:B,tablet,Bull1:I,,Y,R/L,501-405-002-240-520,5
1743.1,H-860,1,Harappa,Inter-Riverine,TAB:B,tablet,Bull1:I,,Y,R/L,501-405-002-240-520,5
1744.1,H-861,1,Harappa,Inter-Riverine,TAB:B,tablet,Bull1:I,,Y,R/L,501-405-002-240-520,5
1745.1,H-862,1,Harappa,Inter-Riverine,TAB:B,tablet,Bull1:I,,Y,R/L,501-405-002-240-520,5
1746.1,H-863,1,Harappa,Inter-Riverine,TAB:B,tablet,Bull1:I,,Y,R/L,501-405-002-240-520,5
1747.1,H-864,1,Harappa,Inter-Riverine,TAB:B,tablet,Bull1:I,,Y,R/L,501-405-002-240-520,5
1748.1,H-865,1,Harappa,Inter-Riverine,TAB:B,tablet,Bull1:I,,Y,R/L,501-405-002-240-520,5
1749.1,H-866,1,Harappa,Inter-Riverine,TAB:B,tablet,Bull1:U,,Y,R/L,501-405-002-240-520,5
1750.1,H-867,1,Harappa,Inter-Riverine,TAB:B,tablet,Bull1:U,,Y,R/L,501-405-002-240-520,5
1751.1,H-868,1,Harappa,Inter-Riverine,TAB:B,tablet,Bull1:I,,Y,R/L,501-405-002-240-520,5
1752.1,H-869,1,Harappa,Inter-Riverine,TAB:B,tablet,Bull1:I,,Y,R/L,501-405-002-240-520,5
1753.1,H-870,1,Harappa,Inter-Riverine,TAB:B,tablet,Bull1:I,,Y,R/L,501-405-002-240-520,5
1754.1,H-871,1,Harappa,Inter-Riverine,TAB:B,tablet,Gavi,,Y,R/L,803-415-220-318-920-255-436-690-590-407-740,11
1755.1,H-872,1,Harappa,Inter-Riverine,TAB:B,tablet,Gavi,,Y,R/L,803-415-220-318-920-255-436-690-590-407-740,11
1756.1,H-873,1,Harappa,Inter-Riverine,TAB:B,tablet,Gavi,,Y,R/L,803-415-220-318-920-255-436-690-590-407-740,11
1758.1,H-875,1,Harappa,Inter-Riverine,TAB:B,tablet,,,Y,R/L,013-840-740-400,4
1758.2,H-875,1,Harappa,Inter-Riverine,TAB:B,tablet,,,Y,R/L,003-798-617,3
1759.1,H-876,1,Harappa,Inter-Riverine,TAB:B,tablet,,,Y,R/L,380-705-200,3
1759.2,H-876,1,Harappa,Inter-Riverine,TAB:B,tablet,,,Y,R/L,033-700,2
1760.2,H-877,1,Harappa,Inter-Riverine,TAB:B,tablet,,,Y,R/L,032-700,2
1762.1,H-879,1,Harappa,Inter-Riverine,TAB:I,tablet,Gavi,,Y,L/R,400-740-760-605,4
1763.1,H-880,1,Harappa,Inter-Riverine,TAB:B,tablet,Gavi,,Y,L/R,400-740-760-605,4
1764.1,H-881,1,Harappa,Inter-Riverine,TAB:I,tablet,Gavi,,Y,L/R,400-740-760-605,4
1765.1,H-882,1,Harappa,Inter-Riverine,TAB:I,tablet,Gavi,,Y,L/R,400-740-760-605,4
1769.1,H-887,1,Harappa,Inter-Riverine,TAB:I,tablet,,SAN,Y,R/L,817-002,2
1770.1,H-888,1,Harappa,Inter-Riverine,TAB:I,tablet,Bult,,Y,R/L,234-400,2
1771.1,H-889,1,Harappa,Inter-Riverine,TAB:I,tablet,Bult,,Y,R/L,226-400,2
1772.1,H-890,1,Harappa,Inter-Riverine,TAB:I,tablet,,,Y,R/L,851-741-048-740,4
1773.1,H-891,1,Harappa,Inter-Riverine,TAB:I,tablet,,,Y,R/L,033-700,2
1774.1,H-892,1,Harappa,Inter-Riverine,TAB:I,tablet,,,Y,R/L,176-336-740-400,4
1774.2,H-892,1,Harappa,Inter-Riverine,TAB:I,tablet,,,Y,R/L,700-034,2
1775.1,H-893,1,Harappa,Inter-Riverine,TAB:I,tablet,,,Y,R/L,337-740-400,3
1775.2,H-893,1,Harappa,Inter-Riverine,TAB:I,tablet,,,Y,R/L,034-700,2
1776.1,H-894,1,Harappa,Inter-Riverine,TAB:I,tablet,,,Y,R/L,240-636-740-400,4
1776.2,H-894,1,Harappa,Inter-Riverine,TAB:I,tablet,,,Y,R/L,125-700,2
1778.1,H-896,1,Harappa,Inter-Riverine,TAB:I,tablet,,,Y,R/L,590-705-868,3
1778.2,H-896,1,Harappa,Inter-Riverine,TAB:I,tablet,,,Y,R/L,255-435-156-400,4
1779.1,H-1181,1,Harappa,Inter-Riverine,TAB:I,tablet,,,Y,R/L,590-706-868,3
1779.2,H-1181,1,Harappa,Inter-Riverine,TAB:I,tablet,,,Y,R/L,255-435-156-400,4
1781.1,H-899,1,Harappa,Inter-Riverine,TAB:I,tablet,,,Y,R/L,590-705-868,3
1781.2,H-899,1,Harappa,Inter-Riverine,TAB:I,tablet,,,Y,R/L,240-231-520-400,4
1782.1,H-900,1,Harappa,Inter-Riverine,TAB:I,tablet,,,Y,R/L,491-817-740-400,4
1782.2,H-900,1,Harappa,Inter-Riverine,TAB:I,tablet,,,Y,R/L,033-700,2
1785.1,H-903,1,Harappa,Inter-Riverine,TAB:I,tablet,,,Y,R/L,240-760-740,3
1785.2,H-903,1,Harappa,Inter-Riverine,TAB:I,tablet,,,Y,R/L,817-368-690-034-700,5
1786.1,H-904,1,Harappa,Inter-Riverine,TAB:I,tablet,,,Y,R/L,002-840-032-740,4
1786.2,H-904,1,Harappa,Inter-Riverine,TAB:I,tablet,,,Y,R/L,817-368-645-900-033-700,6
1787.1,H-905,1,Harappa,Inter-Riverine,TAB:I,tablet,,,Y,R/L,413-892-824,3
1787.2,H-905,1,Harappa,Inter-Riverine,TAB:I,tablet,,,Y,R/L,171-032-031-240-636-740-400,7
1788.1,H-906,1,Harappa,Inter-Riverine,TAB:I,tablet,,,Y,R/L,413-892-824,3
1788.2,H-906,1,Harappa,Inter-Riverine,TAB:I,tablet,,,Y,R/L,229-151,2
1792.1,H-910,1,Harappa,Inter-Riverine,TAB:I,tablet,,,Y,R/L,416-861-002,3
1792.2,H-910,1,Harappa,Inter-Riverine,TAB:I,tablet,,,Y,R/L,034-700,2
1793.1,H-912,1,Harappa,Inter-Riverine,TAB:I,tablet,,,Y,R/L,416-220-760-740-400,5
1793.2,H-912,1,Harappa,Inter-Riverine,TAB:I,tablet,,,Y,R/L,004-700-220,3
1794.2,H-914,1,Harappa,Inter-Riverine,TAB:I,tablet,,,Y,R/L,033-700,2
1796.1,H-916,1,Harappa,Inter-Riverine,TAB:I,tablet,,,Y,R/L,059-032-740-400,4
1796.2,H-916,1,Harappa,Inter-Riverine,TAB:I,tablet,,,Y,R/L,033-700,2
1797.1,H-917,1,Harappa,Inter-Riverine,TAB:I,tablet,,,Y,R/L,687-690,2
1797.2,H-917,1,Harappa,Inter-Riverine,TAB:I,tablet,,,Y,R/L,027-032-740-400,4
1798.1,H-918,1,Harappa,Inter-Riverine,TAB:I,tablet,,,Y,R/L,687-692,2
1799.1,H-919,1,Harappa,Inter-Riverine,TAB:I,tablet,,,Y,R/L,687-690,2
1799.2,H-919,1,Harappa,Inter-Riverine,TAB:I,tablet,,,Y,R/L,240-636-740,3
1801.1,H-921,1,Harappa,Inter-Riverine,TAB:I,tablet,,,Y,R/L,003-861,2
1801.2,H-921,1,Harappa,Inter-Riverine,TAB:I,tablet,,,Y,R/L,061-255-740,3
1802.1,H-922,1,Harappa,Inter-Riverine,TAB:I,tablet,,,Y,R/L,003-861,2
1802.2,H-922,1,Harappa,Inter-Riverine,TAB:I,tablet,,,Y,R/L,031-520,2
1803.1,H-923,1,Harappa,Inter-Riverine,TAB:I,tablet,,,Y,R/L,003-861,2
1803.2,H-923,1,Harappa,Inter-Riverine,TAB:I,tablet,,,Y,R/L,031-520,2
1804.1,H-924,1,Harappa,Inter-Riverine,TAB:I,tablet,,,Y,R/L,013-840-740,3
1804.2,H-924,1,Harappa,Inter-Riverine,TAB:I,tablet,,,Y,R/L,033-700,2
1805.1,H-925,1,Harappa,Inter-Riverine,TAB:I,tablet,,,Y,R/L,013-840-740,3
1805.2,H-925,1,Harappa,Inter-Riverine,TAB:I,tablet,,,Y,R/L,033-700,2
1806.2,H-926,1,Harappa,Inter-Riverine,TAB:I,tablet,,,Y,R/L,032-700,2
1807.1,H-927,1,Harappa,Inter-Riverine,TAB:I,tablet,,,Y,R/L,033-700,2
1807.2,H-927,1,Harappa,Inter-Riverine,TAB:I,tablet,,,Y,R/L,900-368,2
1808.1,H-928,1,Harappa,Inter-Riverine,TAB:I,tablet,,,Y,R/L,033-700,2
1808.2,H-928,1,Harappa,Inter-Riverine,TAB:I,tablet,,,Y,R/L,900-368,2
1809.1,H-929,1,Harappa,Inter-Riverine,TAB:I,tablet,,,Y,R/L,033-700,2
1809.2,H-929,1,Harappa,Inter-Riverine,TAB:I,tablet,,,Y,R/L,900-368,2
1810.1,H-930,1,Harappa,Inter-Riverine,TAB:I,tablet,,,Y,R/L,004-900-740,3
1810.2,H-930,1,Harappa,Inter-Riverine,TAB:I,tablet,,,Y,R/L,032-700,2
1811.2,H-931,1,Harappa,Inter-Riverine,TAB:I,tablet,,,Y,R/L,700-033,2
1812.1,H-932,1,Harappa,Inter-Riverine,TAB:I,tablet,,,Y,L/R,400-740-176,3
1813.1,H-933,1,Harappa,Inter-Riverine,TAB:I,tablet,,,Y,R/L,700-034,2
1813.2,H-933,1,Harappa,Inter-Riverine,TAB:I,tablet,,,Y,L/R,400-740-176,3
1814.1,H-934,1,Harappa,Inter-Riverine,TAB:I,tablet,,,Y,R/L,033-700,2
1814.2,H-934,1,Harappa,Inter-Riverine,TAB:I,tablet,,,Y,R/L,176-740-400,3
1815.1,H-935,1,Harappa,Inter-Riverine,TAB:I,tablet,,,Y,R/L,176-740-400,3
1815.2,H-935,1,Harappa,Inter-Riverine,TAB:I,tablet,,,Y,R/L,033-700,2
1816.1,H-936,1,Harappa,Inter-Riverine,TAB:I,tablet,,,Y,R/L,176-740-400,3
1816.2,H-936,1,Harappa,Inter-Riverine,TAB:I,tablet,,,Y,R/L,034-700,2
1817.1,H-937,1,Harappa,Inter-Riverine,TAB:I,tablet,,,Y,R/L,176-740-400,3
1818.1,H-938,1,Harappa,Inter-Riverine,TAB:I,tablet,,,Y,L/R,520-220-415,3
1818.2,H-938,1,Harappa,Inter-Riverine,TAB:I,tablet,,,Y,R/L,700-034,2
1819.1,H-939,1,Harappa,Inter-Riverine,TAB:I,tablet,,,Y,L/R,700-034,2
1819.2,H-939,1,Harappa,Inter-Riverine,TAB:I,tablet,,,Y,L/R,520-220-415,3
1820.1,H-940,1,Harappa,Inter-Riverine,TAB:I,tablet,,,Y,R/L,415-220-520,3
1821.1,H-941,1,Harappa,Inter-Riverine,TAB:I,tablet,,,Y,R/L,003-645-032-590,4
1821.2,H-941,1,Harappa,Inter-Riverine,TAB:I,tablet,,,Y,R/L,415-220-520,3
1822.1,H-942,1,Harappa,Inter-Riverine,TAB:I,tablet,,,Y,L/R,520-220-016,3
1822.2,H-942,1,Harappa,Inter-Riverine,TAB:I,tablet,,,Y,R/L,700-033,2
1823.1,H-943,1,Harappa,Inter-Riverine,TAB:I,tablet,,,Y,R/L,592-158-400,3
1823.2,H-943,1,Harappa,Inter-Riverine,TAB:I,tablet,,,Y,R/L,032-700,2
1824.1,H-944,1,Harappa,Inter-Riverine,TAB:I,tablet,,,Y,R/L,592-158-400,3
1824.2,H-944,1,Harappa,Inter-Riverine,TAB:I,tablet,,,Y,R/L,032-700,2
1825.1,H-945,1,Harappa,Inter-Riverine,TAB:I,tablet,,,Y,R/L,234-400,2
1825.2,H-945,1,Harappa,Inter-Riverine,TAB:I,tablet,,,Y,R/L,700-034,2
1826.1,H-946,1,Harappa,Inter-Riverine,TAB:I,tablet,,,Y,R/L,034-700,2
1826.2,H-946,1,Harappa,Inter-Riverine,TAB:I,tablet,,,Y,R/L,234-400,2
1827.1,H-947,1,Harappa,Inter-Riverine,TAB:I,tablet,,,Y,R/L,236-400,2
1827.2,H-947,1,Harappa,Inter-Riverine,TAB:I,tablet,,,Y,R/L,034-700,2
1828.1,H-948,1,Harappa,Inter-Riverine,TAB:I,tablet,,,Y,R/L,229-151-400,3
1828.2,H-948,1,Harappa,Inter-Riverine,TAB:I,tablet,,,Y,R/L,033-700,2
1829.1,H-949,1,Harappa,Inter-Riverine,TAB:I,tablet,,,Y,R/L,033-700,2
1829.2,H-949,1,Harappa,Inter-Riverine,TAB:I,tablet,,,Y,R/L,229-151,2
1830.1,H-950,1,Harappa,Inter-Riverine,TAB:I,tablet,,,Y,R/L,032-220-455-710,4
1830.2,H-950,1,Harappa,Inter-Riverine,TAB:I,tablet,,,Y,R/L,700-033,2
1831.1,H-951,1,Harappa,Inter-Riverine,TAB:I,tablet,,,Y,R/L,590-368-134-388,4
1831.2,H-951,1,Harappa,Inter-Riverine,TAB:I,tablet,,,Y,R/L,033-700,2
1832.1,H-952,1,Harappa,Inter-Riverine,TAB:I,tablet,,,Y,R/L,564-740,2
1832.2,H-952,1,Harappa,Inter-Riverine,TAB:I,tablet,,,Y,R/L,034-700,2
1833.1,H-953,1,Harappa,Inter-Riverine,TAB:I,tablet,,,Y,R/L,034-700,2
1834.1,H-954,1,Harappa,Inter-Riverine,TAB:I,tablet,,,Y,R/L,240-235-740-090,4
1836.1,H-959,1,Harappa,Inter-Riverine,TAB:I,tablet,,,Y,L/R,400-740-178,3
1836.2,H-959,1,Harappa,Inter-Riverine,TAB:I,tablet,,,Y,R/L,033-700,2
1837.1,H-960,1,Harappa,Inter-Riverine,TAB:I,tablet,,,Y,R/L,034-700,2
1837.2,H-960,1,Harappa,Inter-Riverine,TAB:I,tablet,,,Y,R/L,176-740-400,3
1838.2,H-961,1,Harappa,Inter-Riverine,TAB:I,tablet,,,Y,R/L,033-700,2
1839.1,H-962,1,Harappa,Inter-Riverine,TAB:I,tablet,,,Y,R/L,176-740-400,3
1839.2,H-962,1,Harappa,Inter-Riverine,TAB:I,tablet,,,Y,R/L,032-700,2
1840.2,H-963,1,Harappa,Inter-Riverine,TAB:I,tablet,,,Y,R/L,032-700,2
1842.1,H-965,1,Harappa,Inter-Riverine,TAB:I,tablet,,,Y,L/R,740-690-636-240,4
1842.2,H-965,1,Harappa,Inter-Riverine,TAB:I,tablet,,,Y,R/L,032-700,2
1843.1,H-966,1,Harappa,Inter-Riverine,TAB:I,tablet,,,Y,L/R,740-690-636-240,4
1843.2,H-966,1,Harappa,Inter-Riverine,TAB:I,tablet,,,Y,R/L,032-700,2
1844.1,H-967,1,Harappa,Inter-Riverine,TAB:I,tablet,,,Y,R/L,028-032-740-400,4
1845.1,H-968,1,Harappa,Inter-Riverine,TAB:I,tablet,,,Y,L/R,700-032,2
1845.2,H-968,1,Harappa,Inter-Riverine,TAB:I,tablet,,,Y,L/R,526-550-233,3
1846.1,H-969,1,Harappa,Inter-Riverine,TAB:B,tablet,,,Y,R/L,032-700,2
1852.1,H-975,1,Harappa,Inter-Riverine,TAB:I,tablet,-,,Y,R/L,382-760-740,3
1852.2,H-975,1,Harappa,Inter-Riverine,TAB:I,tablet,-,,Y,R/L,032-700,2
1853.1,H-976,1,Harappa,Inter-Riverine,TAB:I,tablet,Fish,,Y,R/L,137-400,2
1853.2,H-976,1,Harappa,Inter-Riverine,TAB:I,tablet,Fish,,Y,R/L,033-700,2
1855.1,H-978,1,Harappa,Inter-Riverine,TAB:I,tablet,Bult,,Y,R/L,176-740-400,3
1855.2,H-978,1,Harappa,Inter-Riverine,TAB:I,tablet,Bult,,Y,R/L,033-700,2
1856.1,H-979,1,Harappa,Inter-Riverine,TAB:I,tablet,Bult,,Y,R/L,033-700,2
1856.2,H-979,1,Harappa,Inter-Riverine,TAB:I,tablet,Bult,,Y,R/L,176-740-400,3
1858.1,H-982,1,Harappa,Inter-Riverine,SEAL:R,seal,Bult,,Y,R/L,031-388-740,3
1858.2,H-982,1,Harappa,Inter-Riverine,SEAL:R,seal,Bult,,Y,R/L,034-700,2
1859.1,H-983,1,Harappa,Inter-Riverine,TAB:I,tablet,Bult,,Y,R/L,240-637-740-400,4
1859.2,H-983,1,Harappa,Inter-Riverine,TAB:I,tablet,Bult,,Y,R/L,034-700,2
1861.1,H-985,1,Harappa,Inter-Riverine,TAB:I,tablet,,,Y,R/L,034-700,2
1861.2,H-985,1,Harappa,Inter-Riverine,TAB:I,tablet,,,Y,R/L,255-435-156,3
1862.2,H-986,1,Harappa,Inter-Riverine,TAB:I,tablet,,,Y,R/L,033-700,2
1863.1,H-987,1,Harappa,Inter-Riverine,TAB:I,tablet,,,Y,R/L,817-365-690,3
1863.2,H-987,1,Harappa,Inter-Riverine,TAB:I,tablet,,,Y,R/L,033-700,2
1863.3,H-987,1,Harappa,Inter-Riverine,TAB:I,tablet,,,Y,R/L,176-740-400,3
1864.1,H-988,1,Harappa,Inter-Riverine,TAB:I,tablet,Bult,,Y,R/L,413-892-824,3
1864.2,H-988,1,Harappa,Inter-Riverine,TAB:I,tablet,Bult,,Y,R/L,171-032-031-240-636-740-400,7
1874.1,Hls-1,1,Hulas,Eastern Headwaters,TAG:P,tag,,,Y,R/L,590-407-740,3
1875.1,Jk-2,1,Jhukar,Lower Indus,SEAL:S,seal,Bull1:J,SAN,Y,R/L,817-002-233-803-740,5
1876.1,K-63,1,Kalibangan,Inter-Riverine,SEAL:R,seal,,,Y,R/L,495-776-740-400,4
1877.1,K-1,1,Kalibangan,Inter-Riverine,SEAL:S,seal,Bull1:W,SAN,Y,R/L,032-632-504-031,4
1879.1,K-4,1,Kalibangan,Inter-Riverine,SEAL:S,seal,Bull1:W,SAF,Y,R/L,920-060-741-002-140-269-036,7
1880.1,K-5,1,Kalibangan,Inter-Riverine,SEAL:S,seal,Bull1:W,SAN,Y,R/L,125-741-803-240-233-520,6
1882.1,K-7,1,Kalibangan,Inter-Riverine,SEAL:S,seal,Bull1:W,SAF,Y,R/L,741-530-455-220-001-838-176-100-740,9
1884.1,K-9,1,Kalibangan,Inter-Riverine,SEAL:S,seal,Bull1:W,SAF,Y,R/L,900-003-220-740-070,5
1885.1,K-10,1,Kalibangan,Inter-Riverine,SEAL:S,seal,Bull1:I,RAN,Y,R/L,368-032-590-861-368-002-255-435-690-740,10
1886.1,K-11,1,Kalibangan,Inter-Riverine,SEAL:S,seal,Bull1:S,RAF,Y,R/L,900-836-415-717-740,5
1888.1,K-13,1,Kalibangan,Inter-Riverine,SEAL:S,seal,Bull1:J,RAF,Y,R/L,630-741-017-585-740,5
1890.1,K-15,1,Kalibangan,Inter-Riverine,SEAL:S,seal,Bull1:II,RBF,Y,R/L,947-871,2
1890.1,K-15,2,Kalibangan,Inter-Riverine,SEAL:S,seal,Bull1:II,RBF,Y,R/L,335-220-785-895-350-543-740-400,8
1891.1,K-16,1,Kalibangan,Inter-Riverine,SEAL:S,seal,Bull1:X,HAF,Y,R/L,240-740-090,3
1891.1,K-16,2,Kalibangan,Inter-Riverine,SEAL:S,seal,Bull1:X,HAF,Y,R/L,820-060,2
1892.1,K-17,1,Kalibangan,Inter-Riverine,SEAL:S,seal,Bull1:I,RBN,Y,R/L,531-740,2
1894.1,K-19,1,Kalibangan,Inter-Riverine,SEAL:S,seal,Bull1:W,SAN,Y,R/L,005-405,2
1895.1,K-20,1,Kalibangan,Inter-Riverine,SEAL:S,seal,Bull1:J,-,Y,R/L,216-151,2
1896.1,K-22,1,Kalibangan,Inter-Riverine,SEAL:S,seal,Bull1:I,RAF,Y,R/L,033-033-151-866,4
1897.1,K-23,1,Kalibangan,Inter-Riverine,SEAL:S,seal,Bull1:I,RAN,Y,R/L,033-820-002-441-740,5
1898.1,K-24,1,Kalibangan,Inter-Riverine,SEAL:S,seal,Bull1,R,Y,R/L,575-252-002-093-760-740,6
1899.1,K-25,1,Kalibangan,Inter-Riverine,SEAL:S,seal,Bull1,-,Y,R/L,082-132-065-220-002-231-520,7
1901.1,K-27,1,Kalibangan,Inter-Riverine,SEAL:S,seal,Bull2,,Y,R/L,817-002,2
1902.1,K-28,1,Kalibangan,Inter-Riverine,SEAL:S,seal,Gaur,,Y,R/L,491-285-002-335-740-411-440,7
1906.1,K-33,1,Kalibangan,Inter-Riverine,SEAL:S,seal,Buff,Trough,Y,R/L,861-002-226,3
1907.1,K-39,1,Kalibangan,Inter-Riverine,SEAL:S,seal,Rhin,Flag,Y,R/L,390-590,2
1908.1,K-40,1,Kalibangan,Inter-Riverine,SEAL:S,seal,Elep,,Y,R/L,717-440-791-861-002-031-760,7
1912.1,K-49,1,Kalibangan,Inter-Riverine,SEAL:S,seal,T-A-T,,Y,R/L,003-017-151,3
1913.1,K-50,1,Kalibangan,Inter-Riverine,SEAL:S,seal,Comp,,Y,L/R,390-004,2
1914.1,K-51,1,Kalibangan,Inter-Riverine,SEAL:S,seal,,,Y,R/L,255-250,2
1919.1,K-56,1,Kalibangan,Inter-Riverine,MISC,other,Bull1:I,SAN,Y,L/R,740-165-060-550,4
1920.1,K-59,1,Kalibangan,Inter-Riverine,SEAL:R,seal,,,Y,R/L,892-031-013-015,4
1922.1,K-61,1,Kalibangan,Inter-Riverine,SEAL:R,seal,,,Y,L/R,740-690,2
1923.1,K-62,1,Kalibangan,Inter-Riverine,SEAL:R,seal,,,Y,R/L,803-233-176-740,4
1926.1,K-68,1,Kalibangan,Inter-Riverine,TAB:B,tablet,Bull1,RAN,Y,R/L,263-740-400,3
1926.2,K-68,1,Kalibangan,Inter-Riverine,TAB:B,tablet,Bull1,RAN,Y,R/L,032-700,2
1927.1,K-69,1,Kalibangan,Inter-Riverine,TAG,tag,Bull1,-,Y,R/L,091-056-002-417-890-892,6
1928.1,K-70,1,Kalibangan,Inter-Riverine,TAG,tag,Bull1,-,Y,R/L,091-056-002-417-890-892,6
1929.1,K-71,1,Kalibangan,Inter-Riverine,TAG,tag,,,Y,R/L,091-056-002-417-890-892,6
1930.1,K-72,1,Kalibangan,Inter-Riverine,TAG,tag,Bull1,-,Y,R/L,091-056-002-417-890-892,6
1931.1,K-73,1,Kalibangan,Inter-Riverine,TAG,tag,Bull1,-,Y,R/L,091-056-002-417-890-892,6
1932.1,K-74,1,Kalibangan,Inter-Riverine,TAG,tag,Bull1,-,Y,R/L,091-056-002-417-890-892,6
1933.1,K-75,1,Kalibangan,Inter-Riverine,TAG,tag,Bull1,-,Y,R/L,091-056-002-417-890-892,6
1935.1,K-78,1,Kalibangan,Inter-Riverine,TAB:B,tablet,Gavi,,Y,R/L,820-002-390-817-740,5
1938.1,K-82,1,Kalibangan,Inter-Riverine,TAG:L,tag,Bull1,-,Y,R/L,861-002-003-390,4
1940.1,K-85,1,Kalibangan,Inter-Riverine,TAG:L,tag,Elep,,Y,R/L,861-002-033-520,4
1944.1,K-89,1,Kalibangan,Inter-Riverine,TAG:L,tag,Bull1,SAN,Y,R/L,832-360-002-362-740-090,6
1945.1,K-90,1,Kalibangan,Inter-Riverine,POT:T:g,pottery,,,Y,R/L,700-798-740,3
1948.1,K-94,1,Kalibangan,Inter-Riverine,POT:T:g,pottery,,,Y,R/L,005-411,2
1951.1,K-97,1,Kalibangan,Inter-Riverine,POT:T:g,pottery,,,Y,R/L,003-405,2
1957.1,K-104,1,Kalibangan,Inter-Riverine,POT:T:g,pottery,,,Y,R/L,180-740,2
1964.1,K-120,1,Kalibangan,Inter-Riverine,POT:T:p,pottery,,,Y,R/L,003-832-390,3
1967.1,K-32,1,Kalibangan,Inter-Riverine,SEAL:S,seal,Zebu,,Y,R/L,231-520,2
1968.1,Krs-1,1,Khirsara,Gujarat/Kutch,SEAL:R,seal,,,Y,R/L,706-346-413-060-033-813-306-480-001-215,10
1969.1,Krs-2,1,Khirsara,Gujarat/Kutch,SEAL:R,seal,,,Y,R/L,017-575-740,3
1971.1,-,1,Kish,Mesopotamia,SEAL:S,seal,Bull1:L,SAN,Y,R/L,416-840-060-003-220-590-390-740,8
1981.1,Lh-1,1,Lohumjo-daro,Lower Indus,SEAL:S,seal,Bull1:S,SAN,Y,R/L,125-590-392-002-235-717-104-615-760-740,10
1984.1,L-1,1,Lothal,Gujarat/Kutch,SEAL:S,seal,Bull1:W,SAF,Y,R/L,095-812-002-233-550-527,6
1986.1,L-4,1,Lothal,Gujarat/Kutch,SEAL:S,seal,Bull1,SAN,Y,R/L,031-575-002-233-100-740-090,7
1988.1,L-9,1,Lothal,Gujarat/Kutch,SEAL:S,seal,Bull1:W,SAF,Y,R/L,235-555-526,3
1990.1,L-11,1,Lothal,Gujarat/Kutch,SEAL:S,seal,Bull1:L,SAN,Y,R/L,817-002-778-255-435-705-590,7
1994.1,L-16,1,Lothal,Gujarat/Kutch,SEAL:S,seal,Bull1:W,S,Y,R/L,004-154,2
1996.1,L-18,1,Lothal,Gujarat/Kutch,SEAL:S,seal,Bull1:S,SAN,Y,R/L,820-002-031-415,4
1998.1,L-20,1,Lothal,Gujarat/Kutch,SEAL:S,seal,Bull1:J,SAN,Y,R/L,491-004-390,3
1999.1,L-21,1,Lothal,Gujarat/Kutch,SEAL:S,seal,Bull1:S,RAN,Y,R/L,820-060-142-156,4
2000.1,L-22,1,Lothal,Gujarat/Kutch,SEAL:S,seal,Bull1:U,SAN,Y,R/L,013-840-740,3
2001.1,L-23,1,Lothal,Gujarat/Kutch,SEAL:S,seal,Bull1:W,SAN,Y,R/L,235-482-740,3
2003.1,L-26,1,Lothal,Gujarat/Kutch,SEAL:S,seal,Bull1:W,HAN,Y,R/L,166-111-060-240-798-740,6
2005.1,L-28,1,Lothal,Gujarat/Kutch,SEAL:S,seal,Bull1:S,SAN,Y,R/L,920-060-741-590-406-740,6
2006.1,L-29,1,Lothal,Gujarat/Kutch,SEAL:S,seal,Bull1:O,SAN,Y,R/L,861-368-480-003-390,5
2008.1,L-35,1,Lothal,Gujarat/Kutch,SEAL:S,seal,Bull1:J,SAN,Y,R/L,233-176-740,3
2009.1,L-36,1,Lothal,Gujarat/Kutch,SEAL:S,seal,Bull1,SAN,Y,R/L,720-405-065-060-001-003-422,7
2010.1,L-37,1,Lothal,Gujarat/Kutch,SEAL:S,seal,Bull1,SAN,Y,R/L,406-390-892-104,4
2011.1,L-38,1,Lothal,Gujarat/Kutch,SEAL:S,seal,Bull1:V,SAN,Y,R/L,220-100-151,3
2012.1,L-39,1,Lothal,Gujarat/Kutch,SEAL:S,seal,Bull1,SAN,Y,R/L,626-861-002-315-520,5
2013.1,L-41,1,Lothal,Gujarat/Kutch,SEAL:S,seal,Bull,-,Y,R/L,817-002-233-740-090,5
2014.1,L-42,1,Lothal,Gujarat/Kutch,SEAL:S,seal,Bull1:S,SAN,Y,R/L,003-156,2
2015.1,L-43,1,Lothal,Gujarat/Kutch,SEAL:S,seal,Bull1:X,-,Y,R/L,390-590-151,3
2016.1,L-45,1,Lothal,Gujarat/Kutch,SEAL:S,seal,Gaur,Trough,Y,R/L,634-741-220-236-440-411,6
2017.1,L-46,1,Lothal,Gujarat/Kutch,SEAL:S,seal,Gaur,Trough,Y,R/L,392-861-002-176-740-233-388-527,8
2018.1,L-47,1,Lothal,Gujarat/Kutch,SEAL:S,seal,Bull1,-,Y,R/L,055-798-002-190-409,5
2019.1,L-48,1,Lothal,Gujarat/Kutch,SEAL:S,seal,Goat:2,RBF,Y,R/L,685-865,2
2019.1,L-48,2,Lothal,Gujarat/Kutch,SEAL:S,seal,Goat:2,RBF,Y,R/L,390-741-032-226,4
2020.1,L-51,1,Lothal,Gujarat/Kutch,SEAL:S,seal,Misc,,Y,R/L,235-231-555-527,4
2021.1,L-52,1,Lothal,Gujarat/Kutch,SEAL:S,seal,,,Y,L/R,527-550,2
2022.1,L-55,1,Lothal,Gujarat/Kutch,SEAL:S,seal,,,Y,R/L,233-176-740,3
2023.1,L-56,1,Lothal,Gujarat/Kutch,SEAL:S,seal,-,-,Y,L/R,740-912,2
2024.1,L-57,1,Lothal,Gujarat/Kutch,SEAL:S,seal,-,-,Y,L/R,832-002-861,3
2025.1,L-58,1,Lothal,Gujarat/Kutch,SEAL:S,seal,,,Y,R/L,550-740,2
2026.1,L-59,1,Lothal,Gujarat/Kutch,SEAL:S,seal,,,Y,R/L,840-032-740,3
2027.1,L-60,1,Lothal,Gujarat/Kutch,SEAL:S,seal,-,-,Y,L/R,740-861-140,3
2036.1,L-82,1,Lothal,Gujarat/Kutch,SEAL:R,seal,,,Y,R/L,221-002-231-806,4
2037.1,L-83,1,Lothal,Gujarat/Kutch,SEAL:L,seal,,,Y,R/L,820-002-240-806-740,5
2038.1,L-84,1,Lothal,Gujarat/Kutch,SEAL:R,seal,-,-,Y,R/L,817-002-048,3
2041.1,L-87,1,Lothal,Gujarat/Kutch,SEAL:R,seal,,,Y,R/L,002-825-060-032-220-233-840-032-740,9
2042.1,L-88,1,Lothal,Gujarat/Kutch,SEAL:R,seal,,,Y,R/L,262-615-063-001-005-405,6
2043.1,L-89,1,Lothal,Gujarat/Kutch,SEAL:R,seal,,,Y,R/L,861-002-235-555-527,5
2044.1,L-90,1,Lothal,Gujarat/Kutch,SEAL:R,seal,-,-,Y,R/L,140-407-060-003-423,5
2046.1,L-92,1,Lothal,Gujarat/Kutch,SEAL:R,seal,,,Y,R/L,817-002-832-255-070-520,6
2051.1,L-97,1,Lothal,Gujarat/Kutch,SEAL:R,seal,,,Y,R/L,015-409,2
2052.1,L-98,1,Lothal,Gujarat/Kutch,SEAL:R,seal,,,Y,R/L,519-415-220-520,4
2053.1,L-101,1,Lothal,Gujarat/Kutch,MISC,other,,,Y,R/L,063-032-790-700-390,5
2054.1,L-102,1,Lothal,Gujarat/Kutch,SEAL:R,seal,,,Y,R/L,005-154,2
2060.1,L-111,1,Lothal,Gujarat/Kutch,SEAL:R,seal,,,Y,R/L,235-240-904-740,4
2061.1,L-112,1,Lothal,Gujarat/Kutch,SEAL:R,seal,,,Y,R/L,590-540-002-605-760-740,6
2063.1,L-114,1,Lothal,Gujarat/Kutch,SEAL:R,seal,,,Y,R/L,920-060-803-032-220-904-590-407-740,9
2064.1,L-115,1,Lothal,Gujarat/Kutch,SEAL:R,seal,,,Y,R/L,031-056-705-575,4
2066.1,L-118,1,Lothal,Gujarat/Kutch,SEAL:R,seal,,,Y,L/R,140-032,2
2067.1,L-122,1,Lothal,Gujarat/Kutch,SEAL:R,seal,,,Y,R/L,820-060-443-740-550-527,6
2068.1,L-124,1,Lothal,Gujarat/Kutch,TAG:L,tag,-,-,Y,R/L,705-500-741-001-055-220-740-090,8
2069.1,L-125,1,Lothal,Gujarat/Kutch,TAG:L,tag,Bull1,S,Y,R/L,705-500-741-001-055-220-740-090,8
2070.1,L-126,1,Lothal,Gujarat/Kutch,TAG:L,tag,Bull1,-,Y,R/L,705-500-741-001-055-220-740-090,8
2071.1,L-128,1,Lothal,Gujarat/Kutch,TAG:L,tag,-,-,Y,R/L,705-500-741-001-055-220-740-090,8
2072.1,L-129,1,Lothal,Gujarat/Kutch,TAG,tag,-,-,Y,R/L,705-500-741-001-055-220-740-090,8
2073.1,L-130,1,Lothal,Gujarat/Kutch,TAG,tag,Bull1,-,Y,R/L,861-002-236,3
2074.1,L-131,1,Lothal,Gujarat/Kutch,TAG,tag,-,-,Y,R/L,861-002-236,3
2077.1,L-134,1,Lothal,Gujarat/Kutch,TAG,tag,-,-,Y,R/L,617-002-240-220-233-520,6
2084.1,L-142,1,Lothal,Gujarat/Kutch,TAG:P,tag,Bull1,?AN,Y,R/L,692-031-001-015-140,5
2085.1,L-143,1,Lothal,Gujarat/Kutch,TAG,tag,Bull1,-,Y,R/L,920-060-004-220-388-740,6
2087.1,L-145,1,Lothal,Gujarat/Kutch,TAG,tag,Bull1,-,Y,R/L,550-002-415-390,4
2088.1,L-146,1,Lothal,Gujarat/Kutch,TAG:O,tag,Bull1,-,Y,R/L,705-033-520,3
2093.1,L-161,1,Lothal,Gujarat/Kutch,TAG:B,tag,Elep,,Y,R/L,817-002-048-740,4
2094.1,L-162,1,Lothal,Gujarat/Kutch,TAG:B,tag,Elep,,Y,R/L,817-002-048-740,4
2095.1,L-163,1,Lothal,Gujarat/Kutch,TAG:B,tag,Elep,,Y,R/L,817-002-048-740,4
2096.1,L-164,1,Lothal,Gujarat/Kutch,TAG:B,tag,Elep,,Y,R/L,817-002-048-740,4
2097.1,L-165,1,Lothal,Gujarat/Kutch,TAG:B,tag,Elep,,Y,R/L,817-002-048-740,4
2098.1,L-166,1,Lothal,Gujarat/Kutch,TAG:B,tag,Elep,,Y,R/L,817-002-048-740,4
2099.1,L-167,1,Lothal,Gujarat/Kutch,TAG:B,tag,Elep,,Y,R/L,817-002-048-740,4
2100.1,L-168,1,Lothal,Gujarat/Kutch,TAG:B,tag,Elep,,Y,R/L,817-002-048-740,4
2101.1,L-169,1,Lothal,Gujarat/Kutch,TAG:B,tag,Elep,,Y,R/L,817-002-048-740,4
2102.1,L-170,1,Lothal,Gujarat/Kutch,TAG:B,tag,Elep,,Y,R/L,817-002-048-740,4
2112.1,L-190,1,Lothal,Gujarat/Kutch,TAG,tag,-,-,Y,R/L,705-500-741-001-055-220-740-090,8
2113.1,L-191,1,Lothal,Gujarat/Kutch,TAG,tag,-,-,Y,R/L,705-500-741-001-055-220-740-090,8
2115.1,L-193,1,Lothal,Gujarat/Kutch,TAG,tag,Bull1,-,Y,R/L,705-500-741-001-055-220-740-090,8
2117.1,L-197,1,Lothal,Gujarat/Kutch,TAG,tag,-,-,Y,R/L,705-500-741-001-055-220-740-090,8
2125.1,L-206,1,Lothal,Gujarat/Kutch,TAG:W,tag,-,-,Y,R/L,705-500-741-001-055-220-740-090,8
2126.1,L-207,1,Lothal,Gujarat/Kutch,TAG,tag,Bull1,-,Y,R/L,820-002-482-740,4
2133.2,L-217,1,Lothal,Gujarat/Kutch,TAB:B,tablet,Mult,Mult,Y,R/L,703-090-740,3
2133.3,L-217,1,Lothal,Gujarat/Kutch,TAB:B,tablet,Mult,Mult,Y,R/L,920-060-741-821-740,5
2134.1,L-218,1,Lothal,Gujarat/Kutch,TAG:P,tag,Bull1,-,Y,R/L,111-590-317,3
2135.1,L-219,1,Lothal,Gujarat/Kutch,TAG,tag,Bull1,-,Y,R/L,575-223-001-032-226-233,6
2136.1,L-220,1,Lothal,Gujarat/Kutch,TAG:P,tag,CompBull,,Y,R/L,861-002-031-100,4
2149.1,L-271,1,Lothal,Gujarat/Kutch,POT:T:g,pottery,-,-,Y,L/R,156-031-240,3
2153.1,-,1,Luristan,Iranian Plateau,SEAL:C,seal,Gaur,-,Y,R/L,091-840-413-831,4
2155.1,-,1,Mohenjo-daro,Lower Indus,POT:T:g,pottery,,,Y,L/R,740-005,2
2158.1,M-2062,1,Mohenjo-daro,Lower Indus,POT:T:g,pottery,,,Y,R/L,032-741,2
2158.1,M-2062,2,Mohenjo-daro,Lower Indus,POT:T:g,pottery,,,Y,R/L,046-031,2
2159.1,M-2067,1,Mohenjo-daro,Lower Indus,POT:T:g,pottery,,,Y,R/L,171-035,2
2161.1,M-2061,1,Mohenjo-daro,Lower Indus,POT:T:g,pottery,,,Y,R/L,406-742,2
2161.1,M-2061,2,Mohenjo-daro,Lower Indus,POT:T:g,pottery,,,Y,R/L,480-001-235-482-740,5
2162.1,M-2063,1,Mohenjo-daro,Lower Indus,POT:T:g,pottery,,,Y,R/L,480-142-740,3
2165.2,M-2060,1,Mohenjo-daro,Lower Indus,POT:T:g,pottery,,,Y,L/R,740-176-002-861,4
2173.1,-,1,Mohenjo-daro,Lower Indus,BNGL,other,,,Y,L/R,585-831,2
2176.1,M-1989,1,Mohenjo-daro,Lower Indus,SEAL:R,seal,,,Y,R/L,798-017-575-740-679,5
2176.2,M-1989,1,Mohenjo-daro,Lower Indus,SEAL:R,seal,,,Y,L/R,679-740-575,3
2177.1,M-1742,1,Mohenjo-daro,Lower Indus,SEAL:S,seal,Bull1:W,SAN,Y,R/L,004-390,2
2178.1,M-1696,1,Mohenjo-daro,Lower Indus,SEAL:S,seal,Bull1:II,SAN,Y,R/L,861-002-415-220-705-033-520,7
2179.1,M-1880,1,Mohenjo-daro,Lower Indus,SEAL:S,seal,Gaur,Trough,Y,R/L,861-002-176-151,4
2180.1,-,1,Dholavira,Gujarat/Kutch,SEAL:S,seal,Bull1:V,SAN,Y,R/L,091-500-741-240-416-840-740,7
2181.1,M-1847,1,Mohenjo-daro,Lower Indus,SEAL:S,seal,Bull1,SAN,Y,R/L,235-550-527,3
2182.1,M-1792,1,Mohenjo-daro,Lower Indus,SEAL:S,seal,Bull1:J,,Y,R/L,240-760-740,3
2182.1,M-1792,2,Mohenjo-daro,Lower Indus,SEAL:S,seal,Bull1:J,,Y,R/L,740-952-740,3
2183.1,M-1748,1,Mohenjo-daro,Lower Indus,SEAL:S,seal,Bull1,SAN,Y,R/L,388-527,2
2184.1,M-1794,1,Mohenjo-daro,Lower Indus,SEAL:S,seal,Bull1:W,SAN,Y,R/L,617-703-400,3
2185.1,M-1751,1,Mohenjo-daro,Lower Indus,SEAL:S,seal,Bull1:J,SAN,Y,R/L,235-740-565,3
2188.1,M-1850,1,Mohenjo-daro,Lower Indus,SEAL:S,seal,Bull1:S,,Y,R/L,817-002-506,3
2189.1,M-1953,1,Mohenjo-daro,Lower Indus,SEAL:R,seal,,,Y,R/L,806-233-845-407,4
2191.1,M-1857,1,Mohenjo-daro,Lower Indus,SEAL:S,seal,Bull1,,Y,R/L,003-390,2
2192.1,M-1805,1,Mohenjo-daro,Lower Indus,SEAL:S,seal,Bull1:S,SAN,Y,R/L,920-060-741-440-740,5
2193.1,M-1766,1,Mohenjo-daro,Lower Indus,SEAL:S,seal,Bull1:W,SAF,Y,R/L,033-810-892-269-002-240-845-032-740,9
2194.1,M-1809,1,Mohenjo-daro,Lower Indus,SEAL:S,seal,Bull1:U,SAN,Y,R/L,235-798-740,3
2195.1,M-1749,1,Mohenjo-daro,Lower Indus,SEAL:S,seal,Bull1:W,SAN,Y,R/L,031-125-455-220,4
2196.1,M-1764,1,Mohenjo-daro,Lower Indus,SEAL:S,seal,Bull1:W,SAN,Y,R/L,550-060-679,3
2197.1,M-1685,1,Mohenjo-daro,Lower Indus,SEAL:S,seal,Bull1:S,SAF,Y,R/L,545-908-101-740-090,5
2199.1,M-1682,1,Mohenjo-daro,Lower Indus,SEAL:S,seal,Bull1:W,SAN,Y,R/L,146-924-161,3
2203.1,M-2006,1,Mohenjo-daro,Lower Indus,POT:T:g,pottery,,,Y,R/L,415-900-158,3
2204.1,M-1976,1,Mohenjo-daro,Lower Indus,SEAL:R,seal,,,Y,R/L,817-002-142-617,4
2205.1,M-1984,1,Mohenjo-daro,Lower Indus,SEAL:R,seal,,,Y,R/L,003-407,2
2206.1,M-1689,1,Mohenjo-daro,Lower Indus,SEAL:S,seal,Bull1:W,SAN,Y,R/L,595-803-153,3
2209.1,-,1,Mohenjo-daro,Lower Indus,POT:T:g,pottery,,,Y,L/R,158-032,2
2210.1,M-2113,1,Mohenjo-daro,Lower Indus,ROD,other,,,Y,R/L,690-435-760-740-400,5
2212.1,M-165,1,Mohenjo-daro,Lower Indus,SEAL:S,seal,Bull1:I,SAN,Y,R/L,194-740-817,3
2212.1,M-165,2,Mohenjo-daro,Lower Indus,SEAL:S,seal,Bull1:I,SAN,Y,R/L,032-390-741-001-760-740,6
2213.1,M-235,1,Mohenjo-daro,Lower Indus,SEAL:S,seal,Gaur,Trough,Y,R/L,550-001-368,3
2213.1,M-235,2,Mohenjo-daro,Lower Indus,SEAL:S,seal,Gaur,Trough,Y,R/L,820-002-350-543-740,5
2215.1,M-1811,1,Mohenjo-daro,Lower Indus,SEAL:S,seal,Bull1:L,SAN,Y,R/L,821-740,2
2218.1,M-1683,1,Mohenjo-daro,Lower Indus,SEAL:S,seal,Bull1:W,SAN,Y,R/L,692-001-467-806-155,5
2219.1,M-1881,1,Mohenjo-daro,Lower Indus,SEAL:S,seal,Gaur,Trough,Y,R/L,617-741-176-100-740,5
2220.1,M-1675,1,Mohenjo-daro,Lower Indus,SEAL:S,seal,Bull1:W,RBF,Y,R/L,820-002-844-390-621,5
2221.1,M-1892,1,Mohenjo-daro,Lower Indus,SEAL:S,seal,Zebu,-,Y,R/L,706-501-368,3
2221.1,M-1892,2,Mohenjo-daro,Lower Indus,SEAL:S,seal,Zebu,-,Y,R/L,391-595-850-480-001-821,6
2222.1,M-1824,1,Mohenjo-daro,Lower Indus,SEAL:S,seal,Bull1:L,RAN,Y,R/L,698-401,2
2223.1,M-1986,1,Mohenjo-daro,Lower Indus,SEAL:R,seal,,,Y,R/L,468-806-154,3
2224.1,M-1676,1,Mohenjo-daro,Lower Indus,SEAL:S,seal,Bull1:S,-,Y,R/L,803-504-595-002-240-832-255-070-760-740,10
2225.1,M-1923,1,Mohenjo-daro,Lower Indus,SEAL:S,seal,Tigr,Trough,Y,R/L,016-853-440-760-740,5
2226.1,M-1692,1,Mohenjo-daro,Lower Indus,SEAL:S,seal,Bull1:L,SAN,Y,R/L,032-632-125-190-002-617-600-390,8
2227.1,M-1975,1,Mohenjo-daro,Lower Indus,SEAL:R,seal,,,Y,R/L,920-204-595-001-752-740,6
2228.1,M-1697,1,Mohenjo-daro,Lower Indus,SEAL:S,seal,Bull1:W,SAF,Y,R/L,861-002-003-390,4
2229.1,M-1737,1,Mohenjo-daro,Lower Indus,SEAL:S,seal,Bull1:W,SAN,Y,R/L,820-002-032-921-072-760-740,7
2230.1,M-1743,1,Mohenjo-daro,Lower Indus,SEAL:S,seal,Bull1:J,SAN,Y,R/L,176-740-140-840-064,5
2231.1,M-1688,1,Mohenjo-daro,Lower Indus,SEAL:S,seal,Bull1:S,SAN,Y,R/L,590-033-455-031-012-031-220-286-002-255-435-125,12
2232.1,M-1916,1,Mohenjo-daro,Lower Indus,SEAL:S,seal,Tigr,Trough,Y,R/L,518-002-142-604-740,5
2233.1,M-1744,1,Mohenjo-daro,Lower Indus,SEAL:S,seal,Bull1:L,SAN,Y,R/L,250-031-001-518-081-892-400,7
2234.1,M-1956,1,Mohenjo-daro,Lower Indus,SEAL:R,seal,,,Y,R/L,806-798-415-220-790-900-740,7
2235.1,M-2036,1,Mohenjo-daro,Lower Indus,TAG:C,tag,Mult,-,Y,R/L,171-035,2
2236.1,M-1677,1,Mohenjo-daro,Lower Indus,SEAL:S,seal,Bull1:W,-,Y,R/L,012-440-001-820-002-032-382-520,8
2240.1,M-1674,1,Mohenjo-daro,Lower Indus,SEAL:S,seal,Bull1:J,RAF,Y,R/L,683-861-002-231-222-740-090,7
2241.1,M-1795,1,Mohenjo-daro,Lower Indus,SEAL:S,seal,Bull1:S,SAN,Y,R/L,844-390,2
2242.1,M-1702,1,Mohenjo-daro,Lower Indus,SEAL:S,seal,Bull1:W,-,Y,R/L,191-740,2
2243.1,M-940,1,Mohenjo-daro,Lower Indus,SEAL:S,seal,Bull1:J,SAN,Y,R/L,817-002-555-527,4
2244.1,M-1807,1,Mohenjo-daro,Lower Indus,SEAL:S,seal,Bull1:S,SAN,Y,R/L,844-390-400,3
2246.1,M-457,1,Mohenjo-daro,Lower Indus,TAB:B,tablet,Xcrs,,Y,R/L,630-740,2
2248.1,M-1849,1,Mohenjo-daro,Lower Indus,SEAL:S,seal,Bull1:L,SAN,Y,R/L,233-804-400,3
2249.1,M-966,1,Mohenjo-daro,Lower Indus,SEAL:S,seal,Bull1:J,SAN,Y,R/L,920-060-741-042-740,5
2250.1,M-1981,1,Mohenjo-daro,Lower Indus,SEAL:R,seal,,,Y,R/L,746-130-400,3
2251.1,M-1704,1,Mohenjo-daro,Lower Indus,SEAL:S,seal,Bull1:W,SAN,Y,R/L,861-002-605-760-740,5
2252.1,M-2028,1,Mohenjo-daro,Lower Indus,TAB:B,tablet,,,Y,R/L,142-617,2
2253.1,M-1800,1,Mohenjo-daro,Lower Indus,SEAL:S,seal,Bull1:W,SAN,Y,R/L,550-527,2
2254.1,M-1756,1,Mohenjo-daro,Lower Indus,SEAL:S,seal,Bull1:J,RAN,Y,R/L,892-741-235-240-151,5
2255.1,M-1765,1,Mohenjo-daro,Lower Indus,SEAL:S,seal,Bull1:W,SAF,Y,R/L,033-093-002-705-632-140-480-031-215,9
2256.1,M-1753,1,Mohenjo-daro,Lower Indus,SEAL:S,seal,Bull1:L,SAN,Y,R/L,861-002-240-519-760-740,6
2259.1,M-1819,1,Mohenjo-daro,Lower Indus,SEAL:S,seal,Bull1:I,SAN,Y,R/L,176-740,2
2261.1,M-1721,1,Mohenjo-daro,Lower Indus,SEAL:S,seal,Bull1:W,SAN,Y,R/L,820-002-042-740,4
2262.1,M-1827,1,Mohenjo-daro,Lower Indus,SEAL:S,seal,Bull1:I,SAN,Y,R/L,233-520,2
2263.1,M-963,1,Mohenjo-daro,Lower Indus,SEAL:S,seal,Bull1:S,SAN,Y,R/L,817-002-176-740,4
2264.1,M-1699,1,Mohenjo-daro,Lower Indus,SEAL:S,seal,Bull1:W,SAF,Y,R/L,803-161,2
2265.1,M-888,1,Mohenjo-daro,Lower Indus,SEAL:S,seal,Bull1:S,RAF,Y,R/L,440-741-240-220-520,5
2266.1,M-1705,1,Mohenjo-daro,Lower Indus,SEAL:S,seal,Bull1:W,SAN,Y,R/L,235-798-740,3
2267.1,M-1848,1,Mohenjo-daro,Lower Indus,SEAL:S,seal,Bull1:U,SAN,Y,R/L,029-032,2
2268.1,M-1709,1,Mohenjo-daro,Lower Indus,SEAL:S,seal,Bull1:S,RAF,Y,R/L,817-002-220-520-621,5
2270.1,M-1668,1,Mohenjo-daro,Lower Indus,SEAL:S,seal,Bull1:S,SAN,Y,R/L,125-705-320-002-803-233-773-740,8
2271.1,M-1684,1,Mohenjo-daro,Lower Indus,SEAL:S,seal,Bull1:W,SAN,Y,R/L,031-371-405,3
2272.1,M-1717,1,Mohenjo-daro,Lower Indus,SEAL:S,seal,Bull1:J,RBF,Y,R/L,817-368-503-017-760-740,6
2273.1,M-1839,1,Mohenjo-daro,Lower Indus,SEAL:S,seal,Bull1:I,RAN,Y,R/L,097-151,2
2275.1,-,1,Mohenjo-daro,Lower Indus,TAB:C,tablet,Othr,,Y,R/L,503-615-752-740,4
2276.1,M-1726,1,Mohenjo-daro,Lower Indus,SEAL:S,seal,Bull1:W,SAN,Y,R/L,861-002-240-495-615-740,6
2277.1,M-1990,1,Mohenjo-daro,Lower Indus,SEAL,seal,,,Y,L/R,740-760-440-240-220-002-861,7
2278.1,M-1974,1,Mohenjo-daro,Lower Indus,SEAL:R,seal,,,Y,R/L,820-002-521-400-031-064,6
2280.1,M-1724,1,Mohenjo-daro,Lower Indus,SEAL:S,seal,Bull1:W,SAN,Y,R/L,309-165-001-003-427,5
2282.1,M-1879,1,Mohenjo-daro,Lower Indus,SEAL:S,seal,Gaur,Trough,Y,R/L,556-066-240-636-740,5
2283.1,M-1746,1,Mohenjo-daro,Lower Indus,SEAL:S,seal,Bull1:S,SAN,Y,R/L,817-002-240-415-100-740-090,7
2284.2,M-2053,1,Mohenjo-daro,Lower Indus,TAB:C,tablet,,,Y,R/L,220-017-585-095-520-032-407,7
2285.1,M-1760,1,Mohenjo-daro,Lower Indus,SEAL:S,seal,Bull1:S,SAN,Y,R/L,820-060-235-240-923-740,6
2287.2,M-2054,1,Mohenjo-daro,Lower Indus,TAB:C,tablet,,,Y,R/L,806-845-061-407-850-900-740,7
2288.1,M-1846,1,Mohenjo-daro,Lower Indus,SEAL:S,seal,Bull1:I,SAN,Y,R/L,003-158-400,3
2290.1,M-1791,1,Mohenjo-daro,Lower Indus,SEAL:S,seal,Bull1:J,RAF,Y,R/L,032-840-002-268-760-740,6
2291.1,M-1889,1,Mohenjo-daro,Lower Indus,SEAL:S,seal,Gaur,Trough,Y,R/L,371-031-741-844-390,5
2292.1,M-1706,1,Mohenjo-daro,Lower Indus,SEAL:S,seal,Bull1:I,SAN,Y,R/L,820-002-220-032-220-803-740,7
2293.1,M-808,1,Mohenjo-daro,Lower Indus,SEAL:S,seal,Bull1:J,SAN,Y,R/L,820-060-235-240-455-740,6
2294.1,M-1917,1,Mohenjo-daro,Lower Indus,SEAL:S,seal,Tigr,Trough,Y,R/L,235-233-555-527-400,5
2296.1,M-1711,1,Mohenjo-daro,Lower Indus,SEAL:S,seal,Bull1:W,RAF,Y,R/L,817-002-049-760-740,5
2297.1,M-1772,1,Mohenjo-daro,Lower Indus,SEAL:S,seal,Bull1:I,SAF,Y,R/L,705-255-435-798-002-061-142-400-740,9
2299.1,M-1708,1,Mohenjo-daro,Lower Indus,SEAL:S,seal,Bull1:I,RAN,Y,R/L,817-002-017-585-740,5
2302.1,M-1897,1,Mohenjo-daro,Lower Indus,SEAL:S,seal,Zebu,,Y,R/L,031-592,2
2304.1,M-1761,1,Mohenjo-daro,Lower Indus,SEAL:S,seal,Bull1:J,SAN,Y,R/L,590-820,2
2305.1,M-1828,1,Mohenjo-daro,Lower Indus,SEAL:S,seal,Bull1:S,SAN,Y,R/L,142-156,2
2306.1,M-1886,1,Mohenjo-daro,Lower Indus,SEAL:S,seal,Gaur,Trough,Y,R/L,415-100-740,3
2307.1,M-1779,1,Mohenjo-daro,Lower Indus,SEAL:S,seal,Bull1:J,SAN,Y,R/L,003-156,2
2308.1,-,1,Mohenjo-daro,Lower Indus,TAB:C,tablet,Othr,Trough,Y,R/L,503-615-752-740,4
2309.1,M-1784,1,Mohenjo-daro,Lower Indus,SEAL:S,seal,Bull1:W,RAN,Y,R/L,806-923-740,3
2310.1,M-1810,1,Mohenjo-daro,Lower Indus,SEAL:S,seal,Bull1:J,SAN,Y,R/L,920-156-002-003-140-100-740,7
2312.1,M-1900,1,Mohenjo-daro,Lower Indus,SEAL:S,seal,Zebu,,Y,R/L,575-590-741-240-520,5
2313.1,M-1763,1,Mohenjo-daro,Lower Indus,SEAL:S,seal,Bull1:W,SAN,Y,R/L,861-002-032-220-740-565-001-416,8
2314.1,M-1891,1,Mohenjo-daro,Lower Indus,SEAL:S,seal,Gaur,Trough,Y,R/L,240-503-017-740-400,5
2316.1,M-1821,1,Mohenjo-daro,Lower Indus,SEAL:S,seal,Bull1:I,SAF,Y,R/L,140-900-390-741-838-740,6
2317.1,M-1977,1,Mohenjo-daro,Lower Indus,SEAL:R,seal,,,Y,R/L,140-746-142-617,4
2318.1,M-2089,1,Mohenjo-daro,Lower Indus,ROD,other,,,Y,L/R,002-861-096,3
2319.1,M-1829,1,Mohenjo-daro,Lower Indus,SEAL:S,seal,Bull1:I,SAN,Y,R/L,175-520,2
2320.1,M-1803,1,Mohenjo-daro,Lower Indus,SEAL:S,seal,Bull1:I,SAN,Y,R/L,503-615-740,3
2321.1,M-1762,1,Mohenjo-daro,Lower Indus,SEAL:S,seal,Bull1:S,SAN,Y,R/L,820-001-202-645,4
2322.1,M-2041,1,Mohenjo-daro,Lower Indus,TAB:I,tablet,,,Y,R/L,690-323,2
2322.2,M-2041,1,Mohenjo-daro,Lower Indus,TAB:I,tablet,,,Y,R/L,550-060-690-740,4
2323.1,M-1755,1,Mohenjo-daro,Lower Indus,SEAL:S,seal,Bull1:L,SAN,Y,R/L,861-002-176-740,4
2324.1,M-1777,1,Mohenjo-daro,Lower Indus,SEAL:S,seal,Bull1:L,SAN,Y,R/L,017-585-740,3
2325.1,M-1735,1,Mohenjo-daro,Lower Indus,SEAL:S,seal,Bull1:S,SAN,Y,R/L,031-156,2
2327.1,M-1922,1,Mohenjo-daro,Lower Indus,SEAL:S,seal,,,Y,R/L,590-405-740,3
2328.1,M-1816,1,Mohenjo-daro,Lower Indus,SEAL:S,seal,Bull1,SAN,Y,R/L,097-151,2
2329.1,M-1822,1,Mohenjo-daro,Lower Indus,SEAL:S,seal,Bull1:W,RAN,Y,R/L,745-171-032-031,4
2332.1,M-1741,1,Mohenjo-daro,Lower Indus,SEAL:S,seal,Bull1:S,SAN,Y,R/L,001-220-140-416-031-565,6
2335.1,M-1671,1,Mohenjo-daro,Lower Indus,SEAL:S,seal,Bull1:J,SAN,Y,R/L,413-575-791,3
2335.1,M-1671,2,Mohenjo-daro,Lower Indus,SEAL:S,seal,Bull1:J,SAN,Y,R/L,920-060-176-222-740,5
2336.1,M-1769,1,Mohenjo-daro,Lower Indus,SEAL:S,seal,Bull1:S,RAN,Y,R/L,032-865,2
2336.1,M-1769,2,Mohenjo-daro,Lower Indus,SEAL:S,seal,Bull1:S,RAN,Y,R/L,605-700-032-226,4
2337.1,M-1885,1,Mohenjo-daro,Lower Indus,SEAL:S,seal,Gaur,Trough,Y,R/L,235-240-055-151,4
2338.1,M-1955,1,Mohenjo-daro,Lower Indus,SEAL:R,seal,,,Y,R/L,820-002-803-322-920-390,6
2339.1,M-1757,1,Mohenjo-daro,Lower Indus,SEAL:S,seal,Bull1:S,SAN,Y,R/L,920-060-741-240-350-504,6
2340.1,M-1854,1,Mohenjo-daro,Lower Indus,SEAL:S,seal,Bull1,RAN,Y,R/L,590-892,2
2342.1,M-1661,1,Mohenjo-daro,Lower Indus,SEAL:S,seal,Bull1:W,SAN,Y,R/L,140-919-520-032-861-002-219-070-520,9
2343.1,M-1790,1,Mohenjo-daro,Lower Indus,SEAL:S,seal,Bull1:J,RAF,Y,R/L,920-060-741-592,4
2344.1,M-1902,1,Mohenjo-daro,Lower Indus,SEAL:S,seal,Zebu,,Y,R/L,920-060-741-590-390-151,6
2345.1,M-1804,1,Mohenjo-daro,Lower Indus,SEAL:S,seal,Bull1:J,SAN,Y,R/L,820-060-231-798-740,5
2346.1,M-1714,1,Mohenjo-daro,Lower Indus,SEAL:S,seal,Bull1:U,RBN,Y,R/L,861-740-031-243-617,5
2347.1,M-1817,1,Mohenjo-daro,Lower Indus,SEAL:S,seal,Bull1:II,SAN,Y,R/L,235-388-740,3
2348.1,M-1988,1,Mohenjo-daro,Lower Indus,SEAL,seal,,,Y,R/L,240-772-740,3
2349.1,M-1793,1,Mohenjo-daro,Lower Indus,SEAL:S,seal,Bull1:L,Anth,Y,R/L,891-060-032-226,4
2350.1,M-1899,1,Mohenjo-daro,Lower Indus,SEAL:S,seal,Zebu,,Y,R/L,861-002-132-924,4
2351.1,M-1920,1,Mohenjo-daro,Lower Indus,SEAL:S,seal,,,Y,L/R,407-005,2
2352.1,M-2078,1,Mohenjo-daro,Lower Indus,BNGL,other,,,Y,R/L,326-252-268-360,4
2353.1,M-1799,1,Mohenjo-daro,Lower Indus,SEAL:S,seal,Bull1:S,SAN,Y,R/L,016-390,2
2354.1,M-1770,1,Mohenjo-daro,Lower Indus,SEAL:S,seal,Bull1:U,RAN,Y,R/L,390-090-390-176-740,5
2355.1,M-1838,1,Mohenjo-daro,Lower Indus,SEAL:S,seal,Bull1:I,SAN,Y,R/L,323-920-390,3
2356.1,M-2098,1,Mohenjo-daro,Lower Indus,ROD,other,,,Y,R/L,140-176-740-400,4
2357.1,M-1928,1,Mohenjo-daro,Lower Indus,SEAL:S,seal,Buff,Trough,Y,R/L,031-003-156,3
2357.2,M-1928,1,Mohenjo-daro,Lower Indus,SEAL:S,seal,Buff,Trough,Y,L/R,850-031,2
2359.1,M-1693,1,Mohenjo-daro,Lower Indus,SEAL:S,seal,Bull1,SAN,Y,R/L,817-002-235-706-033-555-527,7
2362.1,M-2121,1,Mohenjo-daro,Lower Indus,IMPL,other,,,Y,R/L,391-595-850-480-001-821,6
2363.1,M-1815,1,Mohenjo-daro,Lower Indus,SEAL:S,seal,Bull1:I,SAN,Y,R/L,703-615-740,3
2364.1,M-1893,1,Mohenjo-daro,Lower Indus,SEAL:S,seal,Zebu,,Y,R/L,817-033-927-740,4
2365.1,M-1982,1,Mohenjo-daro,Lower Indus,SEAL:R,seal,,,Y,R/L,031-240-100-740,4
2366.1,M-1789,1,Mohenjo-daro,Lower Indus,SEAL:S,seal,Bull1:I,RAF,Y,R/L,260-368-002-455-740,5
2367.1,M-2020,1,Mohenjo-daro,Lower Indus,TAB:B,tablet,-,-,Y,R/L,705-167,2
2367.2,M-2020,1,Mohenjo-daro,Lower Indus,TAB:B,tablet,-,-,Y,R/L,705-167,2
2368.1,-,1,Mohenjo-daro,Lower Indus,IMPL,other,,,Y,R/L,391-595-850-480-001-821,6
2372.1,M-1740,1,Mohenjo-daro,Lower Indus,SEAL:S,seal,Bull1:S,SAN,Y,R/L,061-151,2
2373.1,M-1695,1,Mohenjo-daro,Lower Indus,SEAL:S,seal,Bull1:J,SAN,Y,R/L,891-060-031-484-337-740,6
2375.1,M-1759,1,Mohenjo-daro,Lower Indus,SEAL:S,seal,Bull1:S,SAN,Y,R/L,768-002-840-032-740,5
2377.1,M-707,1,Mohenjo-daro,Lower Indus,SEAL:S,seal,Bull1:W,SAN,Y,R/L,803-798-415-220-001-760-740,7
2378.1,M-1701,1,Mohenjo-daro,Lower Indus,SEAL:S,seal,Bull1:W,SAN,Y,R/L,861-297-820,3
2380.1,M-2026,1,Mohenjo-daro,Lower Indus,TAB:B,tablet,Cros,,Y,R/L,104-645-590-235-240-740-090,7
2381.1,M-1686,1,Mohenjo-daro,Lower Indus,SEAL:S,seal,Bull1:W,SAN,Y,R/L,142-002-032-220-904-740,6
2382.1,M-2040,1,Mohenjo-daro,Lower Indus,TAB:I,tablet,,,Y,R/L,322-690,2
2382.2,M-2040,1,Mohenjo-daro,Lower Indus,TAB:I,tablet,,,Y,R/L,550-060-690-740,4
2385.1,M-1715,1,Mohenjo-daro,Lower Indus,SEAL:S,seal,Bull1:J,RAF,Y,R/L,692-060-705-033-923-740,6
2386.1,M-1729,1,Mohenjo-daro,Lower Indus,SEAL:S,seal,Bull1:W,SAN,Y,R/L,820-002-003-390,4
2388.1,-,1,Mohenjo-daro,Lower Indus,SEAL:S,seal,Bull1:S,RAN,Y,R/L,861-002-240-637-740,5
2389.1,M-1681,1,Mohenjo-daro,Lower Indus,SEAL:S,seal,Bull1:W,SAN,Y,R/L,832-861-002-798-740-233-072-520,8
2390.1,M-1707,1,Mohenjo-daro,Lower Indus,SEAL:S,seal,Bull1:I,RAN,Y,R/L,572-060-032-761-350-298,6
2391.1,M-1837,1,Mohenjo-daro,Lower Indus,SEAL:S,seal,Bull1,RAN,Y,R/L,219-151,2
2393.1,M-1745,1,Mohenjo-daro,Lower Indus,SEAL:S,seal,Bull1:L,SAN,Y,R/L,892-031-002-031-055-821-368,7
2394.1,M-2106,1,Mohenjo-daro,Lower Indus,ROD,other,,,Y,R/L,240-838-585-740-400,5
2396.1,M-1921,1,Mohenjo-daro,Lower Indus,SEAL,seal,,,Y,R/L,090-750-400,3
2397.1,M-1927,1,Mohenjo-daro,Lower Indus,SEAL:S,seal,Mult,,Y,R/L,817-002-005-390,4
2398.1,M-1883,1,Mohenjo-daro,Lower Indus,SEAL:S,seal,Gaur,Trough,Y,R/L,069-002-031-061-171-035-740-090,8
2401.1,M-1680,1,Mohenjo-daro,Lower Indus,SEAL:S,seal,Bull1:W,-,Y,R/L,415-220-717-740,4
2402.1,M-1901,1,Mohenjo-daro,Lower Indus,SEAL:S,seal,Zebu,,Y,R/L,061-151,2
2402.1,M-1901,2,Mohenjo-daro,Lower Indus,SEAL:S,seal,Zebu,,Y,R/L,692-252-002-156,4
2403.1,M-1690,1,Mohenjo-daro,Lower Indus,SEAL:S,seal,Bull1:W,SAN,Y,R/L,278-220-958-741-838-240-032-220-070-520,10
2405.1,M-1767,1,Mohenjo-daro,Lower Indus,SEAL:S,seal,Bull1:W,SAF,Y,R/L,790,1
2405.1,M-1767,2,Mohenjo-daro,Lower Indus,SEAL:S,seal,Bull1:W,SAF,Y,R/L,032-632-892-350-296-400,6
2406.1,M-1980,1,Mohenjo-daro,Lower Indus,SEAL:R,seal,,,Y,R/L,503-463-740,3
2407.1,M-1888,1,Mohenjo-daro,Lower Indus,SEAL:S,seal,Gaur,Trough,Y,R/L,877-003-156,3
2408.1,M-2010,1,Mohenjo-daro,Lower Indus,TAG:O,tag,Bull1,?,Y,R/L,003-390,2
2409.1,M-1911,1,Mohenjo-daro,Lower Indus,SEAL:S,seal,Rhin,,Y,R/L,820-002-531-390-621,5
2410.1,M-1691,1,Mohenjo-daro,Lower Indus,SEAL:S,seal,Bull1:L,SAN,Y,R/L,906-741-240-255-435-690-740,7
2411.1,M-1725,1,Mohenjo-daro,Lower Indus,SEAL:S,seal,Bull1:S,SAN,Y,R/L,003-140-100-740-400,5
2413.1,M-1796,1,Mohenjo-daro,Lower Indus,SEAL:S,seal,Bull1:J,SAN,Y,R/L,861-455-740-840-032-740,6
2414.1,M-1910,1,Mohenjo-daro,Lower Indus,SEAL:S,seal,Rhin,Trough,Y,R/L,121-740-001-031-240-520,6
2417.1,M-1728,1,Mohenjo-daro,Lower Indus,SEAL:S,seal,Bull1:W,SAN,Y,R/L,820-002-032-220-240-055-161,7
2418.1,M-1844,1,Mohenjo-daro,Lower Indus,SEAL:S,seal,Bull1:U,SAN,Y,R/L,817-002-004-390,4
2420.1,M-1814,1,Mohenjo-daro,Lower Indus,SEAL:S,seal,Bull1:S,SAN,Y,R/L,240-415-220-520,4
2422.1,M-1954,1,Mohenjo-daro,Lower Indus,SEAL:R,seal,,,Y,R/L,861-002-798-415-220-705-033-752-031-590-407-740,12
2423.1,M-1732,1,Mohenjo-daro,Lower Indus,SEAL:S,seal,Bull1:II,SAN,Y,R/L,176-740-832-241,4
2426.1,M-1836,1,Mohenjo-daro,Lower Indus,SEAL:S,seal,Bull1:I,SAN,Y,R/L,233-520,2
2427.1,M-1768,1,Mohenjo-daro,Lower Indus,SEAL:S,seal,Bull1:W,RAN,Y,R/L,820-060-220-798-740,5
2428.1,M-1738,1,Mohenjo-daro,Lower Indus,SEAL:S,seal,Bull1:S,SAN,Y,R/L,692-060-235-240-226,5
2429.1,M-1731,1,Mohenjo-daro,Lower Indus,SEAL:S,seal,Bull1:J,SAN,Y,R/L,617-741-004-390,4
2431.1,M-1673,1,Mohenjo-daro,Lower Indus,SEAL:S,seal,Bull1:W,HAF,Y,R/L,260-368-241-900-817,5
2432.1,M-2014,1,Mohenjo-daro,Lower Indus,TAB:B,tablet,Mult,Mult,Y,R/L,220-840-032-740,4
2432.2,M-2014,1,Mohenjo-daro,Lower Indus,TAB:B,tablet,Mult,Mult,Y,R/L,220-798-550-527,4
2434.1,M-1719,1,Mohenjo-daro,Lower Indus,SEAL:S,seal,Bull1:W,S621,Y,R/L,240-643-740,3
2435.1,M-1830,1,Mohenjo-daro,Lower Indus,SEAL:S,seal,Bull1:X,SAN,Y,R/L,820-002-388-740,4
2436.1,M-2024,1,Mohenjo-daro,Lower Indus,TAB:B,tablet,,,Y,R/L,803-335-760-740,4
2437.1,M-821,1,Mohenjo-daro,Lower Indus,SEAL:S,seal,Bull1:S,SAN,Y,R/L,555-527,2
2439.1,M-1887,1,Mohenjo-daro,Lower Indus,SEAL:S,seal,Gaur,Trough,Y,R/L,240-235-083-740,4
2440.1,M-1818,1,Mohenjo-daro,Lower Indus,SEAL:S,seal,Bull1:W,SAN,Y,R/L,877-061-740,3
2441.1,M-1912,1,Mohenjo-daro,Lower Indus,SEAL:S,seal,Elep,,Y,R/L,003-220-520,3
2442.1,M-1771,1,Mohenjo-daro,Lower Indus,SEAL:S,seal,Bull1:J,HAN,Y,R/L,859-741-384-740,4
2443.1,M-1957,1,Mohenjo-daro,Lower Indus,SEAL:R,seal,,,Y,R/L,820-013-474-806-154,5
2445.1,M-1978,1,Mohenjo-daro,Lower Indus,SEAL:R,seal,,,Y,R/L,236-705-033-061-405,5
2448.1,M-1739,1,Mohenjo-daro,Lower Indus,SEAL:S,seal,Bull1:S,SAN,Y,R/L,201-060-032-590-390-740,6
2449.1,M-1964,1,Mohenjo-daro,Lower Indus,SEAL:R,seal,,,Y,R/L,004-900,2
2450.1,M-1750,1,Mohenjo-daro,Lower Indus,SEAL:S,seal,Bull1:W,SAN,Y,R/L,861-002-004-390,4
2451.1,M-1801,1,Mohenjo-daro,Lower Indus,SEAL:S,seal,Bull1:L,SAN,Y,R/L,759-741-031-350-400-520,6
2452.1,M-1915,1,Mohenjo-daro,Lower Indus,SEAL:S,seal,Elep,,Y,R/L,013-840-740,3
2453.1,M-984,1,Mohenjo-daro,Lower Indus,SEAL:S,seal,Bull1,-,Y,R/L,817-002-004-390,4
2454.1,M-1831,1,Mohenjo-daro,Lower Indus,SEAL:S,seal,Bull1:I,SAN,Y,R/L,260-004-390,3
2455.1,M-1747,1,Mohenjo-daro,Lower Indus,SEAL:S,seal,Bull1:S,SAN,Y,R/L,692-060-031-741-165,5
2457.1,M-1752,1,Mohenjo-daro,Lower Indus,SEAL:S,seal,Bull1:S,SAN,Y,R/L,817-002-019-760-740,5
2458.1,-,1,Mohenjo-daro,Lower Indus,TAB:C,tablet,Othr,Trough,Y,R/L,503-615-752-740,4
2460.1,M-1820,1,Mohenjo-daro,Lower Indus,SEAL:S,seal,Bull1,SAF,Y,R/L,510-460-740,3
2461.1,M-1853,1,Mohenjo-daro,Lower Indus,SEAL:S,seal,Bull1:I,SAN,Y,R/L,005-140-820-032,4
2462.1,M-1775,1,Mohenjo-daro,Lower Indus,SEAL:S,seal,Bull1:W,SAN,Y,R/L,049-740,2
2463.1,M-1834,1,Mohenjo-daro,Lower Indus,SEAL:S,seal,Bull1:J,RAN,Y,R/L,033-617-450,3
2463.1,M-1834,2,Mohenjo-daro,Lower Indus,SEAL:S,seal,Bull1:J,RAN,Y,R/L,791-252-741-510-463-740,6
2464.1,M-595,1,Mohenjo-daro,Lower Indus,SEAL:S,seal,Bull1:W,SAN,Y,R/L,820-002-176-415-100-740,6
2465.1,-,1,Mohenjo-daro,Lower Indus,TAB:C,tablet,,,Y,R/L,231-255-435-690-740,5
2465.2,-,1,Mohenjo-daro,Lower Indus,TAB:C,tablet,,,Y,R/L,479-749,2
2466.1,M-1798,1,Mohenjo-daro,Lower Indus,SEAL:S,seal,Bull1:W,SAN,Y,R/L,717-740,2
2467.1,M-2108,1,Mohenjo-daro,Lower Indus,ROD,other,,,Y,R/L,240-013-840-740-400,5
2468.1,M-1781,1,Mohenjo-daro,Lower Indus,SEAL:S,seal,Bull1:W,S,Y,R/L,803-233-520-400,4
2470.1,M-1972,1,Mohenjo-daro,Lower Indus,SEAL:R,seal,,,Y,R/L,353-460-742-798-235-455-740,7
2471.1,M-1903,1,Mohenjo-daro,Lower Indus,SEAL:S,seal,Buff,Trough,Y,R/L,125-861-740,3
2472.1,M-1983,1,Mohenjo-daro,Lower Indus,SEAL:R,seal,,,Y,R/L,005-390,2
2473.1,M-1665,1,Mohenjo-daro,Lower Indus,SEAL:S,seal,Bull1:W,SAN,Y,R/L,032-125-610-002-240-233-705-033-520,9
2474.1,M-2107,1,Mohenjo-daro,Lower Indus,ROD,other,,,Y,R/L,240-013-840-740-400,5
2475.1,M-1841,1,Mohenjo-daro,Lower Indus,SEAL:S,seal,Bull1:J,RAF,Y,R/L,260-760-740,3
2475.1,M-1841,2,Mohenjo-daro,Lower Indus,SEAL:S,seal,Bull1:J,RAF,Y,R/L,315-063-220-255-220,5
2476.1,M-1845,1,Mohenjo-daro,Lower Indus,SEAL:S,seal,Bull1:S,SAN,Y,R/L,235-803-740,3
2478.1,M-1906,1,Mohenjo-daro,Lower Indus,SEAL:S,seal,Rhin,Trough,Y,R/L,820-060-235-233-705-033-520,7
2479.1,M-1774,1,Mohenjo-daro,Lower Indus,SEAL:S,seal,Bull1:U,SAN,Y,R/L,013-840-740,3
2480.1,M-1985,1,Mohenjo-daro,Lower Indus,SEAL:R,seal,,,Y,R/L,742-806-415-220-717-904-100,7
2481.1,-,1,Mohenjo-daro,Lower Indus,TAB:C,tablet,Unknown,-,Y,R/L,798-240-845-063-407,5
2482.1,M-1907,1,Mohenjo-daro,Lower Indus,SEAL:S,seal,Rhin,Trough,Y,R/L,511-455-002-005-390,5
2484.1,M-1720,1,Mohenjo-daro,Lower Indus,SEAL:S,seal,Bull1:W,SAN,Y,R/L,240-233-740-679,4
2485.1,M-1687,1,Mohenjo-daro,Lower Indus,SEAL:S,seal,Bull1:S,SAN,Y,R/L,817-368-220-520,4
2486.1,M-1723,1,Mohenjo-daro,Lower Indus,SEAL:S,seal,Bull1:W,SAN,Y,R/L,798-705-033-840-032-740,6
2487.1,M-1855,1,Mohenjo-daro,Lower Indus,SEAL:S,seal,Bull1,-,Y,R/L,255-740,2
2488.1,-,1,Mohenjo-daro,Lower Indus,TAB:C,tablet,Comp,,Y,R/L,003-422,2
2488.2,-,1,Mohenjo-daro,Lower Indus,TAB:C,tablet,Comp,,Y,R/L,705-033-923-740-001,5
2489.1,-,1,Dholavira,Gujarat/Kutch,SEAL:S,seal,Bull1:V,SAN,Y,R/L,817-002-590-390-740,5
2490.1,M-1667,1,Mohenjo-daro,Lower Indus,SEAL:S,seal,Bull1:W,SAN,Y,R/L,820-717-002-032-220-255-435-690-740,9
2493.1,M-709,1,Mohenjo-daro,Lower Indus,SEAL:S,seal,Bull1:W,SAF,Y,R/L,920-060-742-440-001-100-740,7
2495.1,M-1780,1,Mohenjo-daro,Lower Indus,SEAL:S,seal,Bull1:I,SAN,Y,R/L,255-070-741-003-645-740,6
2498.1,M-1908,1,Mohenjo-daro,Lower Indus,SEAL:S,seal,Rhin,Slash,Y,R/L,760-740,2
2499.1,M-1813,1,Mohenjo-daro,Lower Indus,SEAL:S,seal,Bull1:U,SAN,Y,R/L,503-017-740,3
2506.1,M-1716,1,Mohenjo-daro,Lower Indus,SEAL:S,seal,Bull1:W,RAF,Y,R/L,820-002-803-240-220-520,6
2507.1,M-1730,1,Mohenjo-daro,Lower Indus,SEAL:S,seal,Bull1:S,SAN,Y,R/L,393-065-220-510-460-740,6
2509.1,M-1833,1,Mohenjo-daro,Lower Indus,SEAL:S,seal,Bull1:S,RAN,Y,R/L,861-002-015-390,4
2511.1,-,1,Mohenjo-daro,Lower Indus,TAB:B,tablet,Scene,,Y,R/L,840-032-740,3
2512.1,M-1826,1,Mohenjo-daro,Lower Indus,SEAL:S,seal,Bull1:W,SAN,Y,R/L,921-072-520,3
2513.1,M-1776,1,Mohenjo-daro,Lower Indus,SEAL:S,seal,Bull1:U,SAN,Y,R/L,262-741-803-220-520,5
2514.1,M-1797,1,Mohenjo-daro,Lower Indus,SEAL:S,seal,Bull1:W,SAN,Y,R/L,803-740,2
2516.1,M-1672,1,Mohenjo-daro,Lower Indus,SEAL:S,seal,Bull1:W,SAF,Y,R/L,920-060-741-003-220-520,6
2517.1,M-1700,1,Mohenjo-daro,Lower Indus,SEAL:S,seal,Bull1:W,SAF,Y,R/L,745-125-400,3
2520.1,-,1,Mohenjo-daro,Lower Indus,TAB:C,tablet,Othr,Trough,Y,R/L,503-615-752-740,4
2521.1,M-1785,1,Mohenjo-daro,Lower Indus,SEAL:S,seal,Bull1:L,RBN,Y,R/L,200-906,2
2521.1,M-1785,2,Mohenjo-daro,Lower Indus,SEAL:S,seal,Bull1:L,RBN,Y,R/L,702-033-415-100-740,5
2522.1,-,1,Mohenjo-daro,Lower Indus,TAB:C,tablet,Rhin,Trough,Y,R/L,503-615-740,3
2523.1,-,1,Mohenjo-daro,Lower Indus,TAB:C,tablet,Comp,Trough,Y,R/L,806-235-233-705-033-585-407,7
2524.1,M-1703,1,Mohenjo-daro,Lower Indus,SEAL:S,seal,Bull1:W,-,Y,R/L,416-232-097-151,4
2525.1,M-1514,1,Mohenjo-daro,Lower Indus,TAB:C,tablet,,,Y,R/L,752-740,2
2527.1,M-2104,1,Mohenjo-daro,Lower Indus,ROD,other,,,Y,R/L,034-700-097-151,4
2528.1,M-1961,1,Mohenjo-daro,Lower Indus,SEAL,seal,-,-,Y,R/L,817-002-072-406,4
2530.1,M-2088,1,Mohenjo-daro,Lower Indus,ROD,other,,,Y,R/L,556-527,2
2531.1,M-1,1,Mohenjo-daro,Lower Indus,SEAL:S,seal,Bull1:W,SAF,Y,R/L,371-255-861-368-001,5
2532.1,M-3,1,Mohenjo-daro,Lower Indus,SEAL:S,seal,Bull1:W,SAF,Y,R/L,521-032-717,3
2533.1,M-4,1,Mohenjo-daro,Lower Indus,SEAL:S,seal,Bull1:W,SAF,Y,R/L,033-617-564-002-231-705-033-465-298,9
2534.1,M-5,1,Mohenjo-daro,Lower Indus,SEAL:S,seal,Bull1:W,SAF,Y,R/L,692-060-235-240-773-740,6
2535.1,M-6,1,Mohenjo-daro,Lower Indus,SEAL:S,seal,Bull1:W,SAN,Y,R/L,244-065-880-820,4
2536.1,M-7,1,Mohenjo-daro,Lower Indus,SEAL:S,seal,Bull1:W,SAN,Y,R/L,861-002-240-923-101-740-140-845-407,9
2537.1,M-8,1,Mohenjo-daro,Lower Indus,SEAL:S,seal,Bull1:W,SAN,Y,R/L,632-140-706,3
2538.1,M-9,1,Mohenjo-daro,Lower Indus,SEAL:S,seal,Bull1:W,SAN,Y,R/L,745-311-031,3
2539.1,M-10,1,Mohenjo-daro,Lower Indus,SEAL:S,seal,Bull1:W,-,Y,R/L,455-267-002-806-235-706-033-032-070-061-405,11
2540.1,M-12,1,Mohenjo-daro,Lower Indus,SEAL:S,seal,Bull1:W,SAN,Y,R/L,371-892-202-368-002-233-590-390-740,9
2541.1,M-13,1,Mohenjo-daro,Lower Indus,SEAL:S,seal,Bull1:W,SAN,Y,R/L,125-304-368,3
2542.1,M-14,1,Mohenjo-daro,Lower Indus,SEAL:S,seal,Bull1:W,SAN,Y,R/L,817-002-503-776-740,5
2543.1,M-15,1,Mohenjo-daro,Lower Indus,SEAL:S,seal,Bull1:W,SAN,Y,R/L,861-002-176-740-090,5
2544.1,M-16,1,Mohenjo-daro,Lower Indus,SEAL:S,seal,Bull1:W,SAF,Y,R/L,171-035-130-820,4
2545.1,M-17,1,Mohenjo-daro,Lower Indus,SEAL:S,seal,Bull1:W,SAF,Y,R/L,560-814-002-016-390,5
2546.1,M-18,1,Mohenjo-daro,Lower Indus,SEAL:S,seal,Bull1:W,SAF,Y,R/L,055-740-932,3
2548.1,M-20,1,Mohenjo-daro,Lower Indus,SEAL:S,seal,Bull1:W,SAF,Y,R/L,513-460-036-861-002-005-390,7
2549.1,M-21,1,Mohenjo-daro,Lower Indus,SEAL:S,seal,Bull1:W,SAN,Y,R/L,861-002-032-692-362-740-001-350,8
2551.1,M-23,1,Mohenjo-daro,Lower Indus,SEAL:S,seal,Bull1:W,RAF,Y,R/L,368-192-871-842,4
2551.1,M-23,2,Mohenjo-daro,Lower Indus,SEAL:S,seal,Bull1:W,RAF,Y,R/L,920-001-235-220-520-692-060-482-740,9
2552.1,M-24,1,Mohenjo-daro,Lower Indus,SEAL:S,seal,Bull1:W,HAF,Y,R/L,140-906-002-235-240-740-090,7
2553.1,M-25,1,Mohenjo-daro,Lower Indus,SEAL:S,seal,Bull1:J,R,Y,R/L,595-706-243-617,4
2554.1,M-26,1,Mohenjo-daro,Lower Indus,SEAL:S,seal,Bull1:J,RBN,Y,R/L,692-060-531-740-090,5
2556.1,M-28,1,Mohenjo-daro,Lower Indus,SEAL:S,seal,Bull1:W,SAN,Y,R/L,861-002-416-840-760-740-374-892,8
2557.1,M-29,1,Mohenjo-daro,Lower Indus,SEAL:S,seal,Bull1:W,SAN,Y,R/L,503-455-220-002-806-235-240-055-740,9
2558.1,M-30,1,Mohenjo-daro,Lower Indus,SEAL:S,seal,Bull1:W,SAN,Y,R/L,806-235-240-503-017-752-740,7
2559.1,M-31,1,Mohenjo-daro,Lower Indus,SEAL:S,seal,Bull1:W,SAN,Y,R/L,820-060-233-511-269-740,6
2560.1,M-32,1,Mohenjo-daro,Lower Indus,SEAL:S,seal,Bull1:J,SAN,Y,R/L,817-002-003-390,4
2561.1,M-33,1,Mohenjo-daro,Lower Indus,SEAL:S,seal,Bull1:W,SAN,Y,R/L,112-002-233-382-923-032-740,7
2562.1,M-34,1,Mohenjo-daro,Lower Indus,SEAL:S,seal,Bull1:W,SAN,Y,R/L,374-372-405-002-176-336-740,7
2563.1,M-35,1,Mohenjo-daro,Lower Indus,SEAL:S,seal,Bull1:W,SAN,Y,R/L,107-002-231-233-590-390-740,7
2564.1,M-36,1,Mohenjo-daro,Lower Indus,SEAL:S,seal,Bull1:S,SAN,Y,R/L,329-906-368-002-032-220-630-794-740,9
2565.1,M-37,1,Mohenjo-daro,Lower Indus,SEAL:S,seal,Bull1:S,SAN,Y,R/L,415-220-520,3
2566.1,M-38,1,Mohenjo-daro,Lower Indus,SEAL:S,seal,Bull1:J,SAN,Y,R/L,032-632-125-390-002-235-240-032-220-255-435-690-740,13
2568.1,M-40,1,Mohenjo-daro,Lower Indus,SEAL:S,seal,Bull1:J,SAN,Y,R/L,005-475-527-002-391,5
2569.1,M-41,1,Mohenjo-daro,Lower Indus,SEAL:S,seal,Bull1:W,SAN,Y,R/L,820-125-405-002-235-233-240-636-740,9
2570.1,M-42,1,Mohenjo-daro,Lower Indus,SEAL:S,seal,Bull1:S,SAN,Y,R/L,817-002-240-550-527,5
2571.1,M-43,1,Mohenjo-daro,Lower Indus,SEAL:S,seal,Bull1:W,SAN,Y,R/L,373-055-002-231-798-740,6
2572.1,M-44,1,Mohenjo-daro,Lower Indus,SEAL:S,seal,Bull1:W,SAF,Y,R/L,317-920-002-803-705-033-760-740,8
2573.1,M-45,1,Mohenjo-daro,Lower Indus,SEAL:S,seal,Bull1:W,SAN,Y,R/L,032-840-302-013-831-617,6
2574.1,M-46,1,Mohenjo-daro,Lower Indus,SEAL:S,seal,Bull1:W,SAN,Y,R/L,215-065-220-002-235-240-798-740,8
2575.1,M-47,1,Mohenjo-daro,Lower Indus,SEAL:S,seal,Bull1:J,SA,Y,R/L,861-002-235-760-740,5
2576.1,M-48,1,Mohenjo-daro,Lower Indus,SEAL:S,seal,Bull1:J,SAN,Y,R/L,920-368-060-463-820-390,6
2577.1,M-49,1,Mohenjo-daro,Lower Indus,SEAL:S,seal,Bull1:W,SAN,Y,R/L,190-600-350-300-002-032-220-240-550-527,10
2578.1,M-50,1,Mohenjo-daro,Lower Indus,SEAL:S,seal,Bull1:W,SAN,Y,R/L,820-002-798-240-705-033-017-585-740,9
2579.1,M-51,1,Mohenjo-daro,Lower Indus,SEAL:S,seal,Bull1:J,SAN,Y,R/L,140-390-741-235-350-460-798-740,8
2580.1,M-52,1,Mohenjo-daro,Lower Indus,SEAL:S,seal,Bull1:W,SAF,Y,R/L,717-504-002-803-235-415-220-032-904-740,10
2581.1,M-53,1,Mohenjo-daro,Lower Indus,SEAL:S,seal,Bull1:W,SAN,Y,R/L,140-920-190-297-002-016-220-740-090,9
2582.1,M-54,1,Mohenjo-daro,Lower Indus,SEAL:S,seal,Bull1:W,SAF,Y,R/L,820-002-798-705-033-240-236,7
2584.1,M-56,1,Mohenjo-daro,Lower Indus,SEAL:S,seal,Bull1:W,SAF,Y,R/L,840-611-550-060-235-032-877-740,8
2585.1,M-57,1,Mohenjo-daro,Lower Indus,SEAL:S,seal,Bull1:W,SAN,Y,R/L,693-002-798-231-032-226,6
2586.1,M-58,1,Mohenjo-daro,Lower Indus,SEAL:S,seal,Bull1:W,SAN,Y,R/L,817-002-503-460-740,5
2587.1,M-59,1,Mohenjo-daro,Lower Indus,SEAL:S,seal,Bull1:W,SAF,Y,R/L,920-060-742-003-368,5
2591.1,M-63,1,Mohenjo-daro,Lower Indus,SEAL:S,seal,Bull1:J,RBN,Y,R/L,550-060-555-526,4
2592.1,M-64,1,Mohenjo-daro,Lower Indus,SEAL:S,seal,Bull1:W,RAF,Y,R/L,004-220-060-706-033-520,6
2593.1,M-65,1,Mohenjo-daro,Lower Indus,SEAL:S,seal,Bull1:W,RAF,Y,R/L,575-706-001-031-220-520,6
2595.1,M-67,1,Mohenjo-daro,Lower Indus,SEAL:S,seal,Bull1:W,RAN,Y,R/L,457,1
2595.1,M-67,2,Mohenjo-daro,Lower Indus,SEAL:S,seal,Bull1:W,RAN,Y,R/L,575-111-060-900-165-740,6
2596.1,M-68,1,Mohenjo-daro,Lower Indus,SEAL:S,seal,Bull1:J,RBF,Y,R/L,518-690,2
2596.1,M-68,2,Mohenjo-daro,Lower Indus,SEAL:S,seal,Bull1:J,RBF,Y,R/L,920-060-742-176-740-090,6
2597.1,M-69,1,Mohenjo-daro,Lower Indus,SEAL:S,seal,Bull1:I,SAN,Y,R/L,692-060-231-803-740,5
2598.1,M-70,1,Mohenjo-daro,Lower Indus,SEAL:S,seal,Bull1:T,SAF,Y,R/L,692-390-002-032-226,5
2599.1,M-71,1,Mohenjo-daro,Lower Indus,SEAL:S,seal,Bull1:J,SAN,Y,R/L,095-390-002-142-279-151,6
2600.1,M-72,1,Mohenjo-daro,Lower Indus,SEAL:S,seal,Bull1:V,,Y,R/L,861-002-003-140-705-255-740,7
2601.1,M-73,1,Mohenjo-daro,Lower Indus,SEAL:S,seal,Bull1:W,SAN,Y,R/L,897-520-400,3
2602.1,M-74,1,Mohenjo-daro,Lower Indus,SEAL:S,seal,Bull1:U,SAN,Y,R/L,140-704-575-595,4
2603.1,M-75,1,Mohenjo-daro,Lower Indus,SEAL:S,seal,Bull1:W,SAN,Y,R/L,817-002-004-220-520,5
2604.1,M-77,1,Mohenjo-daro,Lower Indus,SEAL:S,seal,Bull1:W,SAN,Y,R/L,861-002-803-390-832,5
2605.1,M-78,1,Mohenjo-daro,Lower Indus,SEAL:S,seal,Bull1:S,SAN,Y,R/L,545-032-344-740,4
2606.1,M-79,1,Mohenjo-daro,Lower Indus,SEAL:S,seal,Bull1:J,SAN,Y,R/L,688,1
2606.1,M-79,2,Mohenjo-daro,Lower Indus,SEAL:S,seal,Bull1:J,SAN,Y,R/L,861-002-233-240-100-740,6
2607.1,M-80,1,Mohenjo-daro,Lower Indus,SEAL:S,seal,Bull1:J,SAN,Y,R/L,817-368-060-003-156,5
2608.1,M-81,1,Mohenjo-daro,Lower Indus,SEAL:S,seal,Bull1:S,SAN,Y,R/L,070-617-002-240-555-527,6
2609.1,M-82,1,Mohenjo-daro,Lower Indus,SEAL:S,seal,Bull1:I,SAN,Y,R/L,390-550-207-002-222-740,6
2610.1,M-83,1,Mohenjo-daro,Lower Indus,SEAL:S,seal,Bull1:W,SAN,Y,R/L,796-018-390,3
2611.1,M-84,1,Mohenjo-daro,Lower Indus,SEAL:S,seal,Bull1:W,SAN,Y,R/L,920-368-001-240-765-740,6
2612.1,M-85,1,Mohenjo-daro,Lower Indus,SEAL:S,seal,Bull1:W,SAF,Y,R/L,272-081-741-233-520,5
2613.1,M-86,1,Mohenjo-daro,Lower Indus,SEAL:S,seal,Bull1:S,SAN,Y,R/L,700-820-002-231-705-033-520,7
2614.1,M-87,1,Mohenjo-daro,Lower Indus,SEAL:S,seal,Bull1:S,SAN,Y,R/L,104-890-400,3
2615.1,M-88,1,Mohenjo-daro,Lower Indus,SEAL:S,seal,Bull1:J,SAN,Y,R/L,233-388-527,3
2616.1,M-89,1,Mohenjo-daro,Lower Indus,SEAL:S,seal,Bull1:J,SAN,Y,R/L,235-032-734-794-740,5
2617.1,M-90,1,Mohenjo-daro,Lower Indus,SEAL:S,seal,Bull1:J,SAN,Y,R/L,817-002-031-013-840-740,6
2618.1,M-91,1,Mohenjo-daro,Lower Indus,SEAL:S,seal,Bull1:S,SAN,Y,R/L,416-255-861-002-032-220-798-100-740,9
2619.1,M-92,1,Mohenjo-daro,Lower Indus,SEAL:S,seal,Bull1:S,SAN,Y,R/L,084-814-002-350-460-798-740,7
2620.1,M-93,1,Mohenjo-daro,Lower Indus,SEAL:S,seal,Bull1:J,SAN,Y,R/L,345-741-240-003-156,5
2621.1,M-94,1,Mohenjo-daro,Lower Indus,SEAL:S,seal,Bull1:S,SAN,Y,R/L,003-220-590-390-740,5
2622.1,M-95,1,Mohenjo-daro,Lower Indus,SEAL:S,seal,Bull1:S,SAN,Y,R/L,165-111-002-003-390,5
2623.1,M-96,1,Mohenjo-daro,Lower Indus,SEAL:S,seal,Bull1:J,SAN,Y,R/L,004-156,2
2624.1,M-97,1,Mohenjo-daro,Lower Indus,SEAL:S,seal,Bull1:J,SAN,Y,R/L,255-435-156,3
2625.1,M-98,1,Mohenjo-daro,Lower Indus,SEAL:S,seal,Bull1:J,SAN,Y,R/L,900-017-585-740,4
2626.1,M-99,1,Mohenjo-daro,Lower Indus,SEAL:S,seal,Bull1:S,SAN,Y,R/L,119-368-002-215-740,5
2627.1,M-100,1,Mohenjo-daro,Lower Indus,SEAL:S,seal,Bull1:S,SAN,Y,R/L,861-002-705-255-740-090,6
2628.1,M-101,1,Mohenjo-daro,Lower Indus,SEAL:S,seal,Bull1:J,SAN,Y,R/L,817-002-168-740-503-390,6
2629.1,M-102,1,Mohenjo-daro,Lower Indus,SEAL:S,seal,Bull1:J,SAN,Y,R/L,545-900-003-154,4
2630.1,M-103,1,Mohenjo-daro,Lower Indus,SEAL:S,seal,Bull1:W,SAN,Y,R/L,820-002-004-390,4
2631.1,M-104,1,Mohenjo-daro,Lower Indus,SEAL:S,seal,Bull1:J,SAN,Y,R/L,853-235-220-740-090,5
2634.1,M-107,1,Mohenjo-daro,Lower Indus,SEAL:S,seal,Bull1:S,SAN,Y,R/L,260-940-002-233-565-740,6
2635.1,M-108,1,Mohenjo-daro,Lower Indus,SEAL:S,seal,Bull1:S,SAN,Y,R/L,820-550-798-065-220-820-413,7
2636.1,M-109,1,Mohenjo-daro,Lower Indus,SEAL:S,seal,Bull1:S,SAN,Y,R/L,140-287-002-415-220-879-740,7
2638.1,M-111,1,Mohenjo-daro,Lower Indus,SEAL:S,seal,Bull1:J,SAN,Y,R/L,821-001-233-320-920-740,6
2639.1,M-112,1,Mohenjo-daro,Lower Indus,SEAL:S,seal,Bull1:J,SAN,Y,R/L,684-572-741-382-016-220-760-740,8
2640.1,M-113,1,Mohenjo-daro,Lower Indus,SEAL:S,seal,Bull1:J,SAN,Y,R/L,920-060-741-840-032-740,6
2641.1,M-114,1,Mohenjo-daro,Lower Indus,SEAL:S,seal,Bull1:S,SAN,Y,R/L,416-297-002-440-760-740,6
2642.1,M-115,1,Mohenjo-daro,Lower Indus,SEAL:S,seal,Bull1,SAN,Y,R/L,190-301-002-803-176-140-844-390,8
2643.1,M-116,1,Mohenjo-daro,Lower Indus,SEAL:S,seal,Bull1:I,SAN,Y,R/L,817-002-013-840-176-100-740,7
2644.1,M-117,1,Mohenjo-daro,Lower Indus,SEAL:S,seal,Bull1:S,SAN,Y,R/L,820-002-055-803-220-705-033-520,8
2645.1,M-118,1,Mohenjo-daro,Lower Indus,SEAL:S,seal,Bull1:W,SAN,Y,R/L,861-002-803-233-705-033-772-740,8
2646.1,M-119,1,Mohenjo-daro,Lower Indus,SEAL:S,seal,Bull1:S,SAN,Y,R/L,563-900-032-632-125-390-002-484-337-151,10
2647.1,M-120,1,Mohenjo-daro,Lower Indus,SEAL:S,seal,Bull1:S,SAN,Y,R/L,858,1
2647.1,M-120,2,Mohenjo-daro,Lower Indus,SEAL:S,seal,Bull1:S,SAN,Y,R/L,346-840-741-585-100-740,6
2648.1,M-121,1,Mohenjo-daro,Lower Indus,SEAL:S,seal,Bull1:W,SAN,Y,R/L,798-233-790-900-740,5
2649.1,M-122,1,Mohenjo-daro,Lower Indus,SEAL:S,seal,Bull1:J,SAN,Y,R/L,705-033-520,3
2650.1,M-123,1,Mohenjo-daro,Lower Indus,SEAL:S,seal,Bull1:W,SAF,Y,R/L,072-368-093-400,4
2651.1,M-124,1,Mohenjo-daro,Lower Indus,SEAL:S,seal,Bull1:W,SAF,Y,R/L,032-220-923-740,4
2653.1,M-126,1,Mohenjo-daro,Lower Indus,SEAL:S,seal,Bull1:U,SAN,Y,R/L,692-060-552-520,4
2654.1,M-127,1,Mohenjo-daro,Lower Indus,SEAL:S,seal,Bull1:J,SAN,Y,R/L,176-741-220-740-565,5
2655.1,M-128,1,Mohenjo-daro,Lower Indus,SEAL:S,seal,Bull1:J,SAN,Y,R/L,705-500-741-803-923-740,6
2656.1,M-129,1,Mohenjo-daro,Lower Indus,SEAL:S,seal,Bull1:W,SAN,Y,R/L,360-741-235-240-233-520,6
2657.1,M-130,1,Mohenjo-daro,Lower Indus,SEAL:S,seal,Bull1:J,SAN,Y,R/L,144-002-032-220-094-740,6
2658.1,M-131,1,Mohenjo-daro,Lower Indus,SEAL:S,seal,Bull1:W,SAF,Y,R/L,790-390-741-590-390-740,6
2659.1,M-132,1,Mohenjo-daro,Lower Indus,SEAL:S,seal,Bull1:W,SAF,Y,R/L,545-003-156,3
2660.1,M-133,1,Mohenjo-daro,Lower Indus,SEAL:S,seal,Bull1:W,SAF,Y,R/L,388-906-812-255-220-240-550-527,8
2661.1,M-134,1,Mohenjo-daro,Lower Indus,SEAL:S,seal,Bull1:W,SAF,Y,R/L,692-032-872,3
2662.1,M-135,1,Mohenjo-daro,Lower Indus,SEAL:S,seal,Bull1:J,SAF,Y,R/L,031-705-033-520,4
2663.1,M-136,1,Mohenjo-daro,Lower Indus,SEAL:S,seal,Bull1:S,SAF,Y,R/L,545-908-031-016-220-740-090,7
2665.1,M-138,1,Mohenjo-daro,Lower Indus,SEAL:S,seal,Bull1:J,RAN,Y,R/L,005-900-740,3
2666.1,M-139,1,Mohenjo-daro,Lower Indus,SEAL:S,seal,Bull1:J,RAF,Y,R/L,361-741-236-832-033,5
2667.1,M-140,1,Mohenjo-daro,Lower Indus,SEAL:S,seal,Bull1:S,RAF,Y,R/L,455-440-065-220-002-336-740,7
2669.1,M-142,1,Mohenjo-daro,Lower Indus,SEAL:S,seal,Bull1:J,RAF,Y,R/L,861-002-140-136,4
2670.1,M-143,1,Mohenjo-daro,Lower Indus,SEAL:S,seal,Bull1:J,RAF,Y,R/L,840-252-002-032-205-740,6
2671.1,M-144,1,Mohenjo-daro,Lower Indus,SEAL:S,seal,Bull1:J,RBN,Y,R/L,817-002-240-415-100-740,6
2672.1,M-145,1,Mohenjo-daro,Lower Indus,SEAL:S,seal,Bull1:U,HAF,Y,R/L,880-142-400-740,4
2673.1,M-146,1,Mohenjo-daro,Lower Indus,SEAL:S,seal,Bull1:J,RAF,Y,R/L,692-060-920-255-740,5
2674.1,M-147,1,Mohenjo-daro,Lower Indus,SEAL:S,seal,Bull1:J,RAF,Y,R/L,520-455-220-002-803-226,6
2675.1,M-148,1,Mohenjo-daro,Lower Indus,SEAL:S,seal,Bull1:J,RAF,Y,R/L,556-817-740,3
2676.1,M-149,1,Mohenjo-daro,Lower Indus,SEAL:S,seal,Bull1:J,RAF,Y,R/L,550-060-440-760-740,5
2677.1,M-150,1,Mohenjo-daro,Lower Indus,SEAL:S,seal,Bull1:J,RAF,Y,R/L,832-740,2
2678.1,M-151,1,Mohenjo-daro,Lower Indus,SEAL:S,seal,Bull1:J,RAF,Y,R/L,864-065-220,3
2679.1,M-152,1,Mohenjo-daro,Lower Indus,SEAL:S,seal,Bull1:J,RAF,Y,R/L,861-002-772-740,4
2680.1,M-153,1,Mohenjo-daro,Lower Indus,SEAL:S,seal,Bull1:J,RCN,Y,R/L,190-130-269,3
2681.1,M-154,1,Mohenjo-daro,Lower Indus,SEAL:S,seal,Bull1:J,RBF,Y,R/L,621,1
2681.1,M-154,2,Mohenjo-daro,Lower Indus,SEAL:S,seal,Bull1:J,RBF,Y,R/L,898-257-002-415-220-520,6
2682.1,M-155,1,Mohenjo-daro,Lower Indus,SEAL:S,seal,Bull1:J,RAF,Y,R/L,031-176-740,3
2683.1,M-157,1,Mohenjo-daro,Lower Indus,SEAL:S,seal,Bull1:J,SAN,Y,R/L,820-001-798-233-790-900-740,7
2684.1,M-158,1,Mohenjo-daro,Lower Indus,SEAL:S,seal,Bull1:I,SAN,Y,R/L,550-060-016-390,4
2685.1,M-159,1,Mohenjo-daro,Lower Indus,SEAL:S,seal,Bull1:S,SAN,Y,R/L,579-250-741-048-740,5
2686.1,M-160,1,Mohenjo-daro,Lower Indus,SEAL:S,seal,Bull1:W,SAN,Y,R/L,741-820-002-031-243-151,6
2687.1,M-161,1,Mohenjo-daro,Lower Indus,SEAL:S,seal,Bull1:V,SAN,Y,R/L,003-122-617,3
2688.1,M-162,1,Mohenjo-daro,Lower Indus,SEAL:S,seal,Bull1:X,SAN,Y,R/L,003-552-840-760-740,5
2689.1,M-163,1,Mohenjo-daro,Lower Indus,SEAL:S,seal,Bull1:J,SAF,Y,R/L,820-060-415-220-520,5
2690.1,M-164,1,Mohenjo-daro,Lower Indus,SEAL:S,seal,Bull1:X,SAN,Y,R/L,817-002-061-142-740,5
2691.1,M-166,1,Mohenjo-daro,Lower Indus,SEAL:S,seal,Bull1:I,SAN,Y,R/L,861-002-806-240-844-390,6
2695.1,M-170,1,Mohenjo-daro,Lower Indus,SEAL:S,seal,Bull1:W,SAN,Y,R/L,861-741-032-070-061-406-923-740,8
2696.1,M-171,1,Mohenjo-daro,Lower Indus,SEAL:S,seal,Bull1:W,SAN,Y,R/L,692-060-806-233-923-740-061-407,8
2697.1,M-172,1,Mohenjo-daro,Lower Indus,SEAL:S,seal,Bull1:W,SAF,Y,R/L,850-786-220-001-018-405,6
2698.1,M-173,1,Mohenjo-daro,Lower Indus,SEAL:S,seal,Bull1:W,SAN,Y,R/L,806-320-900-388-740,5
2699.1,M-174,1,Mohenjo-daro,Lower Indus,SEAL:S,seal,Bull1:T,SAN,Y,R/L,820-002-032-220-923-740,6
2701.1,M-176,1,Mohenjo-daro,Lower Indus,SEAL:S,seal,Bull1:J,SAN,Y,R/L,690-740,2
2702.1,M-177,1,Mohenjo-daro,Lower Indus,SEAL:S,seal,Bull1:S,SAN,Y,R/L,803-002-003-390,4
2704.1,M-178,1,Mohenjo-daro,Lower Indus,SEAL:S,seal,Bull1:L,SAN,Y,R/L,016-390,2
2705.1,M-179,1,Mohenjo-daro,Lower Indus,SEAL:S,seal,Bull1:S,SAN,Y,R/L,003-390,2
2706.1,M-180,1,Mohenjo-daro,Lower Indus,SEAL:S,seal,Bull1:J,SAN,Y,R/L,621-740,2
2707.1,M-181,1,Mohenjo-daro,Lower Indus,SEAL:S,seal,Bull1:J,SAN,Y,R/L,502-295-002-175-520,5
2708.1,M-183,1,Mohenjo-daro,Lower Indus,SEAL:S,seal,Bull1:S,SAN,Y,R/L,297-060-233-520,4
2709.1,M-184,1,Mohenjo-daro,Lower Indus,SEAL:S,seal,Bull1:J,SAN,Y,R/L,853-101-740-090,4
2710.1,M-185,1,Mohenjo-daro,Lower Indus,SEAL:S,seal,Bull1:L,SAN,Y,R/L,220-520,2
2711.1,M-186,1,Mohenjo-daro,Lower Indus,SEAL:S,seal,Bull1:J,SAN,Y,R/L,240-520,2
2712.1,M-187,1,Mohenjo-daro,Lower Indus,SEAL:S,seal,Bull1:S,SAN,Y,R/L,005-156,2
2713.1,M-188,1,Mohenjo-daro,Lower Indus,SEAL:S,seal,Bull1:S,SAN,Y,R/L,031-156,2
2714.1,M-189,1,Mohenjo-daro,Lower Indus,SEAL:S,seal,Bull1:J,SAN,Y,R/L,176-740-436,3
2715.1,M-190,1,Mohenjo-daro,Lower Indus,SEAL:S,seal,Bull1:W,SAN,Y,R/L,843-156,2
2716.1,M-191,1,Mohenjo-daro,Lower Indus,SEAL:S,seal,Bull1:L,SAN,Y,R/L,125-090,2
2717.1,M-192,1,Mohenjo-daro,Lower Indus,SEAL:S,seal,Bull1:S,SAN,Y,R/L,702-521-700,3
2718.1,M-193,1,Mohenjo-daro,Lower Indus,SEAL:S,seal,Bull1:W,SAN,Y,R/L,005-156,2
2719.1,M-194,1,Mohenjo-daro,Lower Indus,SEAL:S,seal,Bull1:S,SAN,Y,R/L,005-900-740-090,4
2720.1,M-195,1,Mohenjo-daro,Lower Indus,SEAL:S,seal,Bull1:W,SAN,Y,R/L,853-900-032-590-350-298,6
2721.1,M-196,1,Mohenjo-daro,Lower Indus,SEAL:S,seal,Bull1:U,SAN,Y,R/L,741-836-368-495-861,5
2722.1,M-197,1,Mohenjo-daro,Lower Indus,SEAL:S,seal,Bull1:L,SAN,Y,R/L,097-161,2
2723.1,M-198,1,Mohenjo-daro,Lower Indus,SEAL:S,seal,Bull1:W,SAN,Y,R/L,817-002-552-840-760-740,6
2724.1,M-199,1,Mohenjo-daro,Lower Indus,SEAL:S,seal,Bull1:S,SAN,Y,R/L,861-002-240-415-100-740-090,7
2725.1,M-200,1,Mohenjo-daro,Lower Indus,SEAL:S,seal,Bull1:J,SAN,Y,R/L,820-002-222-740,4
2726.1,M-201,1,Mohenjo-daro,Lower Indus,SEAL:S,seal,Bull1:W,SAF,Y,R/L,061-151,2
2727.1,M-202,1,Mohenjo-daro,Lower Indus,SEAL:S,seal,Bull1:U,SAN,Y,R/L,820-060-031-241-400,5
2728.1,M-203,1,Mohenjo-daro,Lower Indus,SEAL:S,seal,Bull1:J,SAN,Y,R/L,220-081-741-590-390-740,6
2729.1,M-204,1,Mohenjo-daro,Lower Indus,SEAL:S,seal,Bull1:S,SAN,Y,R/L,817-002-061-740,4
2730.1,M-205,1,Mohenjo-daro,Lower Indus,SEAL:S,seal,Bull1:L,SAN,Y,R/L,820-001-904-832,4
2731.1,M-207,1,Mohenjo-daro,Lower Indus,SEAL:S,seal,Bull1:J,RAN,Y,R/L,831-892,2
2732.1,M-208,1,Mohenjo-daro,Lower Indus,SEAL:S,seal,Bull1:J,RAN,Y,R/L,240-520,2
2733.1,M-209,1,Mohenjo-daro,Lower Indus,SEAL:S,seal,Bull1:J,SAN,Y,R/L,231-740-151,3
2734.1,M-210,1,Mohenjo-daro,Lower Indus,SEAL:S,seal,Bull1:J,RAF,Y,R/L,903-861-368,3
2735.1,M-211,1,Mohenjo-daro,Lower Indus,SEAL:S,seal,Bull1:S,RAF,Y,R/L,165-031-002-220-100-740-090,7
2736.1,M-212,1,Mohenjo-daro,Lower Indus,SEAL:S,seal,Bull1:S,RAN,Y,R/L,033-413,2
2736.1,M-212,2,Mohenjo-daro,Lower Indus,SEAL:S,seal,Bull1:S,RAN,Y,R/L,388-740,2
2737.1,M-213,1,Mohenjo-daro,Lower Indus,SEAL:S,seal,Bull1:J,RAF,Y,R/L,346-390-002-384-740,5
2738.1,M-214,1,Mohenjo-daro,Lower Indus,SEAL:S,seal,Bull1:I,SAN,Y,R/L,820-267-400,3
2739.1,M-215,1,Mohenjo-daro,Lower Indus,SEAL:S,seal,Bull1:I,SAN,Y,R/L,033-151,2
2740.1,M-216,1,Mohenjo-daro,Lower Indus,SEAL:S,seal,Bull1:U,SAN,Y,R/L,717-151,2
2741.1,M-217,1,Mohenjo-daro,Lower Indus,SEAL:S,seal,Bull1,SAN,Y,R/L,233-032-877-740,4
2742.1,M-218,1,Mohenjo-daro,Lower Indus,SEAL:S,seal,Bull1:J,SAF,Y,R/L,428-220-400,3
2743.1,M-219,1,Mohenjo-daro,Lower Indus,SEAL:S,seal,Bull1:S,SAN,Y,R/L,456-527,2
2745.1,M-221,1,Mohenjo-daro,Lower Indus,SEAL:S,seal,Bull1:I,SAN,Y,R/L,820-002-032-220-335-760-740,7
2746.1,M-222,1,Mohenjo-daro,Lower Indus,SEAL:S,seal,Bull1:S,SAN,Y,R/L,255-277-244,3
2747.1,M-223,1,Mohenjo-daro,Lower Indus,SEAL:S,seal,Bull1:S,S390,Y,L/R,740-705,2
2748.1,M-224,1,Mohenjo-daro,Lower Indus,SEAL:S,seal,Bull1:W,SAN,Y,R/L,005-405,2
2749.1,M-225,1,Mohenjo-daro,Lower Indus,SEAL:S,seal,Bull1:S,SAN,Y,R/L,880-002-241,3
2750.1,M-226,1,Mohenjo-daro,Lower Indus,SEAL:S,seal,Bull1:S,SAN,Y,R/L,061-278-365-740,4
2752.1,M-228,1,Mohenjo-daro,Lower Indus,SEAL:S,seal,Bull1:J,SAN,Y,R/L,240-636-740,3
2753.1,M-229,1,Mohenjo-daro,Lower Indus,SEAL:S,seal,Bull1:J,SAF,Y,R/L,031-156,2
2754.1,M-230,1,Mohenjo-daro,Lower Indus,SEAL:S,seal,Bull1:I,SAN,Y,R/L,233-176-740-090,4
2755.1,M-231,1,Mohenjo-daro,Lower Indus,SEAL:S,seal,Bull1:I,SAN,Y,R/L,415-100-740-400,4
2756.1,M-232,1,Mohenjo-daro,Lower Indus,SEAL:S,seal,Bull2,SAF,Y,R/L,707-390-002-236,4
2757.1,M-234,1,Mohenjo-daro,Lower Indus,SEAL:S,seal,Gaur,Trough,Y,R/L,004-099-535-842,4
2757.1,M-234,2,Mohenjo-daro,Lower Indus,SEAL:S,seal,Gaur,Trough,Y,R/L,920-001-235-220-520-692-060-483-740,9
2759.1,M-236,1,Mohenjo-daro,Lower Indus,SEAL:S,seal,Gaur,Trough,Y,R/L,803-233-240-706-033-520,6
2761.1,M-238,1,Mohenjo-daro,Lower Indus,SEAL:S,seal,Gaur,Trough,Y,R/L,233-803-740,3
2762.1,M-239,1,Mohenjo-daro,Lower Indus,SEAL:S,seal,Gaur,Trough,Y,R/L,112-002-235-921-760-740,6
2763.1,M-240,1,Mohenjo-daro,Lower Indus,SEAL:S,seal,Gaur,Trough,Y,R/L,603-861-002-032-220-240-520,7
2764.1,M-241,1,Mohenjo-daro,Lower Indus,SEAL:S,seal,Gaur,Trough,Y,R/L,683-572-741-840-032-740-090,7
2765.1,M-242,1,Mohenjo-daro,Lower Indus,SEAL:S,seal,Gaur,Trough,Y,R/L,350-301-002-721-740,5
2766.1,M-243,1,Mohenjo-daro,Lower Indus,SEAL:S,seal,Gaur,Trough,Y,R/L,545-140-894-590-892,5
2768.1,M-245,1,Mohenjo-daro,Lower Indus,SEAL:S,seal,Gaur,Trough,Y,R/L,817-002-503-460-921-070-760-740,8
2769.1,M-246,1,Mohenjo-daro,Lower Indus,SEAL:S,seal,Gaur,Trough,Y,R/L,817-002-233-235-503-740,6
2770.1,M-247,1,Mohenjo-daro,Lower Indus,SEAL:S,seal,Gaur,Trough,Y,R/L,920-060-741-017-390,5
2771.1,M-248,1,Mohenjo-daro,Lower Indus,SEAL:S,seal,Gaur,Trough,Y,R/L,590-705-002-415-100-740,6
2772.1,M-249,1,Mohenjo-daro,Lower Indus,SEAL:S,seal,Gaur,Trough,Y,R/L,803-220-176-740-165-140,6
2773.1,M-250,1,Mohenjo-daro,Lower Indus,SEAL:S,seal,Gaur,Trough,Y,R/L,231-233-804,3
2774.1,M-251,1,Mohenjo-daro,Lower Indus,SEAL:S,seal,Gaur,Trough,Y,R/L,350-125-002-003-390,5
2775.1,M-252,1,Mohenjo-daro,Lower Indus,SEAL:S,seal,Gaur,Trough,Y,R/L,243-150-001-055-617-150-400,7
2776.1,M-253,1,Mohenjo-daro,Lower Indus,SEAL:S,seal,Gaur,Trough,Y,R/L,518-368-002-803-550-527,6
2777.1,M-254,1,Mohenjo-daro,Lower Indus,SEAL:S,seal,Gaur,Trough,Y,R/L,005-390-255-435,4
2778.1,M-255,1,Mohenjo-daro,Lower Indus,SEAL:S,seal,Gaur,Trough,Y,R/L,233-879-740,3
2779.1,M-256,1,Mohenjo-daro,Lower Indus,SEAL:S,seal,Zebu,-,Y,R/L,930,1
2779.1,M-256,2,Mohenjo-daro,Lower Indus,SEAL:S,seal,Zebu,-,Y,R/L,550-060-220-804,4
2780.1,M-257,1,Mohenjo-daro,Lower Indus,SEAL:S,seal,Zebu,,Y,R/L,920-060-740-600,4
2781.1,M-258,1,Mohenjo-daro,Lower Indus,SEAL:S,seal,Zebu,,Y,R/L,575-384,2
2781.1,M-258,2,Mohenjo-daro,Lower Indus,SEAL:S,seal,Zebu,,Y,R/L,861-002-717-706-892,5
2782.1,M-259,1,Mohenjo-daro,Lower Indus,SEAL:S,seal,Zebu,,Y,R/L,817-002-231-520,4
2783.1,M-260,1,Mohenjo-daro,Lower Indus,SEAL:S,seal,Zebu,,Y,R/L,820-002-014-220-740-090,6
2784.1,M-261,1,Mohenjo-daro,Lower Indus,SEAL:S,seal,Zebu,,Y,R/L,694-001-061-740,4
2786.1,M-263,1,Mohenjo-daro,Lower Indus,SEAL:S,seal,Zebu,,Y,R/L,545-031-350-400-740-090,6
2787.1,M-264,1,Mohenjo-daro,Lower Indus,SEAL:S,seal,Zebu,,Y,R/L,519-740,2
2788.1,M-265,1,Mohenjo-daro,Lower Indus,SEAL:S,seal,Zebu,,Y,R/L,061-171-035-740-090,5
2789.1,M-266,1,Mohenjo-daro,Lower Indus,SEAL:S,seal,Buff,Trough,Y,R/L,632-269-013-233-235-798-740-565,8
2790.1,M-267,1,Mohenjo-daro,Lower Indus,SEAL:S,seal,Buff,Trough,Y,R/L,679-002-155-630-740,5
2791.1,M-268,1,Mohenjo-daro,Lower Indus,SEAL:S,seal,Buff,Trough,Y,R/L,820-090-480-001-215,5
2792.1,M-269,1,Mohenjo-daro,Lower Indus,SEAL:S,seal,Buff,,Y,R/L,495-615-740,3
2793.1,M-272,1,Mohenjo-daro,Lower Indus,SEAL:S,seal,Goat:6,,Y,R/L,818-002,2
2795.1,M-274,1,Mohenjo-daro,Lower Indus,SEAL:S,seal,Rhin,Trough,Y,R/L,032-315-742-231-264-760-740,7
2796.1,M-275,1,Mohenjo-daro,Lower Indus,SEAL:S,seal,Rhin,Trough,Y,R/L,853-717-760-740-090,5
2797.1,M-276,1,Mohenjo-daro,Lower Indus,SEAL:S,seal,Rhin,Trough,Y,R/L,176-705-033-520,4
2799.1,M-278,1,Mohenjo-daro,Lower Indus,SEAL:S,seal,Elep,,Y,R/L,817-002-004-390-621,5
2801.1,M-280,1,Mohenjo-daro,Lower Indus,SEAL:S,seal,Elep,,Y,R/L,140-920-944-002-240-482-740,7
2802.1,M-281,1,Mohenjo-daro,Lower Indus,SEAL:S,seal,Elep,,Y,R/L,853-250-510-460-740,5
2803.1,M-282,1,Mohenjo-daro,Lower Indus,SEAL:S,seal,Elep,,Y,R/L,817-368-142-156,4
2804.1,M-283,1,Mohenjo-daro,Lower Indus,SEAL:S,seal,Elep,,Y,R/L,018-390,2
2806.1,M-285,1,Mohenjo-daro,Lower Indus,SEAL:S,seal,Elep,,Y,R/L,861-002-240-350-504,5
2807.1,M-286,1,Mohenjo-daro,Lower Indus,SEAL:S,seal,Elep,,Y,R/L,705-255-740,3
2808.1,M-288,1,Mohenjo-daro,Lower Indus,SEAL:S,seal,Tigr,S610,Y,R/L,820,1
2808.1,M-288,2,Mohenjo-daro,Lower Indus,SEAL:S,seal,Tigr,S610,Y,R/L,123-065-741-176-740-090,6
2809.1,M-289,1,Mohenjo-daro,Lower Indus,SEAL:S,seal,Tigr,Trough,Y,R/L,817-002-240-176-740,5
2810.1,M-290,1,Mohenjo-daro,Lower Indus,SEAL:S,seal,Tigr,-,Y,R/L,279-345-400,3
2811.1,M-291,1,Mohenjo-daro,Lower Indus,SEAL:S,seal,Othr,,Y,R/L,692-890-740,3
2812.1,M-292,1,Mohenjo-daro,Lower Indus,SEAL:S,seal,Gavi,,Y,R/L,920-060-003-390,4
2813.1,M-293,1,Mohenjo-daro,Lower Indus,SEAL:S,seal,Gavi,,Y,R/L,849-741-416-151,4
2814.1,M-294,1,Mohenjo-daro,Lower Indus,SEAL:S,seal,Scene,-,Y,R/L,003-220-740,3
2816.1,M-296,1,Mohenjo-daro,Lower Indus,SEAL:S,seal,Othr,,Y,R/L,880-060-220-520-621,5
2817.1,M-297,1,Mohenjo-daro,Lower Indus,SEAL:S,seal,Othr,,Y,R/L,060-703-575-240-740-090,6
2819.1,M-300,1,Mohenjo-daro,Lower Indus,SEAL:S,seal,CompBull,,Y,R/L,001-590-390-740,4
2819.1,M-300,2,Mohenjo-daro,Lower Indus,SEAL:S,seal,CompBull,,Y,R/L,820-060,2
2820.1,M-301,1,Mohenjo-daro,Lower Indus,SEAL:S,seal,CompBull,-,Y,R/L,176-740,2
2821.1,M-302,1,Mohenjo-daro,Lower Indus,SEAL:S,seal,CompBull,,Y,R/L,235-231-520,3
2822.1,M-303,1,Mohenjo-daro,Lower Indus,SEAL:S,seal,CompBull,,Y,R/L,820-060-705-033-520,5
2823.1,M-304,1,Mohenjo-daro,Lower Indus,SEAL:S,seal,Scene,,Y,R/L,090-550-534-742-220-740-090,7
2825.1,M-306,1,Mohenjo-daro,Lower Indus,SEAL:S,seal,T-M-T,,Y,R/L,850-092-741-838-798-740-621,7
2826.1,M-307,1,Mohenjo-daro,Lower Indus,SEAL:S,seal,T-M-T,,Y,R/L,550-060-032-904-740,5
2827.1,M-308,1,Mohenjo-daro,Lower Indus,SEAL:S,seal,T-M-T,,Y,R/L,317-727-002-220-520,5
2828.1,M-309,1,Mohenjo-daro,Lower Indus,SEAL:S,seal,T-A-T,,Y,R/L,824-002-061-740-224,5
2829.1,M-310,1,Mohenjo-daro,Lower Indus,SEAL:S,seal,T-A-T,,Y,R/L,621,1
2829.1,M-310,2,Mohenjo-daro,Lower Indus,SEAL:S,seal,T-A-T,,Y,R/L,550-001-482-740,4
2830.1,M-311,1,Mohenjo-daro,Lower Indus,SEAL:S,seal,Comp,,Y,R/L,165-368-002-401,4
2832.1,M-314,1,Mohenjo-daro,Lower Indus,SEAL:S,seal,,,Y,R/L,033-809-308-125-390-817-953,7
2832.1,M-314,2,Mohenjo-daro,Lower Indus,SEAL:S,seal,,,Y,R/L,466-706-760-740,4
2832.1,M-314,3,Mohenjo-daro,Lower Indus,SEAL:S,seal,,,Y,R/L,820-002-235-240-231-520,6
2833.1,M-315,1,Mohenjo-daro,Lower Indus,SEAL:S,seal,,,Y,R/L,741-228-374-002-034-390,6
2834.1,M-316,1,Mohenjo-daro,Lower Indus,SEAL:S,seal,,,Y,L/R,367-390-710-002-861,5
2835.1,M-317,1,Mohenjo-daro,Lower Indus,SEAL:S,seal,Bull1,SAN,Y,R/L,920-401-692-060-255,5
2836.1,M-318,1,Mohenjo-daro,Lower Indus,SEAL:S,seal,Zebu,,Y,R/L,575-031,2
2836.2,M-318,1,Mohenjo-daro,Lower Indus,SEAL:S,seal,Zebu,,Y,R/L,575-031-002-003-390,5
2837.1,M-319,1,Mohenjo-daro,Lower Indus,SEAL:S,seal,Tigr,Trough,Y,R/L,032-220-240-033-812-740,6
2838.1,M-320,1,Mohenjo-daro,Lower Indus,SEAL:S,seal,Bull1:W,SAN,Y,R/L,125-390-741-176-740,5
2839.1,M-321,1,Mohenjo-daro,Lower Indus,SEAL:S,seal,Bull1:J,SAN,Y,R/L,831-617,2
2840.1,M-322,1,Mohenjo-daro,Lower Indus,SEAL:S,seal,Bull1:J,SAN,Y,R/L,820-060-061-740,4
2841.1,M-323,1,Mohenjo-daro,Lower Indus,SEAL:S,seal,Bull1:L,SAN,Y,R/L,235-415-220-520,4
2842.1,M-324,1,Mohenjo-daro,Lower Indus,SEAL:S,seal,Mult,SAN,Y,R/L,215-740,2
2842.2,M-324,1,Mohenjo-daro,Lower Indus,SEAL:S,seal,Mult,SAN,Y,R/L,215-740,2
2843.1,M-325,1,Mohenjo-daro,Lower Indus,SEAL:S,seal,Bull1:L,SAN,Y,R/L,493-850-002-803-241,5
2843.2,M-325,1,Mohenjo-daro,Lower Indus,SEAL:S,seal,Bull1:L,SAN,Y,R/L,491-850-002-803-241,5
2844.1,M-326,1,Mohenjo-daro,Lower Indus,SEAL:S,seal,Bull1:S,SAN,Y,R/L,920-060-741-235-904-740,6
2844.2,M-326,1,Mohenjo-daro,Lower Indus,SEAL:S,seal,Bull1:S,SAN,Y,R/L,645-003-820,3
2844.5,M-326,1,Mohenjo-daro,Lower Indus,SEAL:S,seal,Bull1:S,SAN,Y,R/L,840-461,2
2845.1,M-327,1,Mohenjo-daro,Lower Indus,SEAL:S,seal,Bull1:J,RAN,Y,R/L,861-002-519-740,4
2846.1,M-328,1,Mohenjo-daro,Lower Indus,SEAL:S,seal,Zebu,,Y,R/L,142-157,2
2847.1,M-329,1,Mohenjo-daro,Lower Indus,SEAL:S,seal,,,Y,R/L,698-861-002,3
2848.1,M-330,1,Mohenjo-daro,Lower Indus,SEAL:S,seal,,,Y,R/L,698-861-002,3
2848.2,M-330,1,Mohenjo-daro,Lower Indus,SEAL:S,seal,,,Y,R/L,176-156,2
2850.1,M-354,1,Mohenjo-daro,Lower Indus,SEAL:R,seal,,,Y,R/L,125-906-002-236-845-407-729-740,8
2851.1,M-355,1,Mohenjo-daro,Lower Indus,SEAL:R,seal,,,Y,R/L,140-919-520-360-861-002-235-231-705-033-032-877-740,13
2852.1,M-356,1,Mohenjo-daro,Lower Indus,SEAL:R,seal,,,Y,R/L,140-920-820-032-125-420-595-400,8
2853.1,M-357,1,Mohenjo-daro,Lower Indus,SEAL:R,seal,,,Y,R/L,820-001-806-240-472-806-100-740,8
2854.1,M-358,1,Mohenjo-daro,Lower Indus,SEAL:R,seal,,,Y,R/L,031-502-002-806-240-520-001-003,8
2855.1,M-359,1,Mohenjo-daro,Lower Indus,SEAL:R,seal,,,Y,R/L,632-705-385-388-002-803-235-220-590-405-740,11
2856.1,M-360,1,Mohenjo-daro,Lower Indus,SEAL:R,seal,,,Y,R/L,235-770-717-740-090,5
2857.1,M-361,1,Mohenjo-daro,Lower Indus,SEAL:R,seal,,,Y,R/L,104-064-820,3
2858.1,M-362,1,Mohenjo-daro,Lower Indus,SEAL:R,seal,,,Y,R/L,817-002-503-007-740,5
2859.1,M-363,1,Mohenjo-daro,Lower Indus,SEAL:R,seal,,,Y,R/L,920-060-745-415-100-740,6
2860.1,M-364,1,Mohenjo-daro,Lower Indus,SEAL:R,seal,,,Y,R/L,817-002-354-740,4
2861.1,M-365,1,Mohenjo-daro,Lower Indus,SEAL:R,seal,,,Y,R/L,550-060-415-220-705-033-550-527,8
2862.1,M-366,1,Mohenjo-daro,Lower Indus,SEAL:R,seal,,,Y,R/L,055-745-104-263-003-423,6
2865.1,M-369,1,Mohenjo-daro,Lower Indus,SEAL:R,seal,,,Y,R/L,920-060-742-806-415-220-240-255-435-690-740,11
2866.1,M-370,1,Mohenjo-daro,Lower Indus,SEAL:R,seal,,,Y,R/L,806-798-233-388-444-740-904-832,8
2867.1,M-371,1,Mohenjo-daro,Lower Indus,SEAL:R,seal,,,Y,R/L,467-806-154-032-384-142-617,7
2868.1,M-372,1,Mohenjo-daro,Lower Indus,SEAL:R,seal,,,Y,R/L,820-001-176-605-338-740,6
2870.1,M-374,1,Mohenjo-daro,Lower Indus,SEAL:R,seal,,,Y,R/L,503-615-003-900-740,5
2871.1,M-375,1,Mohenjo-daro,Lower Indus,SEAL:R,seal,,,Y,R/L,820-002-032-220-233-100-740,7
2872.1,M-376,1,Mohenjo-daro,Lower Indus,SEAL:R,seal,,,Y,R/L,717-533-861-002-176-100-740,7
2873.1,M-377,1,Mohenjo-daro,Lower Indus,SEAL:R,seal,,,Y,R/L,235-240-255-435-690-740,6
2874.1,M-378,1,Mohenjo-daro,Lower Indus,SEAL:R,seal,,,Y,R/L,590-740-746-001-005-407,6
2875.1,M-379,1,Mohenjo-daro,Lower Indus,SEAL:R,seal,,,Y,R/L,353-463-798-154,4
2876.1,M-380,1,Mohenjo-daro,Lower Indus,SEAL:R,seal,,,Y,R/L,322-920-740-001-003-137,6
2877.1,M-381,1,Mohenjo-daro,Lower Indus,SEAL:R,seal,,,Y,R/L,820-002-798-032-220-055-740,7
2878.1,M-382,1,Mohenjo-daro,Lower Indus,SEAL:R,seal,,,Y,R/L,142-617,2
2879.1,M-383,1,Mohenjo-daro,Lower Indus,SEAL:R,seal,,,Y,R/L,145-617,2
2880.1,M-384,1,Mohenjo-daro,Lower Indus,SEAL:R,seal,,,Y,R/L,820-002-803-003-900-740,6
2881.1,M-385,1,Mohenjo-daro,Lower Indus,SEAL:R,seal,,,Y,R/L,820-002-004-407,4
2882.1,M-386,1,Mohenjo-daro,Lower Indus,SEAL:R,seal,,,Y,R/L,139-001-004-405,4
2883.1,M-387,1,Mohenjo-daro,Lower Indus,SEAL:R,seal,,,Y,R/L,920-060-742-798-032-226,6
2884.1,M-388,1,Mohenjo-daro,Lower Indus,SEAL:R,seal,,,Y,R/L,519-740,2
2885.1,M-389,1,Mohenjo-daro,Lower Indus,SEAL:R,seal,,,Y,R/L,031-383-861-740,4
2886.1,M-390,1,Mohenjo-daro,Lower Indus,SEAL:R,seal,,,Y,R/L,820-060-626-605-250,5
2887.1,M-391,1,Mohenjo-daro,Lower Indus,SEAL:R,seal,,,Y,R/L,717-533-861-002-805-233-003-793-740-686-845-405,12
2888.1,M-392,1,Mohenjo-daro,Lower Indus,SEAL:R,seal,,,Y,R/L,806-032-220-590-405-740,6
2889.1,M-393,1,Mohenjo-daro,Lower Indus,SEAL:R,seal,,,Y,R/L,540-002-806-240-017-575-740-679,8
2890.1,M-394,1,Mohenjo-daro,Lower Indus,SEAL:R,seal,,,Y,R/L,706-033-001-752-740,5
2891.1,M-395,1,Mohenjo-daro,Lower Indus,SEAL:R,seal,,,Y,R/L,798-415-220-520,4
2892.1,M-396,1,Mohenjo-daro,Lower Indus,SEAL:R,seal,,,Y,R/L,550-060-235-630-794-904-832-233-630-204,10
2893.1,M-397,1,Mohenjo-daro,Lower Indus,SEAL:R,seal,,,Y,R/L,233-055-752-740,4
2894.1,M-398,1,Mohenjo-daro,Lower Indus,SEAL:R,seal,,,Y,R/L,323-920-740,3
2895.1,M-399,1,Mohenjo-daro,Lower Indus,SEAL:R,seal,,,Y,R/L,235-706-033-055-740,5
2896.1,M-400,1,Mohenjo-daro,Lower Indus,SEAL:R,seal,,,Y,R/L,820-013-142-617,4
2897.1,M-401,1,Mohenjo-daro,Lower Indus,SEAL:R,seal,,,Y,R/L,003-550-617,3
2898.1,M-402,1,Mohenjo-daro,Lower Indus,SEAL:R,seal,,,Y,R/L,426-033-001-100-179-615-494,7
2899.1,M-403,1,Mohenjo-daro,Lower Indus,SEAL:R,seal,,,Y,R/L,095-520-063-407,4
2900.1,M-404,1,Mohenjo-daro,Lower Indus,SEAL:R,seal,,,Y,R/L,005-405,2
2901.1,M-405,1,Mohenjo-daro,Lower Indus,SEAL:R,seal,,,Y,R/L,806-235-240-923-740,5
2903.1,M-407,1,Mohenjo-daro,Lower Indus,SEAL:R,seal,,,Y,R/L,380-742-235-923-740,5
2904.1,M-408,1,Mohenjo-daro,Lower Indus,SEAL:R,seal,,,Y,R/L,817-002-061-407,4
2905.1,M-409,1,Mohenjo-daro,Lower Indus,SEAL:R,seal,,,Y,R/L,806-740-045,3
2907.1,M-411,1,Mohenjo-daro,Lower Indus,SEAL:R,seal,,,Y,R/L,272-033-744-240-233-840-390,7
2908.1,M-412,1,Mohenjo-daro,Lower Indus,SEAL:R,seal,,,Y,R/L,415-220-140-625-031,5
2911.1,M-415,1,Mohenjo-daro,Lower Indus,SEAL:C,seal,Gaur,Trough,Y,R/L,832-256,2
2912.1,M-416,1,Mohenjo-daro,Lower Indus,SEAL:C,seal,Gaur,Trough,Y,R/L,016-405-001-255-324,5
2914.1,M-420,1,Mohenjo-daro,Lower Indus,POT:T:s,pottery,,,Y,L/R,747-004-408,3
2918.1,M-424,1,Mohenjo-daro,Lower Indus,POT:T:s,pottery,,,Y,R/L,792-740,2
2921.1,M-427,1,Mohenjo-daro,Lower Indus,TAG:P,tag,Bull1,RA,Y,R/L,920-060-741-415-100-740,6
2923.1,M-429,1,Mohenjo-daro,Lower Indus,TAG:L,tag,Bull1,SAN,Y,R/L,003-156,2
2925.1,M-431,1,Mohenjo-daro,Lower Indus,TAB:B,tablet,-,-,Y,R/L,705-033-590-390-740,5
2926.1,M-432,1,Mohenjo-daro,Lower Indus,TAB:B,tablet,,,Y,R/L,705-033-590-390-740,5
2929.1,M-437,1,Mohenjo-daro,Lower Indus,TAG:P,tag,Zebu,,Y,R/L,820-002-590-390-740,5
2930.1,M-444,1,Mohenjo-daro,Lower Indus,SEAL,seal,,,Y,R/L,100-740,2
2931.1,M-445,1,Mohenjo-daro,Lower Indus,TAB:B,tablet,Bull1,SAN,Y,R/L,235-176-740,3
2934.1,M-449,1,Mohenjo-daro,Lower Indus,TAB:B,tablet,Mult,-,Y,R/L,706-167,2
2934.2,M-449,1,Mohenjo-daro,Lower Indus,TAB:B,tablet,Mult,-,Y,R/L,706-167,2
2938.1,M-453,1,Mohenjo-daro,Lower Indus,TAB:B,tablet,Scene,,Y,R/L,861-002-220-840-032-740,6
2940.1,M-455,1,Mohenjo-daro,Lower Indus,TAB:B,tablet,Scene,,Y,R/L,255-435-690-740,4
2942.1,-,1,Dholavira,Gujarat/Kutch,SEAL:S,seal,Bull1:U,RAN,Y,R/L,514-740-621,3
2944.1,M-459,1,Mohenjo-daro,Lower Indus,TAB:B,tablet,Xcrs,,Y,R/L,630-740,2
2945.1,M-460,1,Mohenjo-daro,Lower Indus,TAB:B,tablet,Xcrs,,Y,R/L,630-740,2
2946.1,M-461,1,Mohenjo-daro,Lower Indus,TAB:B,tablet,Xcrs,,Y,R/L,630-740,2
2948.1,M-463,1,Mohenjo-daro,Lower Indus,TAB:B,tablet,Xcrs,,Y,R/L,630-740,2
2949.1,M-464,1,Mohenjo-daro,Lower Indus,TAB:B,tablet,Cros,,Y,R/L,104-645-590-235-240-740-090,7
2950.1,M-465,1,Mohenjo-daro,Lower Indus,TAB:B,tablet,Cros,,Y,R/L,104-645-590-235-240-740-090,7
2951.1,M-466,1,Mohenjo-daro,Lower Indus,TAB:B,tablet,Cros,,Y,R/L,104-645-590-235-240-740-090,7
2952.1,M-467,1,Mohenjo-daro,Lower Indus,TAB:B,tablet,Cros,,Y,R/L,104-645-590-235-240-740-090,7
2953.1,M-468,1,Mohenjo-daro,Lower Indus,TAB:B,tablet,Box,,Y,R/L,798-415-220-740-400,5
2954.1,M-469,1,Mohenjo-daro,Lower Indus,TAB:B,tablet,Xhch,,Y,R/L,798-415-220-740-400,5
2955.2,M-470,1,Mohenjo-daro,Lower Indus,TAB:B,tablet,,,Y,R/L,473-806-158-400,4
2956.1,M-471,1,Mohenjo-daro,Lower Indus,TAB:B,tablet,,,Y,R/L,817-002-191-415-100-740,6
2956.2,M-471,1,Mohenjo-daro,Lower Indus,TAB:B,tablet,,,Y,R/L,350-460-798-904-740-400,6
2957.1,M-472,1,Mohenjo-daro,Lower Indus,TAB:B,tablet,,,Y,R/L,806-235-590-405-740-400,6
2958.1,M-473,1,Mohenjo-daro,Lower Indus,TAB:B,tablet,-,-,Y,R/L,220-100-740,3
2960.1,M-476,1,Mohenjo-daro,Lower Indus,TAB:B,tablet,,,Y,R/L,142-617,2
2962.1,M-478,1,Mohenjo-daro,Lower Indus,TAB:B,tablet,Mult,,Y,R/L,004-700-097-400,4
2963.1,M-479,1,Mohenjo-daro,Lower Indus,TAB:B,tablet,Mult,,Y,R/L,004-700-097-400,4
2964.1,M-480,1,Mohenjo-daro,Lower Indus,TAB:B,tablet,Mult,,Y,R/L,004-700-097-400,4
2965.1,M-481,1,Mohenjo-daro,Lower Indus,TAB:B,tablet,Anth,-,Y,R/L,540-060-803-740-103,5
2965.2,M-481,1,Mohenjo-daro,Lower Indus,TAB:B,tablet,Anth,-,Y,R/L,815-718,2
2966.1,M-482,1,Mohenjo-daro,Lower Indus,TAB:B,tablet,Mult,,Y,R/L,803-740-400,3
2969.1,M-486,1,Mohenjo-daro,Lower Indus,TAB:B,tablet,Mult,Mult,Y,R/L,235-520,2
2969.3,M-486,1,Mohenjo-daro,Lower Indus,TAB:B,tablet,Mult,Mult,Y,R/L,615-740-090,3
2970.1,M-487,1,Mohenjo-daro,Lower Indus,TAB:B,tablet,Mult,Trough,Y,R/L,235-520,2
2971.1,M-488,1,Mohenjo-daro,Lower Indus,TAB:B,tablet,Mult,,Y,R/L,140-136-400-255-435-055-617,7
2972.1,M-490,1,Mohenjo-daro,Lower Indus,TAB:B,tablet,Scene,Mult,Y,R/L,016-840-002-803-140-850,6
2973.1,M-491,1,Mohenjo-daro,Lower Indus,TAB:B,tablet,Scene,Mult,Y,R/L,016-840-002-803-140-850,6
2974.2,M-492,1,Mohenjo-daro,Lower Indus,TAB:B,tablet,Mult,,Y,R/L,240-803-585-740-090,5
2975.1,M-494,1,Mohenjo-daro,Lower Indus,TAB:B,tablet,,,Y,R/L,838-798-176-740-151-697-390,7
2975.2,M-494,1,Mohenjo-daro,Lower Indus,TAB:B,tablet,,,Y,R/L,255-070-741-150-221-840-032,7
2975.3,M-494,1,Mohenjo-daro,Lower Indus,TAB:B,tablet,,,Y,R/L,741-904-740-820-032-017-904-415-100-921,10
2976.1,M-495,1,Mohenjo-daro,Lower Indus,TAB:B,tablet,,,Y,R/L,838-798-176-740-151-697-390,7
2976.2,M-495,1,Mohenjo-daro,Lower Indus,TAB:B,tablet,,,Y,R/L,070-741-150-267-840-032,6
2976.3,M-495,1,Mohenjo-daro,Lower Indus,TAB:B,tablet,,,Y,R/L,741-904-740-820-032-017-904-415-100-740,10
2978.1,M-501,1,Mohenjo-daro,Lower Indus,SEAL:R,seal,,,Y,R/L,323-690,2
2978.2,M-501,1,Mohenjo-daro,Lower Indus,SEAL:R,seal,,,Y,R/L,550-060-690-740,4
2980.1,M-503,1,Mohenjo-daro,Lower Indus,TAB:C,tablet,,,Y,R/L,806-233-176-740,4
2981.1,M-504,1,Mohenjo-daro,Lower Indus,TAB:C,tablet,Othr,,Y,R/L,806-233-384-740,4
2983.1,M-507,1,Mohenjo-daro,Lower Indus,TAB:C,tablet,Loop,,Y,R/L,415-220-845-407,4
2984.1,M-508,1,Mohenjo-daro,Lower Indus,TAB:C,tablet,Loop,,Y,R/L,415-220-845-407,4
2985.1,M-509,1,Mohenjo-daro,Lower Indus,TAB:C,tablet,,,Y,R/L,900-165,2
2985.2,M-509,1,Mohenjo-daro,Lower Indus,TAB:C,tablet,,,Y,R/L,326-002-176-740-240-405,6
2986.1,M-510,1,Mohenjo-daro,Lower Indus,TAB:C,tablet,,,Y,R/L,900-165,2
2986.2,M-510,1,Mohenjo-daro,Lower Indus,TAB:C,tablet,,,Y,R/L,326-002-176-740-240-405,6
2987.1,M-511,1,Mohenjo-daro,Lower Indus,TAB:C,tablet,,,Y,R/L,003-700-900-165,4
2987.2,M-511,1,Mohenjo-daro,Lower Indus,TAB:C,tablet,,,Y,R/L,032-220-176-740,4
2988.1,M-512,1,Mohenjo-daro,Lower Indus,TAB:C,tablet,,,Y,R/L,003-700-900-165,4
2988.2,M-512,1,Mohenjo-daro,Lower Indus,TAB:C,tablet,,,Y,R/L,032-220-176-740,4
2989.1,M-513,1,Mohenjo-daro,Lower Indus,TAB:C,tablet,,,Y,R/L,005-706,2
2989.2,M-513,1,Mohenjo-daro,Lower Indus,TAB:C,tablet,,,Y,R/L,233-585-407,3
2990.1,M-514,1,Mohenjo-daro,Lower Indus,TAB:C,tablet,,,Y,R/L,005-706,2
2990.2,M-514,1,Mohenjo-daro,Lower Indus,TAB:C,tablet,,,Y,R/L,233-585-407,3
2991.1,M-515,1,Mohenjo-daro,Lower Indus,TAB:C,tablet,,,Y,R/L,005-706,2
2991.2,M-515,1,Mohenjo-daro,Lower Indus,TAB:C,tablet,,,Y,R/L,233-585-407,3
2992.2,M-516,1,Mohenjo-daro,Lower Indus,TAB:C,tablet,,,Y,R/L,503-615-740,3
2993.2,M-517,1,Mohenjo-daro,Lower Indus,TAB:C,tablet,,,Y,R/L,503-615-740,3
2994.1,M-519,1,Mohenjo-daro,Lower Indus,TAB:C,tablet,Bull1:W,Trough,Y,R/L,744-760-095-595-001-142-617,7
2995.1,M-520,1,Mohenjo-daro,Lower Indus,TAB:C,tablet,Bull1:W,,Y,R/L,744-760-095-595-001-142-617,7
2997.1,M-522,1,Mohenjo-daro,Lower Indus,TAB:C,tablet,Gaur,Trough,Y,R/L,615-343-595,3
2998.1,M-523,1,Mohenjo-daro,Lower Indus,TAB:C,tablet,Gaur,Trough,Y,R/L,032-071-407,3
2999.1,M-524,1,Mohenjo-daro,Lower Indus,TAB:C,tablet,Gaur,Trough,Y,R/L,032-071-407,3
3000.1,M-525,1,Mohenjo-daro,Lower Indus,TAB:C,tablet,Gaur,Trough,Y,R/L,255-435-690-740-900-001-003-423,8
3001.1,M-527,1,Mohenjo-daro,Lower Indus,TAB:C,tablet,Elep,Trough,Y,R/L,706-033-923-740-001,5
3002.1,M-528,1,Mohenjo-daro,Lower Indus,TAB:C,tablet,Elep,Trough,Y,R/L,706-033-923-740-001,5
3003.1,M-529,1,Mohenjo-daro,Lower Indus,TAB:C,tablet,Elep,-,Y,R/L,706-033-923-740-001,5
3004.1,M-530,1,Mohenjo-daro,Lower Indus,TAB:C,tablet,Elep,Trough,Y,R/L,706-033-923-740-001,5
3006.1,M-534,1,Mohenjo-daro,Lower Indus,TAB:C,tablet,Hare,Plant,Y,R/L,235-705-033-845-407-321-407,7
3007.1,M-535,1,Mohenjo-daro,Lower Indus,TAB:C,tablet,Hare,Plant,Y,R/L,235-705-033-845-407-321-407,7
3008.1,M-536,1,Mohenjo-daro,Lower Indus,TAB:C,tablet,Hare,Plant,Y,R/L,235-705-033-845-407-321-407,7
3009.1,M-537,1,Mohenjo-daro,Lower Indus,TAB:C,tablet,Hare,Plant,Y,R/L,235-705-033-845-407-321-407,7
3010.1,M-538,1,Mohenjo-daro,Lower Indus,TAB:C,tablet,Hare,Plant,Y,R/L,235-705-033-845-407-321-407,7
3011.1,M-539,1,Mohenjo-daro,Lower Indus,TAB:C,tablet,Hare,Plant,Y,R/L,235-705-033-845-407-321-407,7
3013.1,M-541,1,Mohenjo-daro,Lower Indus,TAB:C,tablet,Hare,Plant,Y,R/L,235-705-033-845-407-321-407,7
3014.1,M-542,1,Mohenjo-daro,Lower Indus,TAB:C,tablet,Hare,Plant,Y,R/L,235-705-033-845-407-321-407,7
3015.1,M-543,1,Mohenjo-daro,Lower Indus,TAB:C,tablet,Goat:8,Trough,Y,R/L,003-421-176-100-740-790,6
3016.1,M-544,1,Mohenjo-daro,Lower Indus,TAB:C,tablet,Goat:8,Trough,Y,R/L,003-421-176-100-740-790,6
3017.1,M-545,1,Mohenjo-daro,Lower Indus,TAB:C,tablet,Goat:8,Trough,Y,R/L,003-421-176-100-740-790,6
3019.1,M-547,1,Mohenjo-daro,Lower Indus,TAB:C,tablet,Othr,Trough,Y,R/L,231-017-585-095-520-032-407,7
3020.1,M-548,1,Mohenjo-daro,Lower Indus,TAB:C,tablet,Goat:8,Trough,Y,R/L,231-017-585-095-520-032-407,7
3021.1,M-549,1,Mohenjo-daro,Lower Indus,TAB:C,tablet,-,Trough,Y,R/L,231-017-585-095-520-032-407,7
3022.1,M-550,1,Mohenjo-daro,Lower Indus,TAB:C,tablet,Comp,Trough,Y,R/L,003-233-100-740,4
3023.1,M-551,1,Mohenjo-daro,Lower Indus,TAB:C,tablet,Othr,Trough,Y,R/L,503-615-752-740,4
3024.1,M-552,1,Mohenjo-daro,Lower Indus,TAB:C,tablet,Othr,Trough,Y,R/L,503-615-752-740,4
3025.1,M-553,1,Mohenjo-daro,Lower Indus,TAB:C,tablet,Othr,Trough,Y,R/L,503-615-752-740,4
3026.1,M-554,1,Mohenjo-daro,Lower Indus,TAB:C,tablet,Othr,Trough,Y,R/L,503-615-752-740,4
3027.1,M-555,1,Mohenjo-daro,Lower Indus,TAB:C,tablet,Othr,Trough,Y,R/L,503-615-752-740,4
3028.1,M-556,1,Mohenjo-daro,Lower Indus,TAB:C,tablet,Othr,Trough,Y,R/L,503-615-752-740,4
3029.1,M-557,1,Mohenjo-daro,Lower Indus,TAB:C,tablet,Othr,Trough,Y,R/L,503-615-752-740,4
3030.1,M-558,1,Mohenjo-daro,Lower Indus,TAB:C,tablet,Othr,Trough,Y,R/L,503-615-752-740,4
3031.1,M-559,1,Mohenjo-daro,Lower Indus,TAB:C,tablet,Othr,Trough,Y,R/L,503-615-752-740,4
3032.1,M-560,1,Mohenjo-daro,Lower Indus,TAB:C,tablet,Othr,Trough,Y,R/L,503-615-752-740,4
3033.1,M-561,1,Mohenjo-daro,Lower Indus,TAB:C,tablet,Othr,Trough,Y,R/L,503-615-752-740,4
3034.1,M-562,1,Mohenjo-daro,Lower Indus,TAB:C,tablet,Othr,Trough,Y,R/L,503-615-752-740,4
3035.1,M-563,1,Mohenjo-daro,Lower Indus,TAB:C,tablet,Othr,Trough,Y,R/L,503-615-752-740,4
3036.1,M-564,1,Mohenjo-daro,Lower Indus,TAB:C,tablet,Othr,Trough,Y,R/L,503-615-752-740,4
3037.1,M-565,1,Mohenjo-daro,Lower Indus,TAB:C,tablet,Othr,Trough,Y,R/L,503-615-752-740,4
3038.1,M-567,1,Mohenjo-daro,Lower Indus,TAB:C,tablet,Gaur,-,Y,R/L,798-240-845-061-407,5
3039.1,M-568,1,Mohenjo-daro,Lower Indus,TAB:C,tablet,Tigr,-,Y,R/L,798-240-845-061-407,5
3040.1,M-569,1,Mohenjo-daro,Lower Indus,TAB:C,tablet,-,-,Y,R/L,798-240-845-061-407,5
3041.1,M-571,1,Mohenjo-daro,Lower Indus,TAB:C,tablet,Comp,,Y,R/L,032-220-773-740,4
3042.1,M-572,1,Mohenjo-daro,Lower Indus,TAB:C,tablet,Othr,Trough,Y,R/L,235-233-222-740,4
3043.1,M-573,1,Mohenjo-daro,Lower Indus,TAB:C,tablet,Othr,Trough,Y,R/L,235-233-222-740,4
3043.1,M-573,2,Mohenjo-daro,Lower Indus,TAB:C,tablet,Othr,Trough,Y,R/L,861-368-001-142-617,5
3044.1,M-574,1,Mohenjo-daro,Lower Indus,TAB:C,tablet,Othr,Trough,Y,R/L,861-368-001-142-617,5
3044.2,M-574,1,Mohenjo-daro,Lower Indus,TAB:C,tablet,Othr,Trough,Y,R/L,235-233-222-740,4
3045.1,M-575,1,Mohenjo-daro,Lower Indus,TAB:C,tablet,Othr,,Y,R/L,905-032-597-142-617,5
3046.1,M-576,1,Mohenjo-daro,Lower Indus,TAB:C,tablet,Othr,,Y,R/L,905-032-597-142-617,5
3047.1,M-577,1,Mohenjo-daro,Lower Indus,TAB:C,tablet,Othr,,Y,R/L,905-032-597-142-617,5
3047.1,M-577,2,Mohenjo-daro,Lower Indus,TAB:C,tablet,Othr,,Y,R/L,495-460-365-002-004-407,6
3048.1,M-578,1,Mohenjo-daro,Lower Indus,TAB:C,tablet,Comp,,Y,R/L,017-585-388-740,4
3050.1,M-580,1,Mohenjo-daro,Lower Indus,TAB:C,tablet,Othr,,Y,R/L,017-585-388-740,4
3051.1,M-581,1,Mohenjo-daro,Lower Indus,TAB:C,tablet,Othr,,Y,R/L,017-585-388-740,4
3052.1,M-582,1,Mohenjo-daro,Lower Indus,TAB:C,tablet,Anth,,Y,R/L,806-845-061-407-850-900-740,7
3053.1,M-583,1,Mohenjo-daro,Lower Indus,TAB:C,tablet,Anth,,Y,R/L,806-845-061-407-850-900-740,7
3054.1,M-585,1,Mohenjo-daro,Lower Indus,TAB:C,tablet,Anth,,Y,R/L,806-845-061-407-850-900-740,7
3055.1,M-586,1,Mohenjo-daro,Lower Indus,TAB:C,tablet,Anth,,Y,R/L,806-845-061-407-850-900-740,7
3056.1,M-587,1,Mohenjo-daro,Lower Indus,TAB:C,tablet,Anth,,Y,R/L,806-845-061-407-850-900-740,7
3057.1,M-588,1,Mohenjo-daro,Lower Indus,TAB:C,tablet,Anth,,Y,R/L,806-845-061-407-850-900-740,7
3058.1,M-593,1,Mohenjo-daro,Lower Indus,TAB:C,tablet,,,Y,R/L,235-705-033-845-407-321-407,7
3059.2,M-597,1,Mohenjo-daro,Lower Indus,TAB:C,tablet,,,Y,R/L,806-233-384-740,4
3061.2,M-599,1,Mohenjo-daro,Lower Indus,TAB:C,tablet,,,Y,L/R,408-032-520-095-585-017-220,7
3063.2,M-602,1,Mohenjo-daro,Lower Indus,TAB:C,tablet,,,Y,R/L,806-845-061-407-850-900-740,7
3064.1,M-603,1,Mohenjo-daro,Lower Indus,TAB:C,tablet,,,Y,R/L,806-845-407-850-900-740,6
3065.1,M-604,1,Mohenjo-daro,Lower Indus,TAB:C,tablet,,,Y,R/L,806-845-061-407-850-900-740,7
3066.2,M-605,1,Mohenjo-daro,Lower Indus,TAB:C,tablet,,,Y,R/L,003-220-590-405-740,5
3067.2,M-606,1,Mohenjo-daro,Lower Indus,TAB:C,tablet,,,Y,R/L,798-231-705-033-904-100-740,7
3071.1,M-619,1,Mohenjo-daro,Lower Indus,MISC,other,,,Y,R/L,032-840,2
3074.1,M-623,1,Mohenjo-daro,Lower Indus,SEAL:S,seal,Bull1:W,S,Y,R/L,820-530-299-002-798-415-220-176-175-760-740,11
3075.1,M-624,1,Mohenjo-daro,Lower Indus,SEAL:S,seal,Bull1:W,SAF,Y,R/L,575-125-190,3
3077.1,M-626,1,Mohenjo-daro,Lower Indus,SEAL:S,seal,Bull1:J,S,Y,R/L,125-374-842,3
3077.1,M-626,2,Mohenjo-daro,Lower Indus,SEAL:S,seal,Bull1:J,S,Y,R/L,692-060-255-435-690-740-692-060-803-740,10
3078.1,M-627,1,Mohenjo-daro,Lower Indus,SEAL:S,seal,Bull1:W,SCF,Y,R/L,220-440-615-741-243-617,6
3079.1,M-628,1,Mohenjo-daro,Lower Indus,SEAL:S,seal,Bull1:W,SAN,Y,R/L,564-690-291-002-233-560-740,7
3080.1,M-629,1,Mohenjo-daro,Lower Indus,SEAL:S,seal,Bull1:W,SAN,Y,R/L,861-002-798-240-176-740-679,7
3081.1,M-631,1,Mohenjo-daro,Lower Indus,SEAL:S,seal,Bull1:W,SAF,Y,R/L,263-368-032-220-240-706-033-520,8
3084.1,M-634,1,Mohenjo-daro,Lower Indus,SEAL:S,seal,Bull1,S,Y,R/L,820-140-820-812-820-001-415-220-740-679,10
3087.1,M-638,1,Mohenjo-daro,Lower Indus,SEAL:S,seal,,,Y,R/L,590-740-745-235-240-055-482-740,8
3088.1,M-639,1,Mohenjo-daro,Lower Indus,SEAL:S,seal,Bull1,-,Y,R/L,751-190-002-415-226,5
3089.1,M-644,1,Mohenjo-daro,Lower Indus,SEAL:S,seal,Bull1:W,SAN,Y,R/L,370-090-817-002-240-740-017-585-740,9
3091.1,M-647,1,Mohenjo-daro,Lower Indus,SEAL:S,seal,Bull1:S,SA,Y,R/L,920-060-741-233-235-100-740,7
3092.1,M-648,1,Mohenjo-daro,Lower Indus,SEAL:S,seal,Bull1:J,SAN,Y,R/L,361-741-032-220-100-740-090,7
3093.1,M-649,1,Mohenjo-daro,Lower Indus,SEAL:S,seal,Bull1:X,SAN,Y,R/L,571-820,2
3094.1,M-650,1,Mohenjo-daro,Lower Indus,SEAL:S,seal,Bull1:W,SAN,Y,R/L,817-002-519-415-220-520,6
3095.1,M-651,1,Mohenjo-daro,Lower Indus,SEAL:S,seal,Bull1:W,SAF,Y,R/L,820-002-240-220-717-740,6
3096.1,M-653,1,Mohenjo-daro,Lower Indus,SEAL:S,seal,Bull1:W,SAF,Y,R/L,861-002-235-740-679,5
3097.1,M-655,1,Mohenjo-daro,Lower Indus,SEAL:S,seal,Bull1,S,Y,R/L,689-880-220-002-233-717-740,7
3098.1,M-657,1,Mohenjo-daro,Lower Indus,SEAL:S,seal,Bull1:W,SAN,Y,R/L,240-520,2
3100.1,M-661,1,Mohenjo-daro,Lower Indus,SEAL:S,seal,Bull1:W,SAF,Y,R/L,072-741-415-220-798-740,6
3101.1,M-662,1,Mohenjo-daro,Lower Indus,SEAL:S,seal,Bull1:W,RAF,Y,R/L,820-001-704-390,4
3103.1,M-664,1,Mohenjo-daro,Lower Indus,SEAL:S,seal,Bull1:S,RBN,Y,R/L,706-500-820-062-151,5
3104.1,M-665,1,Mohenjo-daro,Lower Indus,SEAL:S,seal,Bull1,R,Y,R/L,643-740-871,3
3104.1,M-665,2,Mohenjo-daro,Lower Indus,SEAL:S,seal,Bull1,R,Y,R/L,575-374-002-350-463-798-740,7
3105.1,M-666,1,Mohenjo-daro,Lower Indus,SEAL:S,seal,Bull1,R,Y,R/L,692-060-231-440-740,5
3109.1,M-670,1,Mohenjo-daro,Lower Indus,SEAL:S,seal,Bull1:W,SAN,Y,R/L,705-033-520-001-031-154,6
3110.1,M-671,1,Mohenjo-daro,Lower Indus,SEAL:S,seal,Bull1:W,SAN,Y,R/L,920-060-745-235-240-255-435-690-740,9
3111.1,M-672,1,Mohenjo-daro,Lower Indus,SEAL:S,seal,Bull1:W,SAF,Y,R/L,235-590-405-740,4
3112.1,M-673,1,Mohenjo-daro,Lower Indus,SEAL:S,seal,Bull1:W,SCN,Y,R/L,017-405,2
3113.1,M-674,1,Mohenjo-daro,Lower Indus,SEAL:S,seal,Bull1:W,SAN,Y,R/L,415-220-706-033-520,5
3114.1,M-675,1,Mohenjo-daro,Lower Indus,SEAL:S,seal,Bull1:W,SAN,Y,R/L,032-168-235-233-706-033-807-388-740,9
3115.1,M-677,1,Mohenjo-daro,Lower Indus,SEAL:S,seal,Bull1:L,SAN,Y,R/L,901-861-002-242-231-706-033-032-070-923-740,11
3116.1,M-678,1,Mohenjo-daro,Lower Indus,SEAL:S,seal,Bull1:W,SAN,Y,R/L,502-031-002-806-236-503-006-752-740,9
3118.1,-,1,Unknown,Other,SEAL:S,seal,Gaur,Trough,Y,R/L,853-003-220-832-255-070-520,7
3119.1,M-683,1,Mohenjo-daro,Lower Indus,SEAL:S,seal,Bull1,-,Y,R/L,032-460-298-002-231-798-740,7
3122.1,M-686,1,Mohenjo-daro,Lower Indus,SEAL,seal,,,Y,R/L,806-235-520,3
3126.1,M-699,1,Mohenjo-daro,Lower Indus,SEAL:S,seal,Bull1:W,SAN,Y,R/L,171-035-130-002-415-100-740,7
3127.1,M-700,1,Mohenjo-daro,Lower Indus,SEAL:S,seal,Bull1:J,SAN,Y,R/L,263-368-820-760-740,5
3131.1,M-704,1,Mohenjo-daro,Lower Indus,SEAL:S,seal,Bull1:W,SAF,Y,R/L,131-400,2
3132.1,M-705,1,Mohenjo-daro,Lower Indus,SEAL:S,seal,Bull1:W,SAF,Y,R/L,803-240-772-740,4
3133.1,M-706,1,Mohenjo-daro,Lower Indus,SEAL:S,seal,Bull1:W,SAN,Y,R/L,031-861-002-240-773-740,6
3134.1,M-708,1,Mohenjo-daro,Lower Indus,SEAL:S,seal,Bull1:W,S,Y,R/L,140-390-002-061-740,5
3135.1,M-710,1,Mohenjo-daro,Lower Indus,SEAL:S,seal,Bull1:J,SAF,Y,R/L,004-390-400,3
3137.1,M-712,1,Mohenjo-daro,Lower Indus,SEAL:S,seal,Bull1:W,SAF,Y,R/L,861-002-003-390,4
3138.1,M-713,1,Mohenjo-daro,Lower Indus,SEAL:S,seal,Bull1,S,Y,R/L,764-002-717-803-226,5
3139.1,M-714,1,Mohenjo-daro,Lower Indus,SEAL:S,seal,Bull1:W,-,Y,R/L,603-861-002-803-798-233-705-033-017-585-740,11
3142.1,M-717,1,Mohenjo-daro,Lower Indus,SEAL:S,seal,Bull1:J,RAF,Y,R/L,861-002-061-142-740,5
3146.1,M-722,1,Mohenjo-daro,Lower Indus,SEAL:S,seal,Bull1,-,Y,R/L,817-002-032-220-240-585-740,7
3147.1,M-723,1,Mohenjo-daro,Lower Indus,SEAL:S,seal,Bull1,-,Y,R/L,861-002-032-220-235-510-460-740,8
3148.1,M-724,1,Mohenjo-daro,Lower Indus,SEAL:S,seal,Bull1:J,SAN,Y,R/L,861-002-790-721-390,5
3149.1,M-725,1,Mohenjo-daro,Lower Indus,SEAL:S,seal,Bull1:J,SAN,Y,R/L,530-252-741-003-220-740-090,7
3150.1,M-726,1,Mohenjo-daro,Lower Indus,SEAL:S,seal,Bull1:T,SAN,Y,R/L,820-002-803-032-220-236-140-850-031,9
3151.1,M-727,1,Mohenjo-daro,Lower Indus,SEAL:S,seal,Bull1:W,SAN,Y,R/L,820-002-415-100-740,5
3152.1,M-728,1,Mohenjo-daro,Lower Indus,SEAL:S,seal,Bull1:V,HBN,Y,R/L,820-002-017-575-740,5
3153.1,M-729,1,Mohenjo-daro,Lower Indus,SEAL:S,seal,Bull1:I,RAF,Y,R/L,415-234,2
3154.1,M-730,1,Mohenjo-daro,Lower Indus,SEAL:S,seal,Bull1:J,RAF,Y,R/L,272-033-741-351-090-384-740,7
3155.1,M-731,1,Mohenjo-daro,Lower Indus,SEAL:S,seal,Bull1:I,RAF,Y,R/L,220-151,2
3156.1,M-732,1,Mohenjo-daro,Lower Indus,SEAL:S,seal,Bull1:V,RAF,Y,R/L,817-002-350-400-520,5
3157.1,M-733,1,Mohenjo-daro,Lower Indus,SEAL:S,seal,Bull1:W,RBF,Y,R/L,220-760-740-151,4
3157.1,M-733,2,Mohenjo-daro,Lower Indus,SEAL:S,seal,Bull1:W,RBF,Y,R/L,032-850-590-892,4
3158.1,M-734,1,Mohenjo-daro,Lower Indus,SEAL:S,seal,Bull1:S,RBF,Y,R/L,590-390-368-033-033,5
3159.1,M-735,1,Mohenjo-daro,Lower Indus,SEAL:S,seal,Bull1:U,HAF,Y,R/L,195-125-390-002-235-760-740,7
3163.1,M-739,1,Mohenjo-daro,Lower Indus,SEAL:S,seal,Bull1:J,RAF,Y,R/L,692-550-350-031-002-415-100-740-090,9
3164.1,M-740,1,Mohenjo-daro,Lower Indus,SEAL:S,seal,Bull1:J,RBF,Y,R/L,575-705-742-491-226,5
3165.1,M-741,1,Mohenjo-daro,Lower Indus,SEAL:S,seal,Bull1:I,RBN,Y,R/L,416-151,2
3166.1,M-742,1,Mohenjo-daro,Lower Indus,SEAL:S,seal,Bull1:W,H,Y,R/L,573-060-032-850-090,5
3168.1,M-745,1,Mohenjo-daro,Lower Indus,SEAL:S,seal,Bull1,-,Y,R/L,741-617-350-307,4
3169.1,M-746,1,Mohenjo-daro,Lower Indus,SEAL:S,seal,Bull1:I,-,Y,R/L,032-590-390-741-032-220-440-740,8
3171.1,M-748,1,Mohenjo-daro,Lower Indus,SEAL:S,seal,Bull1,SAN,Y,R/L,828,1
3171.1,M-748,2,Mohenjo-daro,Lower Indus,SEAL:S,seal,Bull1,SAN,Y,R/L,243-798-400,3
3172.1,M-749,1,Mohenjo-daro,Lower Indus,SEAL:S,seal,Bull1:W,SAN,Y,L/R,408-004,2
3173.1,M-750,1,Mohenjo-daro,Lower Indus,SEAL:S,seal,Bull1:W,SAN,Y,R/L,820-060-773-740,4
3176.1,M-753,1,Mohenjo-daro,Lower Indus,SEAL:S,seal,Bull1:W,SAN,Y,R/L,806-706-033-520,4
3177.1,M-754,1,Mohenjo-daro,Lower Indus,SEAL:S,seal,Bull1,-,Y,R/L,920-060-742-705-760-740,6
3178.1,M-755,1,Mohenjo-daro,Lower Indus,SEAL:S,seal,Bull1,-,Y,R/L,920-060-741-484-337-740,6
3179.1,M-756,1,Mohenjo-daro,Lower Indus,SEAL:S,seal,Bull1:W,-,Y,R/L,031-812-002-176-100-740,6
3180.1,M-757,1,Mohenjo-daro,Lower Indus,SEAL:S,seal,Bull1,-,Y,R/L,808-235-233-705-033-520,6
3181.1,M-758,1,Mohenjo-daro,Lower Indus,SEAL:S,seal,Bull1:W,SAN,Y,R/L,786-530-742-240-001-760-740,7
3182.1,M-759,1,Mohenjo-daro,Lower Indus,SEAL,seal,,,Y,R/L,806-240-520,3
3185.1,M-762,1,Mohenjo-daro,Lower Indus,SEAL:S,seal,Bull1:I,-,Y,R/L,002-140-226,3
3190.1,M-776,1,Mohenjo-daro,Lower Indus,SEAL:S,seal,Bull1:J,SAN,Y,R/L,817-002-017-585-840-032-740,7
3191.1,M-777,1,Mohenjo-daro,Lower Indus,SEAL:S,seal,Bull1:J,SAN,Y,R/L,550-060-235-520-173,5
3193.1,M-779,1,Mohenjo-daro,Lower Indus,SEAL:S,seal,Bull1:L,SAN,Y,R/L,921-070-520,3
3194.1,M-780,1,Mohenjo-daro,Lower Indus,SEAL:S,seal,Bull1:W,SBN,Y,R/L,820-002-156-773-740,5
3195.1,M-781,1,Mohenjo-daro,Lower Indus,SEAL:S,seal,Bull1:S,SAN,Y,R/L,861-002-706-033-520,5
3196.1,M-782,1,Mohenjo-daro,Lower Indus,SEAL:S,seal,Bull1:S,SAN,Y,R/L,621-740-001-912-740,5
3197.1,M-783,1,Mohenjo-daro,Lower Indus,SEAL:S,seal,Bull1:S,SAN,Y,R/L,861-002-061-151,4
3198.1,M-784,1,Mohenjo-daro,Lower Indus,SEAL:S,seal,Bull1:S,SAN,Y,R/L,710-390-368,3
3199.1,M-785,1,Mohenjo-daro,Lower Indus,SEAL:S,seal,Bull1:S,SAN,Y,R/L,861-002-705-255-740,5
3200.1,M-786,1,Mohenjo-daro,Lower Indus,SEAL:S,seal,Bull1:S,SAN,Y,R/L,175-741-233-798-740,5
3202.1,M-788,1,Mohenjo-daro,Lower Indus,SEAL:S,seal,Bull1:J,SAN,Y,R/L,824-002-235-482-740,5
3206.1,M-792,1,Mohenjo-daro,Lower Indus,SEAL:S,seal,Bull1:S,SAN,Y,R/L,817-002-017-575-740-679,6
3207.1,M-793,1,Mohenjo-daro,Lower Indus,SEAL:S,seal,Bull1:W,SAN,Y,R/L,861-002-798-240-235-388-740,7
3208.1,M-794,1,Mohenjo-daro,Lower Indus,SEAL:S,seal,Bull1:S,SAN,Y,R/L,861-002-231-804,4
3209.1,M-795,1,Mohenjo-daro,Lower Indus,SEAL:S,seal,Bull1:W,SAN,Y,R/L,817-002-260-156,4
3210.1,M-796,1,Mohenjo-daro,Lower Indus,SEAL:S,seal,Bull1:W,SAN,Y,R/L,706-140-368,3
3212.1,M-798,1,Mohenjo-daro,Lower Indus,SEAL:S,seal,Bull1:W,SAF,Y,R/L,091-831-585,3
3214.1,M-800,1,Mohenjo-daro,Lower Indus,SEAL:S,seal,Bull1:W,SAF,Y,R/L,350-082-741-803-234,5
3216.1,M-802,1,Mohenjo-daro,Lower Indus,SEAL:S,seal,Bull1:W,SAF,Y,R/L,209-500-741-106,4
3217.1,M-803,1,Mohenjo-daro,Lower Indus,SEAL:S,seal,Bull1,SAN,Y,R/L,817-002-005-390,4
3219.1,M-806,1,Mohenjo-daro,Lower Indus,SEAL:S,seal,Bull1:S,SAN,Y,R/L,861-368-001-803-235-520,6
3222.1,M-809,1,Mohenjo-daro,Lower Indus,SEAL:S,seal,Bull1,SAN,Y,R/L,906-595-002-495-460-520,6
3223.1,M-810,1,Mohenjo-daro,Lower Indus,SEAL:S,seal,Bull1:J,SAN,Y,R/L,731-740,2
3224.1,M-811,1,Mohenjo-daro,Lower Indus,SEAL:S,seal,Bull1:J,SAN,Y,R/L,803-032-226,3
3225.1,M-812,1,Mohenjo-daro,Lower Indus,SEAL:S,seal,Bull1:J,SAN,Y,R/L,058-740,2
3226.1,M-813,1,Mohenjo-daro,Lower Indus,SEAL:S,seal,Bull1:S,SAN,Y,R/L,861-002-590-390-161,5
3227.1,M-814,1,Mohenjo-daro,Lower Indus,SEAL:S,seal,Bull1:S,SAN,Y,R/L,803-235-240-705-033-176-740,7
3228.1,M-815,1,Mohenjo-daro,Lower Indus,SEAL:S,seal,Bull1:W,SAN,Y,R/L,861-002-798-233-070-520,6
3229.1,M-816,1,Mohenjo-daro,Lower Indus,SEAL:S,seal,Bull1:S,SAN,Y,R/L,817-002-255-435-690-740,6
3230.1,M-817,1,Mohenjo-daro,Lower Indus,SEAL:S,seal,Bull1:S,SAN,Y,R/L,878-382-520,3
3232.1,M-819,1,Mohenjo-daro,Lower Indus,SEAL:S,seal,Bull1:J,SAN,Y,R/L,817-002-803-240-233-520,6
3235.1,M-822,1,Mohenjo-daro,Lower Indus,SEAL:S,seal,Bull1:S,SAN,Y,R/L,016-390,2
3236.1,M-823,1,Mohenjo-daro,Lower Indus,SEAL:S,seal,Bull1:S,SAN,Y,R/L,817-002-061-740,4
3237.1,M-824,1,Mohenjo-daro,Lower Indus,SEAL:S,seal,Bull1:J,SAN,Y,R/L,831-390-368,3
3240.1,M-828,1,Mohenjo-daro,Lower Indus,SEAL:S,seal,Bull1,SAN,Y,R/L,840-032-165-590,4
3242.1,M-830,1,Mohenjo-daro,Lower Indus,SEAL:S,seal,Bull1,SAN,Y,R/L,097-400,2
3244.1,M-832,1,Mohenjo-daro,Lower Indus,SEAL:S,seal,Bull1:S,SAF,Y,R/L,176-337-740,3
3245.1,M-833,1,Mohenjo-daro,Lower Indus,SEAL:S,seal,Bull1:W,SAF,Y,R/L,808-002-240-740-550-527,6
3246.1,M-834,1,Mohenjo-daro,Lower Indus,SEAL:S,seal,Bull1:J,SAN,Y,R/L,861-002-900-590-390-151,6
3248.1,M-836,1,Mohenjo-daro,Lower Indus,SEAL:S,seal,Bull1:W,SAF,Y,R/L,055-368-400,3
3249.1,M-837,1,Mohenjo-daro,Lower Indus,SEAL:S,seal,Bull1:S,SAN,Y,R/L,575-125-741-031-061-142-740,7
3250.1,M-838,1,Mohenjo-daro,Lower Indus,SEAL:S,seal,Bull1:L,SAF,Y,R/L,003-156,2
3251.1,M-839,1,Mohenjo-daro,Lower Indus,SEAL:S,seal,Bull1:L,SAN,Y,R/L,817-002-415-100-740,5
3252.1,M-840,1,Mohenjo-daro,Lower Indus,SEAL:S,seal,Bull1:T,SAN,Y,R/L,374-920-001-233-705-033-316-032,8
3258.1,M-846,1,Mohenjo-daro,Lower Indus,SEAL:S,seal,Bull1,-,Y,R/L,923-740,2
3259.1,M-847,1,Mohenjo-daro,Lower Indus,SEAL:S,seal,Bull1,-,Y,R/L,233-232-055-740,4
3260.1,M-848,1,Mohenjo-daro,Lower Indus,SEAL:S,seal,Bull1,-,Y,R/L,176-125-406,3
3261.1,M-849,1,Mohenjo-daro,Lower Indus,SEAL:S,seal,Bull1:J,RAN,Y,R/L,615-550-002-350-151,5
3262.1,M-850,1,Mohenjo-daro,Lower Indus,SEAL:S,seal,Bull1:L,RAN,Y,R/L,861-002-415-100-740,5
3263.1,M-851,1,Mohenjo-daro,Lower Indus,SEAL:S,seal,Bull1:W,RAN,Y,R/L,817-002-590-390-740-621,6
3264.1,M-852,1,Mohenjo-daro,Lower Indus,SEAL:S,seal,Bull1:W,RAN,Y,R/L,853-033-732-794-590-892,6
3265.1,M-853,1,Mohenjo-daro,Lower Indus,SEAL:S,seal,Bull1:S,RAN,Y,R/L,817-002-792-740-090,5
3266.1,M-854,1,Mohenjo-daro,Lower Indus,SEAL:S,seal,Bull1,-,Y,R/L,920-060-741-592,4
3267.1,M-855,1,Mohenjo-daro,Lower Indus,SEAL:S,seal,Bull1,-,Y,R/L,544-690-817-002-590-390-832-260-861,9
3268.1,M-856,1,Mohenjo-daro,Lower Indus,SEAL:S,seal,Bull1,-,Y,R/L,374-065-220-060-017-575-740,7
3269.1,M-857,1,Mohenjo-daro,Lower Indus,SEAL:S,seal,Bull1,-,Y,R/L,255-435-690-740,4
3271.1,M-860,1,Mohenjo-daro,Lower Indus,SEAL:S,seal,Bull1:S,SAN,Y,R/L,240-705-033-520,4
3272.1,M-861,1,Mohenjo-daro,Lower Indus,SEAL:S,seal,Bull1:S,SAF,Y,R/L,503-007-740,3
3273.1,M-862,1,Mohenjo-daro,Lower Indus,SEAL:S,seal,Bull1:S,SAN,Y,R/L,742-760-740,3
3274.1,M-863,1,Mohenjo-daro,Lower Indus,SEAL:S,seal,Bull1:L,SAN,Y,R/L,412-741-705-255-740,5
3276.1,M-865,1,Mohenjo-daro,Lower Indus,SEAL:S,seal,Bull1:W,SAN,Y,R/L,820-001-235-240-740-090,6
3278.1,M-868,1,Mohenjo-daro,Lower Indus,SEAL:S,seal,Bull1:W,SAN,Y,R/L,817-002-220-231-705-033-520,7
3279.1,M-869,1,Mohenjo-daro,Lower Indus,SEAL:S,seal,Bull1:S,SAN,Y,R/L,861-002-415-100-740,5
3280.1,M-870,1,Mohenjo-daro,Lower Indus,SEAL:S,seal,Bull1:L,SAF,Y,R/L,920-060-741-460-740,5
3281.1,M-872,1,Mohenjo-daro,Lower Indus,SEAL:S,seal,Bull1:I,SAF,Y,R/L,824-002-016-390,4
3282.1,M-873,1,Mohenjo-daro,Lower Indus,SEAL:S,seal,Bull1:X,SAN,Y,R/L,550-060-231-705-033-520,6
3283.1,M-874,1,Mohenjo-daro,Lower Indus,SEAL:S,seal,Bull1:W,SAN,Y,R/L,877-159-400,3
3284.1,M-875,1,Mohenjo-daro,Lower Indus,SEAL:S,seal,Bull1:J,RAN,Y,R/L,820-060-031-105,4
3286.1,M-878,1,Mohenjo-daro,Lower Indus,SEAL:S,seal,Bull1:J,RAF,Y,R/L,125-390-741-005-900-740,6
3287.1,M-879,1,Mohenjo-daro,Lower Indus,SEAL:S,seal,Bull1:J,RAF,Y,R/L,061-142-400-740,4
3288.1,M-880,1,Mohenjo-daro,Lower Indus,SEAL:S,seal,Bull1:S,RAF,Y,R/L,319-705-741-877-861-740,6
3291.1,M-884,1,Mohenjo-daro,Lower Indus,SEAL:S,seal,Bull1:S,RBF,Y,R/L,016-617,2
3295.1,M-889,1,Mohenjo-daro,Lower Indus,SEAL:S,seal,Bull1:I,RBF,Y,R/L,820-002-803-032-384-740,6
3296.1,M-890,1,Mohenjo-daro,Lower Indus,SEAL:S,seal,Bull1,R,Y,R/L,208-741-032-927-740,5
3299.1,M-894,1,Mohenjo-daro,Lower Indus,SEAL:S,seal,Bull1:I,-,Y,R/L,861-368-231-520-495-590-070-892,8
3300.1,M-895,1,Mohenjo-daro,Lower Indus,SEAL:S,seal,Bull1,-,Y,R/L,817-002-048-740,4
3301.1,M-896,1,Mohenjo-daro,Lower Indus,SEAL:S,seal,Bull1,-,Y,R/L,505-001-032-090-031-151,6
3302.1,M-897,1,Mohenjo-daro,Lower Indus,SEAL:S,seal,Bull1,-,Y,R/L,817-002-235-550-527,5
3303.1,M-898,1,Mohenjo-daro,Lower Indus,SEAL:S,seal,Bull1:W,-,Y,R/L,046-621,2
3304.1,M-899,1,Mohenjo-daro,Lower Indus,SEAL:S,seal,Bull1:W,SAN,Y,R/L,363-160-154,3
3305.1,M-900,1,Mohenjo-daro,Lower Indus,SEAL:S,seal,Bull1,-,Y,R/L,820-002-838-798-415-220-233-590-390-740,10
3306.1,M-901,1,Mohenjo-daro,Lower Indus,SEAL:S,seal,Bull1,-,Y,R/L,861-002-125-090,4
3308.1,M-903,1,Mohenjo-daro,Lower Indus,SEAL:S,seal,Bull1,-,Y,R/L,817-002-772-740,4
3311.1,M-914,1,Mohenjo-daro,Lower Indus,SEAL:S,seal,Bull1:W,SAN,Y,R/L,415-220-320-920-520,5
3312.1,M-915,1,Mohenjo-daro,Lower Indus,SEAL:S,seal,Bull1:W,SAN,Y,R/L,031-097-151,3
3313.1,M-916,1,Mohenjo-daro,Lower Indus,SEAL:S,seal,Bull1:J,SAN,Y,R/L,805-806-400,3
3314.1,M-917,1,Mohenjo-daro,Lower Indus,SEAL:S,seal,Bull1:W,SAN,Y,R/L,803-923-740,3
3315.1,M-918,1,Mohenjo-daro,Lower Indus,SEAL:S,seal,Bull1,SAN,Y,R/L,861-002-869-390,4
3316.1,M-919,1,Mohenjo-daro,Lower Indus,SEAL:S,seal,Bull1,SAN,Y,R/L,003-156,2
3317.1,M-920,1,Mohenjo-daro,Lower Indus,SEAL:S,seal,Bull1:S,SAN,Y,R/L,575-413-267,3
3318.1,M-921,1,Mohenjo-daro,Lower Indus,SEAL:S,seal,Bull1:L,SAN,Y,R/L,630-297-060-220-740-550,6
3322.1,M-926,1,Mohenjo-daro,Lower Indus,SEAL:S,seal,Bull1:S,-,Y,R/L,345-741-792-269-740,5
3324.1,M-928,1,Mohenjo-daro,Lower Indus,SEAL:S,seal,Bull1,SAN,Y,R/L,031-705-243,3
3326.1,M-931,1,Mohenjo-daro,Lower Indus,SEAL:S,seal,Bull1:W,SAF,Y,R/L,820-060-803-233-520,5
3327.1,M-932,1,Mohenjo-daro,Lower Indus,SEAL:S,seal,Bull1:S,SAN,Y,R/L,064-360-171-705-740,5
3328.1,M-933,1,Mohenjo-daro,Lower Indus,SEAL:S,seal,Bull1:L,SAN,Y,R/L,821-741-590-390-740,5
3329.1,M-934,1,Mohenjo-daro,Lower Indus,SEAL:S,seal,Bull1:W,SAF,Y,R/L,861-002-235-555-526,5
3330.1,M-935,1,Mohenjo-daro,Lower Indus,SEAL:S,seal,Bull1:S,SAF,Y,R/L,320-920-740,3
3331.1,M-936,1,Mohenjo-daro,Lower Indus,SEAL:S,seal,Bull1:J,SAN,Y,R/L,460-520,2
3332.1,M-937,1,Mohenjo-daro,Lower Indus,SEAL:S,seal,Bull1:J,S,Y,R/L,615-900-002-031-503-460-740,7
3333.1,M-938,1,Mohenjo-daro,Lower Indus,SEAL:S,seal,Bull1:W,SAN,Y,R/L,416-740,2
3334.1,M-939,1,Mohenjo-daro,Lower Indus,SEAL:S,seal,Bull1:J,SAN,Y,R/L,550-527,2
3335.1,-,1,Unknown,Other,SEAL:S,seal,Bull1:J,RAF,Y,R/L,032-590-390-002-032-205-740,7
3338.1,M-943,1,Mohenjo-daro,Lower Indus,SEAL:S,seal,Bull1:W,SAN,Y,R/L,798-415-220-176-740,5
3339.1,M-944,1,Mohenjo-daro,Lower Indus,SEAL:S,seal,Bull1:W,SAF,Y,R/L,817-368-060-233-740-090,6
3340.1,M-945,1,Mohenjo-daro,Lower Indus,SEAL:S,seal,Bull1:S,-,Y,R/L,233-923-740,3
3341.1,M-946,1,Mohenjo-daro,Lower Indus,SEAL:S,seal,Bull1:S,SAN,Y,R/L,910-740,2
3342.1,M-947,1,Mohenjo-daro,Lower Indus,SEAL:S,seal,Bull1,S,Y,R/L,061-171-035-740-090-400,6
3343.1,M-948,1,Mohenjo-daro,Lower Indus,SEAL:S,seal,Bull1,S,Y,R/L,031-388-002-003-426,5
3345.1,M-950,1,Mohenjo-daro,Lower Indus,SEAL:S,seal,Bull1,S,Y,R/L,255-435-690-740,4
3346.1,M-951,1,Mohenjo-daro,Lower Indus,SEAL:S,seal,Bull1:S,SAN,Y,R/L,031-240-927-740,4
3348.1,M-953,1,Mohenjo-daro,Lower Indus,SEAL:S,seal,Bull1:J,RAN,Y,R/L,792-740,2
3349.1,M-954,1,Mohenjo-daro,Lower Indus,SEAL:S,seal,Bull1,RAN,Y,R/L,360-255-740-481,4
3350.1,M-955,1,Mohenjo-daro,Lower Indus,SEAL:S,seal,Bull1:U,-,Y,R/L,003-550-031-031,4
3351.1,M-956,1,Mohenjo-daro,Lower Indus,SEAL:S,seal,Bull1:J,RAN,Y,R/L,233-705-033-520-400,5
3352.1,M-957,1,Mohenjo-daro,Lower Indus,SEAL:S,seal,Bull1,-,Y,R/L,577-002-705-760-740,5
3353.1,M-958,1,Mohenjo-daro,Lower Indus,SEAL:S,seal,Bull1:J,RAF,Y,R/L,590-003-900-002-240-772-740,7
3354.1,M-959,1,Mohenjo-daro,Lower Indus,SEAL:S,seal,Bull1,-,Y,R/L,803-236-705-033-520,5
3355.1,M-960,1,Mohenjo-daro,Lower Indus,SEAL:S,seal,Bull1,-,Y,R/L,575-590-740-240-520,5
3356.1,M-961,1,Mohenjo-daro,Lower Indus,SEAL:S,seal,Bull1:X,SAN,Y,R/L,503-460-158-400,4
3357.1,M-962,1,Mohenjo-daro,Lower Indus,SEAL:S,seal,Bull1:W,SAF,Y,R/L,235-240-220-520,4
3358.1,M-964,1,Mohenjo-daro,Lower Indus,SEAL:S,seal,Bull1:J,SAN,Y,R/L,920-060-741-550-527,5
3359.1,M-965,1,Mohenjo-daro,Lower Indus,SEAL:S,seal,Bull1:I,SAN,Y,R/L,527-741-032-590-390-740,6
3360.1,M-967,1,Mohenjo-daro,Lower Indus,SEAL:S,seal,Bull1:W,SAF,Y,R/L,220-440-861-401,4
3361.1,M-968,1,Mohenjo-daro,Lower Indus,SEAL:S,seal,Bull1:J,S,Y,R/L,590-390-741-923-740,5
3362.1,M-969,1,Mohenjo-daro,Lower Indus,SEAL:S,seal,Bull1:S,SAN,Y,R/L,243-151,2
3364.1,M-971,1,Mohenjo-daro,Lower Indus,SEAL:S,seal,Bull1:J,RAN,Y,R/L,920-060-741-416-740,5
3365.1,M-972,1,Mohenjo-daro,Lower Indus,SEAL:S,seal,Bull1:J,RAN,Y,R/L,061-142-740,3
3366.1,M-973,1,Mohenjo-daro,Lower Indus,SEAL:S,seal,Bull1:J,RBF,Y,R/L,226-621,2
3367.1,M-974,1,Mohenjo-daro,Lower Indus,SEAL:S,seal,Bull1:I,R,Y,R/L,920-060-741-927-740,5
3368.1,M-975,1,Mohenjo-daro,Lower Indus,SEAL:S,seal,Bull1:S,RAF,Y,R/L,910-741-297-680,4
3369.1,M-976,1,Mohenjo-daro,Lower Indus,SEAL:S,seal,Bull1,-,Y,R/L,817-368-001-645-286,5
3370.1,M-977,1,Mohenjo-daro,Lower Indus,SEAL:S,seal,Bull1:X,-,Y,L/R,740-803,2
3371.1,M-978,1,Mohenjo-daro,Lower Indus,SEAL:S,seal,Bull1,RBF,Y,R/L,220-520,2
3372.1,M-979,1,Mohenjo-daro,Lower Indus,SEAL:S,seal,Bull1:J,RAN,Y,R/L,240-773-740,3
3372.1,M-979,2,Mohenjo-daro,Lower Indus,SEAL:S,seal,Bull1:J,RAN,Y,R/L,590-003-900-002,4
3373.1,M-980,1,Mohenjo-daro,Lower Indus,SEAL:S,seal,Bull1,-,Y,R/L,415-100-740-093-435-061-550-617-740,9
3374.1,M-981,1,Mohenjo-daro,Lower Indus,SEAL:S,seal,Bull1:W,SAN,Y,R/L,371-407-001-142-617,5
3375.1,M-982,1,Mohenjo-daro,Lower Indus,SEAL:S,seal,Bull1:U,SAN,Y,R/L,002-825-740,3
3378.1,M-985,1,Mohenjo-daro,Lower Indus,SEAL:S,seal,Bull1,-,Y,R/L,803-235-233-705-033-070-520,7
3379.1,M-986,1,Mohenjo-daro,Lower Indus,SEAL:S,seal,Bull1,-,Y,R/L,605-760-740,3
3380.1,M-987,1,Mohenjo-daro,Lower Indus,SEAL:S,seal,Bull1,SAN,Y,R/L,016-390,2
3381.1,M-988,1,Mohenjo-daro,Lower Indus,SEAL:S,seal,-,-,Y,R/L,055-151,2
3383.1,M-991,1,Mohenjo-daro,Lower Indus,SEAL:S,seal,Bull1:W,SAN,Y,R/L,133-031-156,3
3384.1,M-992,1,Mohenjo-daro,Lower Indus,SEAL:S,seal,Bull1:S,SAF,Y,R/L,031-803-368,3
3385.1,M-993,1,Mohenjo-daro,Lower Indus,SEAL:S,seal,Bull1,SAN,Y,R/L,031-001-435,3
3386.1,M-994,1,Mohenjo-daro,Lower Indus,SEAL:S,seal,Bull1,SAN,Y,R/L,690-904-740,3
3387.1,M-995,1,Mohenjo-daro,Lower Indus,SEAL:S,seal,Bull1:X,SAN,Y,R/L,031-156,2
3389.1,M-997,1,Mohenjo-daro,Lower Indus,SEAL:S,seal,Bull1,RAN,Y,R/L,140-920-575-705-590,5
3390.1,M-998,1,Mohenjo-daro,Lower Indus,SEAL:S,seal,Bull1:I,SAN,Y,R/L,590-390-820,3
3393.1,M-1001,1,Mohenjo-daro,Lower Indus,SEAL:S,seal,Bull1:L,SAN,Y,R/L,235-482-740,3
3394.1,M-1002,1,Mohenjo-daro,Lower Indus,SEAL:S,seal,Bull1,-,Y,R/L,850-315-002-031-373-740,6
3421.1,M-1044,1,Mohenjo-daro,Lower Indus,SEAL:S,seal,Bull,-,Y,R/L,861-002-032-220-520,5
3427.1,M-1052,1,Mohenjo-daro,Lower Indus,SEAL:R,seal,-,-,Y,R/L,095-001-575-595-001-806-032-220-740-679,10
3437.1,M-1063,1,Mohenjo-daro,Lower Indus,SEAL:S,seal,-,-,Y,R/L,861-002-004-407,4
3453.1,M-1079,1,Mohenjo-daro,Lower Indus,SEAL:S,seal,Gaur,,Y,R/L,803-233-706-033-760-740,6
3454.1,M-1080,1,Mohenjo-daro,Lower Indus,SEAL:S,seal,Gaur,Trough,Y,R/L,033-550-617,3
3455.1,M-1081,1,Mohenjo-daro,Lower Indus,SEAL:S,seal,Gaur,Trough,Y,R/L,518-831-741-235-233-055-555-527,8
3459.1,M-1085,1,Mohenjo-daro,Lower Indus,SEAL:S,seal,Gaur,Trough,Y,R/L,817-002-350-460-798-415-100-740,8
3460.1,M-1086,1,Mohenjo-daro,Lower Indus,SEAL:S,seal,Gaur,Trough,Y,R/L,235-241,2
3461.1,M-1087,1,Mohenjo-daro,Lower Indus,SEAL:S,seal,Gaur,Trough,Y,R/L,190-297-001-554-527,5
3462.1,M-1088,1,Mohenjo-daro,Lower Indus,SEAL:S,seal,Gaur,Trough,Y,R/L,820-002-540-740,4
3463.1,M-1089,1,Mohenjo-daro,Lower Indus,SEAL:S,seal,Gaur,Trough,Y,R/L,840-374-002-590-390-151,6
3465.1,M-1091,1,Mohenjo-daro,Lower Indus,SEAL:S,seal,Gaur,Trough,Y,R/L,732-794-706-590-156-241,6
3467.1,M-1095,1,Mohenjo-daro,Lower Indus,SEAL:S,seal,Gaur,Trough,Y,R/L,503-070-520-590-292-861,6
3468.1,M-1096,1,Mohenjo-daro,Lower Indus,SEAL:S,seal,Gaur,Trough,Y,R/L,235-240-455-740,4
3469.1,M-1097,1,Mohenjo-daro,Lower Indus,SEAL:S,seal,Gaur,Trough,Y,R/L,061-347-808,3
3472.1,M-1100,1,Mohenjo-daro,Lower Indus,SEAL:S,seal,-,-,Y,R/L,315-760-740,3
3474.1,M-1103,1,Mohenjo-daro,Lower Indus,SEAL:S,seal,Zebu,,Y,R/L,635-706-760-595-820-001,6
3475.1,M-1104,1,Mohenjo-daro,Lower Indus,SEAL:S,seal,Zebu,-,Y,R/L,820-060-564-740,4
3479.1,M-1108,1,Mohenjo-daro,Lower Indus,SEAL:S,seal,Zebu,,Y,R/L,003-140-100-740,4
3480.1,M-1109,1,Mohenjo-daro,Lower Indus,SEAL:S,seal,Zebu,-,Y,R/L,820-002-231-520,4
3481.1,M-1110,1,Mohenjo-daro,Lower Indus,SEAL:S,seal,Zebu,,Y,R/L,817-002-104-615-740,5
3482.1,M-1111,1,Mohenjo-daro,Lower Indus,SEAL:S,seal,Zebu,,Y,R/L,692-924-745-798-740,5
3483.1,M-1112,1,Mohenjo-daro,Lower Indus,SEAL:S,seal,Zebu,,Y,R/L,220-585-740,3
3483.1,M-1112,2,Mohenjo-daro,Lower Indus,SEAL:S,seal,Zebu,,Y,R/L,171-035-130-002,4
3484.1,M-1113,1,Mohenjo-daro,Lower Indus,SEAL:S,seal,Zebu,,Y,R/L,235-233-550,3
3485.1,M-1114,1,Mohenjo-daro,Lower Indus,SEAL:S,seal,Zebu,,Y,R/L,920-060-741-002-140-740,6
3486.1,M-1115,1,Mohenjo-daro,Lower Indus,SEAL:S,seal,Zebu,-,Y,R/L,861-002-233-335-740,5
3487.1,M-1116,1,Mohenjo-daro,Lower Indus,SEAL:S,seal,Zebu,,Y,R/L,350-543-874,3
3487.1,M-1116,2,Mohenjo-daro,Lower Indus,SEAL:S,seal,Zebu,,Y,R/L,324-794-741-001-520,5
3488.1,M-1117,1,Mohenjo-daro,Lower Indus,SEAL:S,seal,Zebu,,Y,R/L,892-297-855,3
3490.1,M-1119,1,Mohenjo-daro,Lower Indus,SEAL:S,seal,Zebu,,Y,R/L,741-820-002-803-740,5
3494.1,M-1123,1,Mohenjo-daro,Lower Indus,SEAL:S,seal,Zebu,,Y,R/L,389-156,2
3496.1,M-1127,1,Mohenjo-daro,Lower Indus,SEAL:S,seal,Buff,Trough,Y,R/L,692-060,2
3496.1,M-1127,2,Mohenjo-daro,Lower Indus,SEAL:S,seal,Buff,Trough,Y,R/L,002-140-269-740,4
3497.1,M-1128,1,Mohenjo-daro,Lower Indus,SEAL:S,seal,Buff,Trough,Y,R/L,388-920,2
3498.1,M-1129,1,Mohenjo-daro,Lower Indus,SEAL:S,seal,Goat:7,,Y,R/L,544-740,2
3498.1,M-1129,2,Mohenjo-daro,Lower Indus,SEAL:S,seal,Goat:7,,Y,R/L,920-455-741-353,4
3501.1,M-1134,1,Mohenjo-daro,Lower Indus,SEAL:S,seal,Rhin,,Y,R/L,541-813-595-820,4
3502.1,M-1135,1,Mohenjo-daro,Lower Indus,SEAL:S,seal,Rhin,SAN,Y,R/L,703-400-002-061-740,5
3504.1,M-1137,1,Mohenjo-daro,Lower Indus,SEAL:S,seal,,,Y,R/L,820-002-904-740,4
3505.1,M-1138,1,Mohenjo-daro,Lower Indus,SEAL:S,seal,Rhin,Trough,Y,R/L,820-002-017-585-740,5
3506.1,M-1139,1,Mohenjo-daro,Lower Indus,SEAL:S,seal,Rhin,-,Y,R/L,820-002-621-416-740,5
3508.1,M-1146,1,Mohenjo-daro,Lower Indus,SEAL:S,seal,Elep,-,Y,R/L,235-772-740,3
3509.1,M-1148,1,Mohenjo-daro,Lower Indus,SEAL:S,seal,Elep,,Y,R/L,861-002-220-520,4
3511.1,M-1150,1,Mohenjo-daro,Lower Indus,SEAL:S,seal,Elep,,Y,R/L,456-002-240-231-520-621,6
3512.1,M-1151,1,Mohenjo-daro,Lower Indus,SEAL:S,seal,Elep,,Y,R/L,041-742-241,3
3513.1,M-1152,1,Mohenjo-daro,Lower Indus,SEAL:S,seal,Elep,Trough,Y,R/L,861-002-235-840-032-740,6
3516.1,M-1155,1,Mohenjo-daro,Lower Indus,SEAL:S,seal,Elep,,Y,R/L,705-033-002-335-760-740,6
3517.1,M-1156,1,Mohenjo-daro,Lower Indus,SEAL:S,seal,Elep,,Y,R/L,233-255-435-690-740,5
3519.1,M-1159,1,Mohenjo-daro,Lower Indus,SEAL:S,seal,Elep,,Y,R/L,032-168-002-032-220-232,6
3521.1,M-1161,1,Mohenjo-daro,Lower Indus,SEAL:S,seal,Elep,,Y,R/L,861-002-031-233-520,5
3525.1,M-1165,1,Mohenjo-daro,Lower Indus,SEAL:S,seal,Tigr,Trough,Y,R/L,692-060-140-920-740-090,6
3526.1,M-1166,1,Mohenjo-daro,Lower Indus,SEAL:S,seal,Tigr,Trough,Y,R/L,817-002-240-923-740,5
3528.1,M-1168,1,Mohenjo-daro,Lower Indus,SEAL:S,seal,Htgr,,Y,R/L,482-740,2
3529.1,M-1169,1,Mohenjo-daro,Lower Indus,SEAL:S,seal,Comp,,Y,R/L,032-220-705-033-520,5
3529.1,M-1169,2,Mohenjo-daro,Lower Indus,SEAL:S,seal,Comp,,Y,R/L,032-633-270-002-072-231,6
3533.1,M-1177,1,Mohenjo-daro,Lower Indus,SEAL:S,seal,CompBull,,Y,R/L,817-002-760-740,4
3535.1,M-1179,1,Mohenjo-daro,Lower Indus,SEAL:S,seal,Goat:3,,Y,R/L,927-740,2
3536.1,M-1180,1,Mohenjo-daro,Lower Indus,SEAL:S,seal,Goat:3,Plant,Y,R/L,158-171-035,3
3537.1,M-1181,1,Mohenjo-daro,Lower Indus,SEAL:S,seal,Anth,,Y,R/L,692-060-231-927-740,5
3544.1,M-1193,1,Mohenjo-daro,Lower Indus,SEAL:S,seal,,,Y,R/L,096-143,2
3546.1,M-1195,1,Mohenjo-daro,Lower Indus,SEAL:S,seal,,,Y,R/L,176-740,2
3548.1,M-1197,1,Mohenjo-daro,Lower Indus,SEAL:S,seal,,,Y,R/L,003-001-435,3
3550.1,M-1199,1,Mohenjo-daro,Lower Indus,SEAL:S,seal,Bull1:I,SCF,Y,R/L,232-048-740,3
3551.1,M-1200,1,Mohenjo-daro,Lower Indus,SEAL:S,seal,Bull1,-,Y,R/L,176-704-255-740,4
3551.2,M-1200,1,Mohenjo-daro,Lower Indus,SEAL:S,seal,Bull1,-,Y,R/L,017-390,2
3552.1,M-1202,1,Mohenjo-daro,Lower Indus,SEAL:S,seal,Gaur,Trough,Y,R/L,790,1
3552.1,M-1202,2,Mohenjo-daro,Lower Indus,SEAL:S,seal,Gaur,Trough,Y,R/L,840-257-740-415-100-740,6
3552.2,M-1202,1,Mohenjo-daro,Lower Indus,SEAL:S,seal,Gaur,Trough,Y,R/L,142-171-035,3
3553.2,M-1203,1,Mohenjo-daro,Lower Indus,SEAL:S,seal,Bull1:W,SAF,Y,R/L,140-706-420-595,4
3556.1,M-1206,1,Mohenjo-daro,Lower Indus,SEAL:S,seal,Gaur,,Y,R/L,034-220-520,3
3556.2,M-1206,1,Mohenjo-daro,Lower Indus,SEAL:S,seal,Gaur,,Y,R/L,861-002-255-435-690-740,6
3557.1,M-1221,1,Mohenjo-daro,Lower Indus,SEAL:S,seal,Bull1,SAN,Y,R/L,632-300-001-320-100-740-090,7
3558.1,M-1222,1,Mohenjo-daro,Lower Indus,SEAL:S,seal,Bull1,SAN,Y,R/L,416-151,2
3559.1,M-1224,1,Mohenjo-daro,Lower Indus,SEAL:S,seal,Mult,Mult,Y,R/L,840-032-740-090-400,5
3559.2,M-1224,1,Mohenjo-daro,Lower Indus,SEAL:S,seal,Mult,Mult,Y,R/L,853-016-390-401,4
3560.1,M-1225,1,Mohenjo-daro,Lower Indus,SEAL:S,seal,Gaur,Trough,Y,R/L,877-005-900-740,4
3561.1,M-1226,1,Mohenjo-daro,Lower Indus,SEAL:S,seal,Gaur,Trough,Y,R/L,817-002-233-235-705-033-520,7
3562.1,M-1228,1,Mohenjo-daro,Lower Indus,SEAL:S,seal,,,Y,R/L,351-368-001,3
3564.1,M-1232,1,Mohenjo-daro,Lower Indus,SEAL:S,seal,,,Y,L/R,156-003,2
3565.1,M-1233,1,Mohenjo-daro,Lower Indus,SEAL:S,seal,,,Y,R/L,575-741-402,3
3565.5,M-1233,1,Mohenjo-daro,Lower Indus,SEAL:S,seal,,,Y,R/L,002-850-700-033,4
3566.1,M-1235,1,Mohenjo-daro,Lower Indus,MISC,other,,,Y,R/L,031-156,2
3566.2,M-1235,1,Mohenjo-daro,Lower Indus,MISC,other,,,Y,L/R,156-031,2
3569.1,M-1262,1,Mohenjo-daro,Lower Indus,SEAL:R,seal,,,Y,R/L,586-561-745-001-004-407,6
3571.1,M-1264,1,Mohenjo-daro,Lower Indus,SEAL:R,seal,,,Y,R/L,820-001-456-100-740,5
3572.1,M-1265,1,Mohenjo-daro,Lower Indus,SEAL:R,seal,,,Y,R/L,806-032-220-240-055-740,6
3573.1,M-1266,1,Mohenjo-daro,Lower Indus,SEAL:R,seal,,,Y,R/L,055-235-233-483-740,5
3574.1,M-1267,1,Mohenjo-daro,Lower Indus,SEAL:R,seal,,,Y,R/L,861-002-175-720-740-001-416,7
3575.1,M-1268,1,Mohenjo-daro,Lower Indus,SEAL:R,seal,,,Y,R/L,817-002-176-455-740,5
3576.1,M-1269,1,Mohenjo-daro,Lower Indus,SEAL:R,seal,,,Y,R/L,235-240-706-033-520,5
3577.1,M-1270,1,Mohenjo-daro,Lower Indus,SEAL:R,seal,,,Y,R/L,706-717-388-154,4
3578.1,M-1271,1,Mohenjo-daro,Lower Indus,SEAL:R,seal,,,Y,R/L,140-920-484-337-503-456-400,7
3579.1,M-1272,1,Mohenjo-daro,Lower Indus,SEAL:R,seal,,,Y,R/L,920-615-742-921-070-520,6
3580.1,M-1273,1,Mohenjo-daro,Lower Indus,SEAL:R,seal,,,Y,R/L,603-861-002-055-740,5
3581.1,M-1274,1,Mohenjo-daro,Lower Indus,SEAL:R,seal,,,Y,R/L,905-032-130,3
3582.1,M-1275,1,Mohenjo-daro,Lower Indus,SEAL:R,seal,,,Y,R/L,798-032-220-440-752-740,6
3583.1,M-1276,1,Mohenjo-daro,Lower Indus,SEAL:R,seal,,,Y,R/L,325-740-001-243-159,5
3584.1,M-1277,1,Mohenjo-daro,Lower Indus,SEAL:R,seal,,,Y,L/R,032-905,2
3589.1,M-1284,1,Mohenjo-daro,Lower Indus,SEAL:R,seal,,,Y,R/L,031-502-002-806-240-520-001-416,8
3595.1,M-1290,1,Mohenjo-daro,Lower Indus,SEAL:R,seal,,,Y,R/L,706-820-595,3
3604.1,M-1299,1,Mohenjo-daro,Lower Indus,SEAL:R,seal,,,Y,R/L,817-002-233-705-033-550-527,7
3610.1,M-1305,1,Mohenjo-daro,Lower Indus,SEAL:R,seal,,,Y,R/L,877-159-400,3
3611.1,M-1306,1,Mohenjo-daro,Lower Indus,SEAL:R,seal,,,Y,R/L,820-002-806-590-405-740,6
3612.1,M-1307,1,Mohenjo-daro,Lower Indus,SEAL:R,seal,,,Y,R/L,503-460-740,3
3613.1,M-1308,1,Mohenjo-daro,Lower Indus,SEAL:R,seal,,,Y,R/L,004-407-001-055-032-740,6
3615.1,M-1310,1,Mohenjo-daro,Lower Indus,SEAL:R,seal,,,Y,R/L,235-590-407-740-001-004-407,7
3616.1,M-1311,1,Mohenjo-daro,Lower Indus,SEAL:R,seal,,,Y,R/L,817-002-354-400-520,5
3617.1,M-1312,1,Mohenjo-daro,Lower Indus,SEAL:R,seal,,,Y,R/L,220-740-400,3
3619.1,M-1314,1,Mohenjo-daro,Lower Indus,SEAL:R,seal,,,Y,R/L,923-740-001-016-407,5
3620.1,M-1315,1,Mohenjo-daro,Lower Indus,SEAL:R,seal,,,Y,R/L,240-142-617,3
3621.1,M-1316,1,Mohenjo-daro,Lower Indus,SEAL:R,seal,,,Y,R/L,620-901-032-590-292-381-127,7
3622.1,M-1317,1,Mohenjo-daro,Lower Indus,SEAL:R,seal,,,Y,R/L,384-154,2
3623.1,M-1318,1,Mohenjo-daro,Lower Indus,SEAL:R,seal,,,Y,R/L,880-002-503-460-740,5
3625.1,M-1320,1,Mohenjo-daro,Lower Indus,SEAL:R,seal,,,Y,R/L,798-240-231-555-527,5
3627.1,M-1322,1,Mohenjo-daro,Lower Indus,SEAL:R,seal,,,Y,R/L,491-003-423,3
3628.1,M-1323,1,Mohenjo-daro,Lower Indus,SEAL:R,seal,,,Y,R/L,806-706-033-590-405-798-740,7
3646.1,M-1341,1,Mohenjo-daro,Lower Indus,SEAL:R,seal,,,Y,R/L,632-342-595-002-016,5
3647.1,M-1342,1,Mohenjo-daro,Lower Indus,SEAL:R,seal,,,Y,R/L,017-585-090-680-740,5
3648.1,M-1343,1,Mohenjo-daro,Lower Indus,SEAL,seal,,,Y,R/L,861-002-235-590-390-740,6
3650.1,M-1346,1,Mohenjo-daro,Lower Indus,SEAL:R,seal,,,Y,R/L,820-002-803-233-032-861-740,7
3651.1,M-1350,1,Mohenjo-daro,Lower Indus,SEAL:R,seal,,,Y,R/L,320-920-742-803-415-220-371-406,8
3652.1,M-1351,1,Mohenjo-daro,Lower Indus,SEAL:R,seal,,,Y,R/L,235-555-527,3
3657.1,M-1358,1,Mohenjo-daro,Lower Indus,SEAL:R,seal,,,Y,R/L,285-900-002-032,4
3658.1,M-1359,1,Mohenjo-daro,Lower Indus,SEAL,seal,,,Y,R/L,705-033-520,3
3663.1,M-1364,1,Mohenjo-daro,Lower Indus,SEAL:R,seal,,,Y,R/L,820-060-003-405,4
3664.1,M-1365,1,Mohenjo-daro,Lower Indus,SEAL:R,seal,Othr,,Y,L/R,390-016,2
3665.1,M-1366,1,Mohenjo-daro,Lower Indus,SEAL:R,seal,,,Y,R/L,061-626-803-483-740,5
3667.1,M-1368,1,Mohenjo-daro,Lower Indus,SEAL:R,seal,,,Y,R/L,005-900-740,3
3670.1,M-1371,1,Mohenjo-daro,Lower Indus,POT:T:s,pottery,,,Y,R/L,370-002-550-527,4
3671.1,M-1372,1,Mohenjo-daro,Lower Indus,POT:T:s,pottery,,,Y,R/L,101-154,2
3673.1,M-1375,1,Mohenjo-daro,Lower Indus,POT:T:s,pottery,,,Y,R/L,705-033-032-790,4
3675.1,M-1379,1,Mohenjo-daro,Lower Indus,POT:T:s,pottery,,,Y,R/L,920-540-740,3
3677.1,M-1381,1,Mohenjo-daro,Lower Indus,POT:T:s,pottery,,,Y,R/L,370-002-550-527,4
3678.1,M-1382,1,Mohenjo-daro,Lower Indus,POT:T:s,pottery,,,Y,R/L,792-740,2
3679.1,M-1383,1,Mohenjo-daro,Lower Indus,TAG:R,tag,Bull1,SAN,Y,R/L,920-060-741-031-017-575-740,7
3680.1,M-1384,1,Mohenjo-daro,Lower Indus,TAG:L,tag,,,Y,R/L,391-595-850-480-001-821-004-904,8
3681.1,M-1385,1,Mohenjo-daro,Lower Indus,TAG:P,tag,Bull1,-,Y,R/L,817-002-032-760-740,5
3681.3,M-1385,1,Mohenjo-daro,Lower Indus,TAG:P,tag,Bull1,-,Y,R/L,817-002-032-760-740,5
3683.1,M-1388,1,Mohenjo-daro,Lower Indus,TAG:L,tag,Bull1,SAN,Y,R/L,003-156,2
3684.1,M-1390,1,Mohenjo-daro,Lower Indus,TAB:B,tablet,Mult,,Y,R/L,550-525-400,3
3688.1,M-1396,1,Mohenjo-daro,Lower Indus,TAB:B,tablet,Bull1,-,Y,R/L,853-803-705-033-520,5
3689.1,M-1397,1,Mohenjo-daro,Lower Indus,TAB:B,tablet,-,-,Y,R/L,705-167,2
3690.1,M-1399,1,Mohenjo-daro,Lower Indus,TAB:B,tablet,Mult,Mult,Y,R/L,704-167,2
3690.2,M-1399,1,Mohenjo-daro,Lower Indus,TAB:B,tablet,Mult,Mult,Y,R/L,704-167,2
3696.1,M-1407,1,Mohenjo-daro,Lower Indus,TAB:B,tablet,,,Y,R/L,803-335-760-740,4
3697.1,M-1408,1,Mohenjo-daro,Lower Indus,TAB:B,tablet,,SAN,Y,R/L,503-033-740-400,4
3698.1,M-1409,1,Mohenjo-daro,Lower Indus,TAB:B,tablet,Xcrs,,Y,R/L,630-740,2
3699.1,M-1410,1,Mohenjo-daro,Lower Indus,TAB:B,tablet,-,-,Y,R/L,630-740,2
3700.1,M-1411,1,Mohenjo-daro,Lower Indus,TAB:B,tablet,-,-,Y,R/L,630-740,2
3701.1,M-1412,1,Mohenjo-daro,Lower Indus,TAB:B,tablet,Crs,,Y,R/L,630-740,2
3703.1,M-1415,1,Mohenjo-daro,Lower Indus,TAB:B,tablet,Cros,,Y,R/L,104-645-590-235-240-740-090,7
3704.1,M-1416,1,Mohenjo-daro,Lower Indus,TAB:B,tablet,Cros,,Y,R/L,104-645-590-235-240-740-090,7
3705.1,M-1418,1,Mohenjo-daro,Lower Indus,TAB:B,tablet,,,Y,R/L,103-176,2
3705.2,M-1418,1,Mohenjo-daro,Lower Indus,TAB:B,tablet,,,Y,R/L,240-415-100-740,4
3706.2,M-1419,1,Mohenjo-daro,Lower Indus,TAB:B,tablet,,,Y,R/L,467-806-158-400,4
3709.1,M-1424,1,Mohenjo-daro,Lower Indus,TAB:B,tablet,Gaur,Trough,Y,R/L,125-384-700-875,4
3709.2,M-1424,1,Mohenjo-daro,Lower Indus,TAB:B,tablet,Gaur,Trough,Y,R/L,575-450-745-803-482-740,6
3710.1,M-1425,1,Mohenjo-daro,Lower Indus,TAB:B,tablet,Mult,,Y,R/L,004-700-097-400,4
3711.1,M-1426,1,Mohenjo-daro,Lower Indus,TAB:B,tablet,,,Y,R/L,861-002-798-415-220-036-760-740,8
3712.1,M-1427,1,Mohenjo-daro,Lower Indus,TAG:O,tag,Bull1,,Y,R/L,388-906-615-627-220-002-140-484-001,9
3713.1,M-1429,1,Mohenjo-daro,Lower Indus,TAB:B,tablet,Mult,,Y,R/L,803-003-220-740-792-740-090,7
3714.1,M-1430,1,Mohenjo-daro,Lower Indus,TAB:B,tablet,Mult,,Y,R/L,384-740,2
3714.2,M-1430,1,Mohenjo-daro,Lower Indus,TAB:B,tablet,Mult,,Y,R/L,384-740,2
3714.3,M-1430,1,Mohenjo-daro,Lower Indus,TAB:B,tablet,Mult,,Y,R/L,384-740,2
3719.1,M-1438,1,Mohenjo-daro,Lower Indus,SEAL:R,seal,,,Y,R/L,032-226-923-740-400,5
3720.1,M-1439,1,Mohenjo-daro,Lower Indus,TAB:B,tablet,,,Y,R/L,003-220-740,3
3722.1,M-1441,1,Mohenjo-daro,Lower Indus,SEAL:R,seal,,,Y,R/L,003-220-740,3
3723.1,M-1442,1,Mohenjo-daro,Lower Indus,TAB:B,tablet,,,Y,R/L,003-220-740,3
3724.1,M-1443,1,Mohenjo-daro,Lower Indus,SEAL:R,seal,,,Y,R/L,003-220-740,3
3725.1,M-1444,1,Mohenjo-daro,Lower Indus,TAB:I,tablet,,,Y,R/L,323-690,2
3725.2,M-1444,1,Mohenjo-daro,Lower Indus,TAB:I,tablet,,,Y,R/L,550-060-690-740,4
3726.1,M-1445,1,Mohenjo-daro,Lower Indus,TAB:I,tablet,,,Y,R/L,323-690,2
3726.2,M-1445,1,Mohenjo-daro,Lower Indus,TAB:I,tablet,,,Y,R/L,550-060-690-740,4
3727.1,M-1448,1,Mohenjo-daro,Lower Indus,TAB:C,tablet,Othr,,Y,R/L,831-233-176-740,4
3728.1,M-1449,1,Mohenjo-daro,Lower Indus,TAB:C,tablet,Othr,,Y,R/L,806-233-176-740,4
3730.1,M-1452,1,Mohenjo-daro,Lower Indus,TAB:C,tablet,Othr,,Y,R/L,806-231-176-740,4
3730.2,M-1452,1,Mohenjo-daro,Lower Indus,TAB:C,tablet,Othr,,Y,R/L,590-407-740,3
3733.1,M-1456,1,Mohenjo-daro,Lower Indus,TAB:C,tablet,Loop,,Y,R/L,415-220-845-407,4
3734.1,M-1457,1,Mohenjo-daro,Lower Indus,TAB:C,tablet,Loop,,Y,R/L,415-220-845-407,4
3734.2,M-1457,1,Mohenjo-daro,Lower Indus,TAB:C,tablet,Loop,,Y,R/L,590-405-100-740-790,5
3735.1,M-1458,1,Mohenjo-daro,Lower Indus,TAB:C,tablet,-,-,Y,R/L,142-617-001-004-407,5
3735.2,M-1458,1,Mohenjo-daro,Lower Indus,TAB:C,tablet,-,-,Y,R/L,790-900-165,3
3736.1,M-1461,1,Mohenjo-daro,Lower Indus,TAB:C,tablet,-,-,Y,R/L,233-798-740,3
3737.2,M-1465,1,Mohenjo-daro,Lower Indus,TAB:C,tablet,,,Y,R/L,773-740,2
3738.1,M-1470,1,Mohenjo-daro,Lower Indus,TAB:C,tablet,Bull1:W,Trough,Y,R/L,747-717-095-595-001-142-617,7
3741.1,M-1475,1,Mohenjo-daro,Lower Indus,TAB:C,tablet,Buff,Trough,Y,R/L,255-435-690-740-900-001-003-424,8
3742.1,M-1476,1,Mohenjo-daro,Lower Indus,TAB:C,tablet,Buff,Trough,Y,R/L,255-435-690-740-900-003-422,7
3745.1,M-1479,1,Mohenjo-daro,Lower Indus,TAB:C,tablet,-,-,Y,R/L,255-435-690-740-900-003-422,7
3746.1,M-1480,1,Mohenjo-daro,Lower Indus,TAB:C,tablet,-,-,Y,R/L,255-435-690-740-900-003-422,7
3747.1,M-1482,1,Mohenjo-daro,Lower Indus,TAB:C,tablet,Elep,Trough,Y,R/L,706-033-923-740,4
3748.1,M-1483,1,Mohenjo-daro,Lower Indus,TAB:C,tablet,Elep,Trough,Y,R/L,706-033-923-740,4
3749.1,M-1484,1,Mohenjo-daro,Lower Indus,TAB:C,tablet,Elep,Trough,Y,R/L,706-033-923-740,4
3750.1,M-1485,1,Mohenjo-daro,Lower Indus,TAB:C,tablet,Elep,Trough,Y,R/L,706-033-923-740,4
3751.1,M-1486,1,Mohenjo-daro,Lower Indus,TAB:C,tablet,Elep,Trough,Y,R/L,706-033-923-740,4
3752.1,M-1488,1,Mohenjo-daro,Lower Indus,TAB:C,tablet,Elep,Trough,Y,R/L,706-033-923-740,4
3753.1,M-1491,1,Mohenjo-daro,Lower Indus,TAB:C,tablet,Hare,Plant,Y,R/L,235-705-033-845-407-321-407,7
3754.1,M-1492,1,Mohenjo-daro,Lower Indus,TAB:C,tablet,Hare,Plant,Y,R/L,235-705-033-845-407-321-407,7
3755.1,M-1493,1,Mohenjo-daro,Lower Indus,TAB:C,tablet,Hare,Plant,Y,R/L,235-705-033-845-407-321-407,7
3756.1,M-1494,1,Mohenjo-daro,Lower Indus,TAB:C,tablet,Hare,Plant,Y,R/L,235-705-033-845-407-321-407,7
3757.1,M-1497,1,Mohenjo-daro,Lower Indus,TAB:C,tablet,-,-,Y,R/L,003-422-176-100-740,5
3759.1,M-1499,1,Mohenjo-daro,Lower Indus,TAB:C,tablet,Othr,Trough,Y,R/L,003-422-176-100-740,5
3760.1,M-1503,1,Mohenjo-daro,Lower Indus,TAB:C,tablet,Othr,Trough,Y,R/L,503-615-752-740,4
3761.1,M-1504,1,Mohenjo-daro,Lower Indus,TAB:C,tablet,Othr,Trough,Y,R/L,503-615-752-740,4
3762.1,M-1505,1,Mohenjo-daro,Lower Indus,TAB:C,tablet,Othr,Trough,Y,R/L,503-615-752-740,4
3763.1,M-1506,1,Mohenjo-daro,Lower Indus,TAB:C,tablet,Othr,Trough,Y,R/L,503-615-752-740,4
3764.1,M-1507,1,Mohenjo-daro,Lower Indus,TAB:C,tablet,Othr,Trough,Y,R/L,503-615-752-740,4
3765.1,M-1508,1,Mohenjo-daro,Lower Indus,TAB:C,tablet,Othr,Trough,Y,R/L,503-615-752-740,4
3766.1,M-1509,1,Mohenjo-daro,Lower Indus,TAB:C,tablet,Othr,Trough,Y,R/L,503-615-752-740,4
3767.1,M-1512,1,Mohenjo-daro,Lower Indus,TAB:C,tablet,Othr,Trough,Y,R/L,503-615-752-740,4
3768.1,M-1513,1,Mohenjo-daro,Lower Indus,TAB:C,tablet,Othr,Trough,Y,R/L,503-615-752-740,4
3769.1,-,1,Ganweriwala,Inter-Riverine,TAG,tag,-,-,Y,R/L,176-125-350-299-061-400-740,7
3770.1,M-1515,1,Mohenjo-daro,Lower Indus,TAB:C,tablet,Othr,Trough,Y,R/L,798-240-845-061-407,5
3771.1,M-1516,1,Mohenjo-daro,Lower Indus,TAB:C,tablet,Othr,,Y,R/L,798-240-845-061-407,5
3772.1,M-1517,1,Mohenjo-daro,Lower Indus,TAB:C,tablet,Tigr,,Y,R/L,798-240-845-061-407,5
3773.1,M-1520,1,Mohenjo-daro,Lower Indus,TAB:C,tablet,Othr,,Y,R/L,235-220-222-740,4
3774.1,M-1521,1,Mohenjo-daro,Lower Indus,TAB:C,tablet,Rhin,Trough,Y,R/L,235-233-222-740,4
3775.1,M-1522,1,Mohenjo-daro,Lower Indus,TAB:C,tablet,Rhin,Trough,Y,R/L,235-233-222-740,4
3776.1,M-1523,1,Mohenjo-daro,Lower Indus,TAB:C,tablet,Comp,Trough,Y,R/L,806-235-233-705-033-585-407,7
3777.1,M-1524,1,Mohenjo-daro,Lower Indus,TAB:C,tablet,-,-,Y,R/L,806-235-233-705-033-585-407,7
3778.1,M-1528,1,Mohenjo-daro,Lower Indus,TAB:C,tablet,-,-,Y,R/L,905-032-597-142-617,5
3779.1,M-1529,1,Mohenjo-daro,Lower Indus,TAB:C,tablet,Comp,,Y,R/L,904-032-597-142-617,5
3780.1,M-1530,1,Mohenjo-daro,Lower Indus,TAB:C,tablet,Othr,-,Y,R/L,905-032-597-142-617,5
3781.1,M-1531,1,Mohenjo-daro,Lower Indus,TAB:C,tablet,Othr,-,Y,R/L,905-032-597-142-617,5
3782.1,M-1532,1,Mohenjo-daro,Lower Indus,TAB:C,tablet,Othr,,Y,R/L,495-460-365-002-004-407,6
3782.2,M-1532,1,Mohenjo-daro,Lower Indus,TAB:C,tablet,Othr,,Y,R/L,905-032-597-142-617,5
3783.1,M-1534,1,Mohenjo-daro,Lower Indus,TAB:C,tablet,Othr,,Y,R/L,017-585-388-740,4
3784.1,M-1535,1,Mohenjo-daro,Lower Indus,TAB:C,tablet,Anth,,Y,R/L,806-845-061-407-850-900-740,7
3785.1,M-1536,1,Mohenjo-daro,Lower Indus,TAB:C,tablet,Anth,,Y,R/L,806-845-061-407-850-900-740,7
3786.1,M-1540,1,Mohenjo-daro,Lower Indus,TAB:C,tablet,Anth,,Y,R/L,806-845-061-407-850-900-740,7
3787.1,M-1547,1,Mohenjo-daro,Lower Indus,TAB:C,tablet,,,Y,R/L,235-705-033-845-407-321-407,7
3788.1,M-1548,1,Mohenjo-daro,Lower Indus,TAB:C,tablet,,,Y,R/L,231-255-435-690-740,5
3788.2,M-1548,1,Mohenjo-daro,Lower Indus,TAB:C,tablet,,,Y,R/L,479-749,2
3790.1,M-1550,1,Mohenjo-daro,Lower Indus,TAB:C,tablet,,,Y,R/L,806-233-384-740,4
3791.1,M-1555,1,Mohenjo-daro,Lower Indus,TAB:C,tablet,,,Y,R/L,231-017-585-095-520-032-407,7
3792.1,M-1556,1,Mohenjo-daro,Lower Indus,TAB:C,tablet,,,Y,R/L,231-017-585-095-520-032-407,7
3793.1,M-1557,1,Mohenjo-daro,Lower Indus,TAB:C,tablet,,,Y,R/L,231-017-585-095-520-032-407,7
3794.1,M-1558,1,Mohenjo-daro,Lower Indus,TAB:C,tablet,,,Y,R/L,231-017-585-095-520-032-407,7
3796.2,M-1563,1,Mohenjo-daro,Lower Indus,TAB:C,tablet,,,Y,R/L,806-845-061-407-850-900-740,7
3797.2,M-1568,1,Mohenjo-daro,Lower Indus,TAB:C,tablet,,,Y,R/L,798-231-705-033-904-100-740,7
3798.1,M-1569,1,Mohenjo-daro,Lower Indus,TAB:C,tablet,-,-,Y,R/L,904-032-904,3
3800.1,M-1576,1,Mohenjo-daro,Lower Indus,POT:T:g,pottery,,,Y,R/L,803-235-220-241,4
3801.1,M-1577,1,Mohenjo-daro,Lower Indus,POT:T:g,pottery,,,Y,R/L,226-031-740,3
3815.1,M-1601,1,Mohenjo-daro,Lower Indus,POT:T:g,pottery,,,Y,R/L,320-920-740,3
3820.1,M-1626,1,Mohenjo-daro,Lower Indus,POT:T:g,pottery,,,Y,L/R,151-033,2
3820.2,M-1626,1,Mohenjo-daro,Lower Indus,POT:T:g,pottery,,,Y,L/R,151-033,2
3823.1,M-1629,1,Mohenjo-daro,Lower Indus,BNGL,other,,,Y,R/L,175-090-595-032-705,5
3841.1,M-1651,1,Mohenjo-daro,Lower Indus,ROD,other,,,Y,R/L,240-838-585-740-400,5
3842.1,M-1652,1,Mohenjo-daro,Lower Indus,ROD,other,,,Y,R/L,031-645-645-031,4
3843.1,M-1654,1,Mohenjo-daro,Lower Indus,MISC,other,Bult,,Y,R/L,031-100-740,3
3844.1,M-1658,1,Mohenjo-daro,Lower Indus,MISC,other,,,Y,R/L,900-165,2
3845.1,M-182,1,Mohenjo-daro,Lower Indus,SEAL:S,seal,Bull1:S,SAN,Y,R/L,416-740,2
3848.1,M-859,1,Mohenjo-daro,Lower Indus,SEAL:S,seal,Bull1,-,Y,R/L,503-017-760-740,4
3853.1,Ns-5,1,Nausharo,Lower Indus,SEAL:S,seal,Bull1:J,HBF,Y,R/L,820-002-016-220-740-090,6
3854.1,Ns-6,1,Nausharo,Lower Indus,SEAL:S,seal,Bull1:J,SAF,Y,R/L,922-060-240-520,4
3855.1,Ns-7,1,Nausharo,Lower Indus,SEAL:S,seal,Bull1:J,SAN,Y,R/L,820-002-003-390,4
3856.1,Ns-8,1,Nausharo,Lower Indus,SEAL:S,seal,Bull1,SAN,Y,R/L,495-033-740,3
3859.1,Nd-2,1,Nindowari-damb,Iranian Plateau,SEAL:S,seal,Bull1:W,RAF,Y,R/L,255-798-400,3
3863.1,-,1,Qala'at al-Bahrain,Persian Gulf,SEAL:C,seal,Gaur,,Y,L/R,160-090-055-060-190,5
3865.1,-,1,Ra's al-Junayz,Persian Gulf,POT:T:g,pottery,,,Y,R/L,004-405,2
3868.1,Rgr-3,1,Rakhigarhi,Eastern Headwaters,TAG:W,tag,Bull1,SAN,Y,R/L,820-032-130,3
3868.2,Rgr-3,1,Rakhigarhi,Eastern Headwaters,TAG:W,tag,Bull1,SAN,Y,R/L,820-032-130,3
3869.1,Rgr-1,1,Rakhigarhi,Eastern Headwaters,SEAL:S,seal,Bull1:J,SAN,Y,R/L,920-060-741-335-760-740,6
3872.1,-,1,Rupar,Eastern Headwaters,TAG:L,tag,Bull1:J,SAN,Y,R/L,235-032-877-740,4
3872.2,-,1,Rupar,Eastern Headwaters,TAG:L,tag,Bull1:J,SAN,Y,R/L,017-585-740,3
3873.1,Rpr-1,1,Rupar,Eastern Headwaters,TAB:I,tablet,Bult,,Y,R/L,415-226-400,3
3874.1,Sh-69,1,Shortughai,Central Asia,SEAL:S,seal,Rhin,,Y,R/L,003-426,2
3875.1,Sktd-1,1,Surkotada,Gujarat/Kutch,SEAL:S,seal,Bull1,RAN,Y,R/L,820-125-390-002-004-390,6
3876.1,Sktd-2,1,Surkotada,Gujarat/Kutch,SEAL:S,seal,,,Y,R/L,740-803-390-060-740,5
3882.1,-,1,Susa,Iranian Plateau,SEAL:CY,seal,Gaur,Trough,Y,R/L,924-001-319-031-055-002-150-416,8
3884.1,-,1,Tell Umma,Mesopotamia,TAG:L,tag,Bull1,SAN,Y,R/L,127-705-002-004-390,5
3889.1,-,1,Unknown,Other,SEAL:C,seal,Gaur,Trough,Y,R/L,467-550-001-740-740,5
3890.1,-,1,Unknown,Other,SEAL:S,seal,Bull1:W,-,Y,R/L,820-060-240-231-585-740,6
3891.1,-,1,Unknown,Other,SEAL:S,seal,Bull1:J,RBF,Y,R/L,031-920-060-927-415-100-740,7
3892.1,?-3,1,Unknown,Other,SEAL:S,seal,,,Y,R/L,900-590-368-002,4
3894.1,?-5,1,Unknown,Other,TAB:B,tablet,,,Y,R/L,820-002-233-555,4
3895.1,?-6,1,Unknown,Other,TAB:B,tablet,,,Y,R/L,817-002-061-702-740,5
3895.2,?-6,1,Unknown,Other,TAB:B,tablet,,,Y,R/L,032-700,2
3896.1,-,1,Unknown,Other,SEAL:S,seal,Bull1:W,SAF,Y,R/L,820-002-235-222-740,5
3897.1,-,1,Ur,Mesopotamia,SEAL:C,seal,Gaur,-,Y,R/L,528-220-924-340-093,5
3898.1,-,1,Ur,Mesopotamia,SEAL:C,seal,Gaur,,Y,R/L,415-803-001-328-004-002,6
3900.1,-,1,Kanmer,Gujarat/Kutch,IMPL,other,Bull1,RAN,Y,R/L,031-136,2
3901.1,-,1,Kanmer,Gujarat/Kutch,IMPL,other,Bull1,RAN,Y,R/L,031-136,2
3902.1,-,1,Kanmer,Gujarat/Kutch,IMPL,other,Bull1,RAN,Y,R/L,031-136,2
3903.1,M-1734,1,Mohenjo-daro,Lower Indus,SEAL:S,seal,Bull1:W,SAN,Y,R/L,912-740,2
3905.1,M-1664,1,Mohenjo-daro,Lower Indus,SEAL:S,seal,Bull1:W,SAF,Y,R/L,920-060-500-812,4
3906.1,M-1666,1,Mohenjo-daro,Lower Indus,SEAL:S,seal,Bull1:W,SAN,Y,R/L,380-615-742-255-435-690-740,7
3907.1,M-1669,1,Mohenjo-daro,Lower Indus,SEAL:S,seal,Bull1:W,SAN,Y,L/R,740-390,2
3908.1,M-1670,1,Mohenjo-daro,Lower Indus,SEAL:S,seal,Bull1:II,SAN,Y,R/L,861-002-233-001-760-740,6
3909.1,M-1698,1,Mohenjo-daro,Lower Indus,SEAL:S,seal,Bull1:W,SAF,Y,R/L,803-861-002-705-033-482-740,7
3912.1,H-1550,1,Harappa,Inter-Riverine,POT:T:g,pottery,-,-,Y,R/L,700-031,2
3915.1,H-1021,1,Harappa,Inter-Riverine,SEAL:S,seal,Bull1:W,SAN,Y,R/L,368-572-741-235-740-090,6
3916.1,H-1022,1,Harappa,Inter-Riverine,SEAL:S,seal,Bull1:W,SAN,Y,R/L,031-501-861-368,4
3918.1,H-1024,1,Harappa,Inter-Riverine,SEAL:S,seal,Bull1:W,SAN,Y,R/L,231-388-443-740,4
3921.1,H-1036,1,Harappa,Inter-Riverine,SEAL:S,seal,Bull1,SAN,Y,R/L,700-031-153,3
3924.1,H-1046,1,Harappa,Inter-Riverine,SEAL:S,seal,Bull1:W,-,Y,R/L,590-390-151,3
3925.1,H-1048,1,Harappa,Inter-Riverine,SEAL:S,seal,Bull1:W,SAF,Y,R/L,817-002-235-840-032-740,6
3926.1,H-1049,1,Harappa,Inter-Riverine,SEAL:S,seal,Bull1:W,SAN,Y,R/L,933-002-004-405,4
3927.1,H-1075,1,Harappa,Inter-Riverine,SEAL:R,seal,,,Y,R/L,556-440-742,3
3930.1,H-1076,1,Harappa,Inter-Riverine,SEAL:R,seal,,,Y,R/L,820-002-706-611-740,5
3932.1,H-2137,1,Harappa,Inter-Riverine,TAB:I,tablet,,,Y,R/L,034-700,2
3932.2,H-2137,1,Harappa,Inter-Riverine,TAB:I,tablet,,,Y,R/L,176-100-740,3
3934.1,H-2282,1,Harappa,Inter-Riverine,POT:T:g,pottery,,,Y,R/L,032-032-034,3
3935.1,H-2283,1,Harappa,Inter-Riverine,POT:T:g,pottery,,,Y,R/L,034-034,2
3949.1,H-1126,1,Harappa,Inter-Riverine,TAB:B,tablet,,,Y,R/L,850-740,2
3949.2,H-1126,1,Harappa,Inter-Riverine,TAB:B,tablet,,,Y,R/L,850-740,2
3950.1,H-1084,1,Harappa,Inter-Riverine,POT:T:s,pottery,,,Y,R/L,032-220,2
3952.1,-,1,Dholavira,Gujarat/Kutch,TAG,tag,-,-,Y,L/R,740-220,2
3953.1,-,1,Wattoowala,Inter-Riverine,SEAL:S,seal,Goat:6,,Y,L/R,365-527,2
3959.1,H-1100,1,Harappa,Inter-Riverine,TAB:B,tablet,Bull2,SAN,Y,R/L,817-002-240-904-740,5
3959.2,H-1100,1,Harappa,Inter-Riverine,TAB:B,tablet,Bull2,SAN,Y,R/L,032-700,2
3960.1,H-1114,1,Harappa,Inter-Riverine,TAB:B,tablet,,,Y,R/L,806-235-590-405-740-400,6
3965.1,H-1104,1,Harappa,Inter-Riverine,TAB:B,tablet,Phyt,,Y,R/L,465-806-158,3
3966.1,H-1105,1,Harappa,Inter-Riverine,TAB:B,tablet,Phyt,,Y,R/L,465-806-158,3
3967.1,H-1107,1,Harappa,Inter-Riverine,TAB:B,tablet,Phyt,,Y,R/L,235-590-390-740,4
3968.2,H-1120,1,Harappa,Inter-Riverine,TAB:B,tablet,,,Y,R/L,034-700,2
3969.1,H-1124,1,Harappa,Inter-Riverine,TAB:B,tablet,,,Y,R/L,220-236-400,3
3969.2,H-1124,1,Harappa,Inter-Riverine,TAB:B,tablet,,,Y,R/L,033-700,2
3970.1,H-1130,1,Harappa,Inter-Riverine,TAB:B,tablet,,,Y,R/L,861-002-240-482-740,5
3970.2,H-1130,1,Harappa,Inter-Riverine,TAB:B,tablet,,,Y,R/L,235-220-176-740,4
3971.1,H-1131,1,Harappa,Inter-Riverine,TAB:B,tablet,,,Y,R/L,861-002-240-482-740,5
3971.2,H-1131,1,Harappa,Inter-Riverine,TAB:B,tablet,,,Y,R/L,235-220-176-740,4
3973.2,H-1134,1,Harappa,Inter-Riverine,TAB:B,tablet,,,Y,R/L,032-700,2
3975.1,H-1137,1,Harappa,Inter-Riverine,TAB:B,tablet,,,Y,R/L,692-060-240-603-740,5
3976.1,H-1140,1,Harappa,Inter-Riverine,TAB:B,tablet,,,Y,R/L,817-368-690,3
3976.2,H-1140,1,Harappa,Inter-Riverine,TAB:B,tablet,,,Y,R/L,679-840-032-740,4
3978.1,H-1148,1,Harappa,Inter-Riverine,TAB:B,tablet,,,Y,R/L,352-615,2
3979.1,H-1149,1,Harappa,Inter-Riverine,TAB:B,tablet,,,Y,R/L,790-740-400,3
3982.2,H-1153,1,Harappa,Inter-Riverine,TAB:B,tablet,Bult,,Y,R/L,032-700,2
3984.1,M-1727,1,Mohenjo-daro,Lower Indus,SEAL:S,seal,Bull1:W,SAN,Y,R/L,240-503-070-520,4
3985.1,M-1736,1,Mohenjo-daro,Lower Indus,SEAL:S,seal,Bull1:S,SAN,Y,R/L,903-903-741-240-235-705-033-520,8
3987.1,M-1773,1,Mohenjo-daro,Lower Indus,SEAL:S,seal,Bull1,SAN,Y,R/L,510-460-752-740,4
3988.1,M-1782,1,Mohenjo-daro,Lower Indus,SEAL:S,seal,Bull1,SAN,Y,R/L,384-740,2
3990.1,M-1806,1,Mohenjo-daro,Lower Indus,SEAL:S,seal,Bull1:S,SAN,Y,R/L,820-002-003-390,4
3991.1,M-1823,1,Mohenjo-daro,Lower Indus,SEAL:S,seal,Bull1:S,RAN,Y,R/L,376-031-002-004-390,5
3992.1,M-1825,1,Mohenjo-daro,Lower Indus,SEAL:S,seal,Bull1,S,Y,R/L,705-390-002-031-157,5
3993.1,M-1835,1,Mohenjo-daro,Lower Indus,SEAL:S,seal,Bull1:O,SAN,Y,R/L,032-390-001-004-900-154,6
3995.1,M-1843,1,Mohenjo-daro,Lower Indus,SEAL:S,seal,Bull1:I,SAF,Y,R/L,315-063-220-820-001-220-520,7
3996.1,M-1852,1,Mohenjo-daro,Lower Indus,SEAL:S,seal,Bull1,SAN,Y,R/L,005-900-740,3
3997.1,M-1856,1,Mohenjo-daro,Lower Indus,SEAL:S,seal,Bull1,-,Y,R/L,061-740,2
4001.1,M-1894,1,Mohenjo-daro,Lower Indus,SEAL:S,seal,Zebu,,Y,R/L,031-368-413-002-233-440-740,7
4002.1,M-1909,1,Mohenjo-daro,Lower Indus,SEAL:S,seal,Rhin,,Y,R/L,455-590-002-005-368,5
4004.1,M-1930,1,Mohenjo-daro,Lower Indus,SEAL:S,seal,,,Y,R/L,922-455,2
4004.2,M-1930,1,Mohenjo-daro,Lower Indus,SEAL:S,seal,,,Y,R/L,804-400,2
4005.1,M-1958,1,Mohenjo-daro,Lower Indus,SEAL:R,seal,,,Y,R/L,235-706-033-850-903-740,6
4007.1,M-1962,1,Mohenjo-daro,Lower Indus,SEAL:R,seal,,,Y,R/L,468-806-155,3
4010.1,M-1973,1,Mohenjo-daro,Lower Indus,SEAL:R,seal,,,Y,R/L,861-002-550-233-017-575-740,7
4011.1,M-1979,1,Mohenjo-daro,Lower Indus,SEAL:R,seal,,,Y,R/L,820-013-923-740,4
4014.1,M-2000,1,Mohenjo-daro,Lower Indus,POT:T:s,pottery,Bull1,-,Y,R/L,956-005-790,3
4015.1,M-2012,1,Mohenjo-daro,Lower Indus,TAB:B,tablet,Bull1,SAN,Y,R/L,570-002-005-900-740,5
4016.1,M-2021,1,Mohenjo-daro,Lower Indus,TAB:B,tablet,Mult,,Y,R/L,927-740-031-095,4
4016.2,M-2021,1,Mohenjo-daro,Lower Indus,TAB:B,tablet,Mult,,Y,R/L,927-740,2
4020.1,M-2030,1,Mohenjo-daro,Lower Indus,TAB:B,tablet,-,,Y,R/L,240-803-585-740,4
4020.2,M-2030,1,Mohenjo-daro,Lower Indus,TAB:B,tablet,-,,Y,R/L,090-942-066-455,4
4022.1,M-2033,1,Mohenjo-daro,Lower Indus,TAB:B,tablet,Scene,,Y,R/L,922-455-861-140-136,5
4023.1,M-2042,1,Mohenjo-daro,Lower Indus,TAB:C,tablet,Elep,-,Y,R/L,706-033-923-740,4
4025.1,M-2046,1,Mohenjo-daro,Lower Indus,TAB:C,tablet,Gaur,Trough,Y,R/L,503-615-752-740,4
4029.1,M-2050,1,Mohenjo-daro,Lower Indus,TAB:C,tablet,Anth,,Y,R/L,806-845-061-407-850-900-740,7
4030.1,M-2055,1,Mohenjo-daro,Lower Indus,TAB:C,tablet,,,Y,R/L,831-590-125-407-002,5
4031.1,H-1178,1,Harappa,Inter-Riverine,TAB:I,tablet,,,Y,R/L,240-636-740-400,4
4031.2,H-1178,1,Harappa,Inter-Riverine,TAB:I,tablet,,,Y,R/L,125-700,2
4032.1,M-2080,1,Mohenjo-daro,Lower Indus,BNGL,other,,,Y,R/L,705-840,2
4033.1,M-2086,1,Mohenjo-daro,Lower Indus,ROD,other,,,Y,R/L,838-482-740,3
4036.1,M-2097,1,Mohenjo-daro,Lower Indus,ROD,other,,,Y,R/L,176-740-400,3
4039.1,M-2101,1,Mohenjo-daro,Lower Indus,ROD,other,,,Y,R/L,828-066-723,3
4040.1,M-2102,1,Mohenjo-daro,Lower Indus,ROD,other,,,Y,R/L,838-482-740,3
4047.1,M-2128,1,Mohenjo-daro,Lower Indus,IMPL,other,,,Y,R/L,905-002-705-041,4
4052.1,H-897,1,Harappa,Inter-Riverine,TAB:I,tablet,,,Y,R/L,255-435-156-400,4
4052.2,H-897,1,Harappa,Inter-Riverine,TAB:I,tablet,,,Y,R/L,590-706-868,3
4056.1,H-1191,1,Harappa,Inter-Riverine,TAB:I,tablet,,,Y,R/L,416-220-760-740-400,5
4056.2,H-1191,1,Harappa,Inter-Riverine,TAB:I,tablet,,,Y,R/L,004-700-220,3
4059.1,H-1198,1,Harappa,Inter-Riverine,TAB:I,tablet,,,Y,R/L,820-031-001-061-740,5
4059.2,H-1198,1,Harappa,Inter-Riverine,TAB:I,tablet,,,Y,R/L,033-700,2
4066.2,H-1270,1,Harappa,Inter-Riverine,TAB:I,tablet,,,Y,R/L,033-700,2
4068.1,H-1281,1,Harappa,Inter-Riverine,TAB:I,tablet,,,Y,R/L,032-700,2
4069.1,H-1284,1,Harappa,Inter-Riverine,TAB:I,tablet,,,Y,L/R,520-220-415,3
4069.2,H-1284,1,Harappa,Inter-Riverine,TAB:I,tablet,,,Y,L/R,700-034,2
4072.1,H-1320,1,Harappa,Inter-Riverine,TAB:I,tablet,,,Y,R/L,678-400,2
4072.2,H-1320,1,Harappa,Inter-Riverine,TAB:I,tablet,,,Y,R/L,032-700,2
4073.1,H-1302,1,Harappa,Inter-Riverine,TAB:I,tablet,,,Y,L/R,400-740-176,3
4073.2,H-1302,1,Harappa,Inter-Riverine,TAB:I,tablet,,,Y,R/L,033-700,2
4074.2,H-1295,1,Harappa,Inter-Riverine,TAB:I,tablet,,,Y,R/L,033-700,2
4077.1,H-1303,1,Harappa,Inter-Riverine,TAB:I,tablet,,,Y,L/R,400-740-176,3
4077.2,H-1303,1,Harappa,Inter-Riverine,TAB:I,tablet,,,Y,R/L,033-700,2
4081.2,H-1313,1,Harappa,Inter-Riverine,TAB:I,tablet,,,Y,R/L,032-700,2
4082.1,H-1332,1,Harappa,Inter-Riverine,TAB:I,tablet,,,Y,R/L,098-400,2
4084.1,H-1342,1,Harappa,Inter-Riverine,TAB:I,tablet,Gavi+Bult,,Y,R/L,220-740-090,3
4085.1,H-1344,1,Harappa,Inter-Riverine,TAB:I,tablet,Bult,,Y,R/L,176-740-400,3
4085.2,H-1344,1,Harappa,Inter-Riverine,TAB:I,tablet,Bult,,Y,R/L,033-700,2
4086.1,H-1345,1,Harappa,Inter-Riverine,TAB:I,tablet,Bult,,Y,R/L,176-740-400,3
4086.2,H-1345,1,Harappa,Inter-Riverine,TAB:I,tablet,Bult,,Y,R/L,033-700,2
4087.1,H-1346,1,Harappa,Inter-Riverine,TAB:I,tablet,Bult,,Y,R/L,176-740-400,3
4087.2,H-1346,1,Harappa,Inter-Riverine,TAB:I,tablet,Bult,,Y,R/L,033-700,2
4088.1,H-1347,1,Harappa,Inter-Riverine,TAB:I,tablet,Bult,,Y,R/L,176-740-400,3
4088.2,H-1347,1,Harappa,Inter-Riverine,TAB:I,tablet,Bult,,Y,R/L,033-700,2
4089.2,H-1348,1,Harappa,Inter-Riverine,TAB:I,tablet,Bult,,Y,R/L,033-700,2
4090.1,H-1350,1,Harappa,Inter-Riverine,TAB:I,tablet,Bult,,Y,R/L,032-226,2
4097.1,H-1367,1,Harappa,Inter-Riverine,POT:T:g,pottery,-,,Y,R/L,031-003-480,3
4124.1,H-1459,1,Harappa,Inter-Riverine,POT:T:g,pottery,,,Y,R/L,033-482,2
4138.1,H-1511,1,Harappa,Inter-Riverine,TAB:I,tablet,,,Y,R/L,530-413,2
4139.1,H-1512,1,Harappa,Inter-Riverine,TAB:I,tablet,,,Y,R/L,554-740,2
4149.1,-,1,Dholavira,Gujarat/Kutch,SEAL:S,seal,Bull1:S,SAN,Y,R/L,033-033-520,3
4153.1,-,1,Rakhigarhi,Eastern Headwaters,SEAL:S,seal,Rhin,,Y,R/L,073-520,2
4155.1,-,1,Gonur Depe,Central Asia,SEAL:S,seal,Elep,,Y,R/L,285-002-235-220-125-590-390-740,8
4159.1,-,1,Dholavira,Gujarat/Kutch,SEAL:S,seal,Bull1:J,SAN,Y,R/L,920-060-741-005-368,5
4161.1,-,1,Dholavira,Gujarat/Kutch,SEAL:R,seal,,,Y,R/L,176-740-013-004-064,5
4162.1,-,1,Dholavira,Gujarat/Kutch,SEAL:S,seal,Bull1,RAN,Y,R/L,233-001-760-740,4
4164.1,-,1,Dholavira,Gujarat/Kutch,SEAL:R,seal,,,Y,L/R,423-003-001-423-002-031-104,7
4165.1,-,1,Dholavira,Gujarat/Kutch,SEAL:S,seal,Bull1:V,SAN,Y,R/L,416-840-740,3
4166.1,-,1,Dholavira,Gujarat/Kutch,TAB:I,tablet,,,Y,R/L,421-003-440-776,4
4167.1,-,1,Dholavira,Gujarat/Kutch,SEAL:R,seal,,,Y,R/L,706-033-520,3
4172.1,-,1,Dholavira,Gujarat/Kutch,SEAL:S,seal,Bull1:W,SA?,Y,R/L,160-090,2
4173.1,-,1,Salut,Persian Gulf,SEAL:S,seal,Gaur,Trough,Y,R/L,595-278-002-004-392,5
4175.1,-,1,Dholavira,Gujarat/Kutch,SEAL:S,seal,Bull1:W,SAN,Y,R/L,920-060-741-142-156,5
4181.1,-,1,Dholavira,Gujarat/Kutch,SEAL:S,seal,Bull1:W,HAN,Y,R/L,130-817,2
4182.1,-,1,Dholavira,Gujarat/Kutch,SEAL:S,seal,Bull1,-,Y,R/L,904-530-705-002-231-590-390-740,8
4183.1,-,1,Dholavira,Gujarat/Kutch,SEAL:S,seal,Bull1,RAF,Y,R/L,175-742-233-798-740,5
4184.1,-,1,Dholavira,Gujarat/Kutch,SEAL:S,seal,Bull1,-,Y,R/L,803-840-032-740,4
4187.1,-,1,Dholavira,Gujarat/Kutch,SEAL:S,seal,,,Y,R/L,850-231,2
4190.1,-,1,Dholavira,Gujarat/Kutch,SEAL:R,seal,,,Y,L/R,005-408,2
4194.1,-,1,Dholavira,Gujarat/Kutch,SEAL:R,seal,,,Y,R/L,806-455-220-013-472-806-154,7
4195.1,-,1,Dholavira,Gujarat/Kutch,SEAL:S,seal,Bull1:V,HAN,Y,R/L,861-002-590-390-820,5
4196.1,-,1,Dholavira,Gujarat/Kutch,SEAL:S,seal,Bull1:J,SAN,Y,R/L,550-365-002-391,4
4198.1,-,1,Dholavira,Gujarat/Kutch,SEAL:S,seal,Bull1:V,SAN,Y,R/L,690-060-452-550-390,5
4201.1,-,1,Dholavira,Gujarat/Kutch,SEAL:R,seal,,,Y,R/L,547-013-140-832,4
4203.1,-,1,Dholavira,Gujarat/Kutch,SEAL:S,seal,Bull1:I,RAF,Y,R/L,513-463,2
4203.1,-,2,Dholavira,Gujarat/Kutch,SEAL:S,seal,Bull1:I,RAF,Y,R/L,575-463-002-017-390,5
4208.1,-,1,Dholavira,Gujarat/Kutch,SEAL:S,seal,Gaur,Trough,Y,R/L,003-900-703-741-001-176-740,7
4209.1,-,1,Dholavira,Gujarat/Kutch,SEAL:S,seal,Gaur,Trough,Y,R/L,279-629-002-384-740,5
4211.1,-,1,Dholavira,Gujarat/Kutch,SEAL,seal,-,-,Y,R/L,817-002-235-100-740,5
4220.1,-,1,Dholavira,Gujarat/Kutch,SEAL:S,seal,Bull1,RAN,Y,R/L,861-742-520,3
4221.1,-,1,Dholavira,Gujarat/Kutch,SEAL:S,seal,Bull1:U,SAN,Y,R/L,590-740-741-234-760-740,6
4223.1,-,1,Dholavira,Gujarat/Kutch,SEAL:S,seal,Elep,-,Y,R/L,151-031,2
4224.1,-,1,Dholavira,Gujarat/Kutch,SEAL:S,seal,Bull1,SAN,Y,R/L,220-235-740,3
4225.1,-,1,Dholavira,Gujarat/Kutch,SEAL:S,seal,Bull1:S,SAN,Y,R/L,019-156,2
4226.1,-,1,Dholavira,Gujarat/Kutch,SEAL:S,seal,Bull1,SAN,Y,R/L,920-740-400,3
4227.1,-,1,Dholavira,Gujarat/Kutch,SEAL:S,seal,Bull1,SAN,Y,R/L,824-368-098-630-740,5
4229.1,-,1,Dholavira,Gujarat/Kutch,SEAL:S,seal,Bull1:V,SAN,Y,R/L,060-820-001-240-463-220-590-390-740,9
4232.1,-,1,Dholavira,Gujarat/Kutch,SEAL:S,seal,Bull1:J,SAN,Y,R/L,235-520,2
4236.1,-,1,Dholavira,Gujarat/Kutch,SEAL:S,seal,Bull1:S,SAN,Y,R/L,255-220-175-760-740,5
4237.1,-,1,Dholavira,Gujarat/Kutch,SEAL:S,seal,Bull1:I,RB,Y,R/L,705-390-002-388-032-151,6
4239.1,-,1,Dholavira,Gujarat/Kutch,SEAL:S,seal,Bull1:I,SAN,Y,R/L,132-374-741-095-090,5
4240.1,-,1,Dholavira,Gujarat/Kutch,SEAL:S,seal,Bull1:I,SAN,Y,R/L,142-151,2
4242.1,-,1,Dholavira,Gujarat/Kutch,TAB:I,tablet,,,Y,R/L,408-004,2
4244.1,-,1,Dholavira,Gujarat/Kutch,MISC,other,-,-,Y,R/L,457-002-235-233-705-033,6
4244.2,-,1,Dholavira,Gujarat/Kutch,MISC,other,-,-,Y,R/L,776-233,2
4250.1,-,1,Dholavira,Gujarat/Kutch,SEAL:S,seal,-,-,Y,R/L,892-798-741-564-803-090-520,7
4254.1,-,1,Dholavira,Gujarat/Kutch,SEAL:R,seal,,,Y,L/R,561-092-625-900,4
4258.1,-,1,Dholavira,Gujarat/Kutch,TAB:I,tablet,,,Y,R/L,033-892,2
4260.1,-,1,Dholavira,Gujarat/Kutch,SEAL:R,seal,,,Y,R/L,861-002-016-390,4
4269.1,-,1,Dholavira,Gujarat/Kutch,SEAL:R,seal,,,Y,R/L,003-422,2
4272.1,-,1,Dholavira,Gujarat/Kutch,SEAL:R,seal,,,Y,R/L,861-002-016-405,4
4274.1,-,1,Dholavira,Gujarat/Kutch,SEAL:R,seal,,,Y,R/L,176-740-001-832,4
4277.1,-,1,Dholavira,Gujarat/Kutch,SEAL:R,seal,,,Y,R/L,003-002-900-067-740,5
4284.1,-,1,Dholavira,Gujarat/Kutch,SEAL:R,seal,,,Y,R/L,746-001-790-407-590,5
4286.1,-,1,Dholavira,Gujarat/Kutch,TAB:I,tablet,,,Y,R/L,032-220-153,3
4287.1,-,1,Dholavira,Gujarat/Kutch,SEAL:S,seal,-,-,Y,R/L,550-060-061-706-798-740,6
4290.1,-,1,Rajanpur,Inter-Riverine,TAB:B,tablet,Maze,,Y,R/L,255-436-690-740-400,5
4290.2,-,1,Rajanpur,Inter-Riverine,TAB:B,tablet,Maze,,Y,R/L,033-700,2
4301.1,-,1,Dholavira,Gujarat/Kutch,TAG,tag,-,-,Y,R/L,033-136,2
4302.1,-,1,Dholavira,Gujarat/Kutch,TAB:B,tablet,Scene,,Y,R/L,630-900-002-519-740,5
4580.1,H-1155,1,Harappa,Inter-Riverine,TAB:B,tablet,Bull1:I,,Y,R/L,501-405-002-240-520,5
4597.1,H-1101,1,Harappa,Inter-Riverine,TAB:B,tablet,Mult,,Y,R/L,090-400,2
4676.1,H-1087,1,Harappa,Inter-Riverine,POT:T:s,pottery,,,Y,R/L,033-066,2
4894.1,Ns-56,1,Nausharo,Lower Indus,SEAL:S,seal,Bull1:I,,Y,R/L,250-003-111,3
4935.1,H-1141,1,Harappa,Inter-Riverine,TAB:B,tablet,Fish,,Y,R/L,817-368-690,3
4935.2,H-1141,1,Harappa,Inter-Riverine,TAB:B,tablet,Fish,,Y,R/L,679-840-032-740,4
5215.1,-,1,Gola Dhoro (Bagasra),Gujarat/Kutch,SEAL:S,seal,Bull1:L,SAN,Y,R/L,005-155,2
5216.1,-,1,Gola Dhoro (Bagasra),Gujarat/Kutch,SEAL:S,seal,Bull1:S,SAN,Y,R/L,033-820-240-415-100-740-090,7
5218.1,-,1,Gola Dhoro (Bagasra),Gujarat/Kutch,SEAL:S,seal,Bull1:I,SAN,Y,R/L,032-632-368-297-060-240-495-070-520,9
5219.1,-,1,Gola Dhoro (Bagasra),Gujarat/Kutch,SEAL:S,seal,Bull1:I,SAN,Y,R/L,322-900-741-125-352-292,6
5220.1,-,1,Bhirrana,Eastern Headwaters,SEAL:S,seal,Bull1:II,,Y,R/L,510-463-520,3
5227.1,-,1,Karzakan,Persian Gulf,SEAL:C,seal,Gaur,,Y,R/L,091-031-455-220,4
5228.1,-,1,Karzakan,Persian Gulf,SEAL:C,seal,Gaur,,Y,R/L,091-032-001-033,4
5229.1,-,1,Saar,Persian Gulf,SEAL:C,seal,,,Y,R/L,055-220-091-001-093-031,6
5232.1,-,1,Janabiyah,Persian Gulf,SEAL:C,seal,Gaur,,Y,L/R,055-099-121-055-831-031-071,7
5234.1,-,1,Lakhanjo-daro,Lower Indus,SEAL:S,seal,Bull1:S,RAN,Y,R/L,061-740,2
5235.1,-,1,Lakhanjo-daro,Lower Indus,SEAL:S,seal,Bull1:S,SAN,Y,R/L,281-002-029-032-740,5
5236.1,-,1,Lakhanjo-daro,Lower Indus,SEAL:S,seal,Bull1:W,S,Y,R/L,146-060-590-405-740,5
5244.1,-,1,Lakhanjo-daro,Lower Indus,TAG,tag,Bull1,?,Y,R/L,706-740,2
5245.1,-,1,Lakhanjo-daro,Lower Indus,TAG,tag,Bull1,SAN,Y,R/L,706-740,2
5252.1,-,1,Nuhato,Lower Indus,SEAL:R,seal,-,-,Y,R/L,803-900-740,3
5271.1,C-91,1,Chanhu-daro,Lower Indus,POT:T:p,pottery,,,Y,R/L,177-740,2
5272.1,C-94,1,Chanhu-daro,Lower Indus,MISC,other,,,Y,R/L,503-463-740,3
5273.1,K-145,1,Kalibangan,Inter-Riverine,SEAL:S,seal,Bull1:J,SAF,Y,R/L,820-002-032-220-231-585-740,7
5277.1,K-150,1,Kalibangan,Inter-Riverine,SEAL:S,seal,Gaur,,Y,R/L,006-220-520,3
5280.1,K-153,1,Kalibangan,Inter-Riverine,SEAL:S,seal,,,Y,R/L,061-151,2
5281.1,K-156,1,Kalibangan,Inter-Riverine,TAG,tag,Bull1,-,Y,R/L,091-056-002-417-890-892,6
5284.1,K-158,1,Kalibangan,Inter-Riverine,TAB:C,tablet,,,Y,R/L,798-740,2
5316.1,K-392,1,Kalibangan,Inter-Riverine,POT:T:g,pottery,-,-,Y,R/L,017-390,2
5341.1,K-427,1,Kalibangan,Inter-Riverine,POT:T:g,pottery,,,Y,R/L,817-031,2
5353.1,Ns-46,1,Nausharo,Lower Indus,SEAL,seal,Bull1,,Y,L/R,390-790,2
5355.1,Ns-53,1,Nausharo,Lower Indus,SEAL:S,seal,Bull1:I,HAN,Y,R/L,692-060-391-111-861,5
5356.1,Ns-54,1,Nausharo,Lower Indus,SEAL:S,seal,Bull1:J,RAF,Y,R/L,817-002-222-740,4
5357.1,Ns-55,1,Nausharo,Lower Indus,SEAL:S,seal,Bull1:J,RBN,Y,R/L,880-002-554-526,4
5358.1,Ns-57,1,Nausharo,Lower Indus,SEAL:S,seal,Bull1:I,HBF,Y,R/L,820-002-606-111-861,5
5359.1,Ns-58,1,Nausharo,Lower Indus,SEAL:S,seal,Gaur,Trough,Y,R/L,032-760-740,3
5360.1,Ns-59,1,Nausharo,Lower Indus,SEAL:S,seal,Zebu,,Y,R/L,920-060-742-220-520,5
5361.1,Ns-60,1,Nausharo,Lower Indus,SEAL:R,seal,,,Y,R/L,413-125-350-297-002-798-236-176-740-063-407,11
5364.1,Ns-63,1,Nausharo,Lower Indus,POT:T:g,pottery,,,Y,L/R,795-400-740,3
5369.1,Ns-68,1,Nausharo,Lower Indus,POT:T:g,pottery,-,-,Y,R/L,861-740,2
5383.1,Ns-86,1,Nausharo,Lower Indus,POT:T:g,pottery,-,-,Y,R/L,794-741,2
5384.1,Ns-87,1,Nausharo,Lower Indus,SEAL:S,seal,Bull1,SAN,Y,R/L,840-257-741-001-950-031-384-740,8
5388.1,L-127,1,Lothal,Gujarat/Kutch,TAG:L,tag,Bull1,-,Y,R/L,705-500-741-001-055-220-740-090,8
5389.1,H-2585,1,Harappa,Inter-Riverine,TAB:I,tablet,,,Y,R/L,032-740-400,3
5396.1,-,1,Harappa,Inter-Riverine,TAB:B,tablet,Mult,,Y,R/L,137-400,2
5421.1,-,1,Kanmer,Gujarat/Kutch,SEAL:S,seal,Ass,-,Y,R/L,031-520,2
5428.1,-,1,Unknown,Other,SEAL:S,seal,Bull1:J,RBF,Y,R/L,142-400-151,3
5441.1,-,1,Banawali,Eastern Headwaters,SEAL:S,seal,Scene,,Y,R/L,001-520,2
5442.1,MQ-11,1,Miri Qalat,Iranian Plateau,SEAL:S,seal,Bull1:I,S740,Y,L/R,740-742,2
5444.1,MQ-12,1,Miri Qalat,Iranian Plateau,SEAL:S,seal,Bull3,,Y,L/R,520-013,2
5451.1,-,1,Shikarpur,Gujarat/Kutch,SEAL:S,seal,Rhin,-,Y,L/R,335-220-098-921-861,5
5453.1,-,1,Karanpura,Inter-Riverine,SEAL:S,seal,Bull1:W,Pipal,Y,R/L,820-415,2
5455.1,-,1,Khirsara,Gujarat/Kutch,SEAL:S,seal,Bull1:W,SAN,Y,R/L,820-013-016-390,4
5456.1,-,1,Tarkhanewala-dera,Inter-Riverine,TAG,tag,Bull1,SAN,Y,R/L,032-220-235-520,4
5462.1,H-775,1,Harappa,Inter-Riverine,TAB:B,tablet,,,Y,R/L,472-806-158-400,4
5465.1,-,1,Unknown,Other,SEAL:S,seal,Gaur,Trough,Y,R/L,370-031-741-840-390,5
5470.1,H-1304,1,Harappa,Inter-Riverine,TAB:I,tablet,,,Y,R/L,176-740-400,3
5470.2,H-1304,1,Harappa,Inter-Riverine,TAB:I,tablet,,,Y,R/L,033-700,2
5495.1,K-475,1,Kalibangan,Inter-Riverine,MISC,other,,,Y,R/L,013-840-740,3
5523.1,M-1599,1,Mohenjo-daro,Lower Indus,POT:T:g,pottery,,,Y,L/R,480-002-215,3
5527.1,M-1999,1,Mohenjo-daro,Lower Indus,POT:T:s,pottery,,,Y,L/R,740-424,2
5542.1,-,1,Bala-kot,Lower Indus,POT:T:p,pottery,-,-,Y,R/L,033-820,2
5553.1,-,1,Shikarpur,Gujarat/Kutch,POT:T:g,pottery,,,Y,R/L,861-392,2
5571.1,-,1,Dholavira,Gujarat/Kutch,SEAL:R,seal,,,Y,R/L,817-013-104-820-031,5
5572.1,-,1,Unknown,Other,SEAL:S,seal,Bull:i:J,RBF,Y,R/L,741-298-002-136,4
5573.1,-,1,Unknown,Other,SEAL:S,seal,Bull:i:S,SAN,Y,R/L,368-572-741-033-033-520,6
5575.1,-,1,Unknown,Other,SEAL:S,seal,Bull:i:J,HBF,Y,R/L,861-002-136,3
5576.1,-,1,Unknown,Other,SEAL:S,seal,Tigr,Trough,Y,R/L,824-002-104-415-368,5
5586.1,-,1,Unknown,Other,SEAL:R,seal,,,Y,R/L,171-035-130-060-017-154-740,7
5587.1,-,1,Mohenjo-daro,Lower Indus,TAB:C,tablet,Buff,Trough,Y,R/L,231-017-585-095-520-032-407,7
